,token,date,daily_popularity_pop
0,bitcoin,2019-07-21,2126.433
1,crypto,2019-07-21,1362.5
2,cash,2019-07-21,147.3
3,futures,2019-07-21,108.5
4,businesses,2019-07-21,57.5
5,bitcoin bitcoin,2019-07-21,54.367
6,cryptocurrency,2019-07-21,1989.467
7,time,2019-07-21,886.633
8,amp,2019-07-21,526.833
9,https,2019-07-21,1660.833
10,com,2019-07-21,1567.233
11,www,2019-07-21,1441.633
15,blockchain,2019-07-21,775.4
16,ll,2019-07-21,388.6
17,community,2019-07-21,279.8
23,support,2019-07-21,152.467
26,https www,2019-07-21,1412.3
37,market,2019-07-21,593.0
38,people,2019-07-21,539.7
42,reddit,2019-07-21,1096.5
48,read,2019-07-21,1024.867
53,libra,2019-07-21,500.767
59,coins,2019-07-21,368.267
62,hope,2019-07-21,33.9
66,btc,2019-07-21,757.367
67,btc nan,2019-07-21,6.367
71,banks,2019-07-21,79.767
75,point,2019-07-21,266.0
78,july,2019-07-21,573.1
79,user,2019-07-21,102.2
96,use,2019-07-21,509.333
100,exchange,2019-07-21,256.5
101,wallet,2019-07-21,253.633
108,network,2019-07-21,444.067
113,ethereum,2019-07-21,395.433
114,need,2019-07-21,395.967
117,finance,2019-07-21,240.133
119,know nan,2019-07-21,2.3
125,trading,2019-07-21,355.0
126,coin,2019-07-21,388.633
136,thanks,2019-07-21,109.467
146,options,2019-07-21,17.033
150,price,2019-07-21,337.267
156,year,2019-07-21,327.2
157,want,2019-07-21,197.133
162,vs,2019-07-21,298.567
183,click,2019-07-21,12.233
192,binance,2019-07-21,248.3
195,account,2019-07-21,200.033
197,pick,2019-07-21,10.3
204,lot,2019-07-21,228.633
210,post,2019-07-21,224.567
228,bank,2019-07-21,159.167
234,security,2019-07-21,154.4
238,currency,2019-07-21,153.667
239,payments,2019-07-21,92.867
256,things,2019-07-21,147.267
262,version,2019-07-21,141.367
268,questions,2019-07-21,132.733
274,speculation,2019-07-21,129.167
288,bakkt,2019-07-21,5.133
289,bitcoin futures,2019-07-21,5.133
