,index,high,low,open,volumefrom,close,SearchFrequency,amd_open,nvda_open,retail_sales,gspc_open,nya_open,gold,day_of_month,weekday,symbol
0,597,0.3393,0.2811,0.298,60891572.770777084,0.2873,17.155580357142316,80.40350567613073,127.49095271314488,557780.4714285536,3893.7150694709617,15460.465895080068,1711.2552371978218,8.656249999999718,3.073437499999902,MATIC
1,598,0.5383,0.2801,0.2873,57618109.695165575,0.4106,17.048660714285173,80.26076890911119,127.51181601455828,557538.848214268,3899.883248737756,15498.256172833631,1714.453900664139,9.2749999999997,2.926562499999907,MATIC
2,599,0.5165,0.3968,0.4106,58621284.507015996,0.4141,16.893749999999464,80.19516831295579,127.47621586322377,557406.0642856965,3906.397452872016,15534.328920200398,1718.9814946855274,10.237499999999672,2.795312499999911,MATIC
3,600,0.4691,0.4104,0.4141,57671397.743399955,0.4251,16.610937499999476,80.01022621903846,127.41435797895295,557393.0035714109,3910.010934502613,15557.348521422846,1722.608841487285,11.57499999999963,2.710937499999913,MATIC
4,601,0.438,0.3759,0.4251,55629064.84384198,0.3801,16.32031249999948,79.92900077955808,127.5324445009191,557510.5499999824,3913.959109006484,15569.259964860692,1724.9807188850943,13.318749999999573,2.999999999999905,MATIC
5,602,0.4308,0.3787,0.3801,55026446.635049574,0.3915,15.965178571428066,79.90848730291384,127.78139151845252,557769.5874999822,3918.232078116155,15580.571343121712,1727.4792463847018,15.499999999999506,3.289062499999895,MATIC
6,603,0.3957,0.3449,0.3915,54897706.68678619,0.3732,15.588839285713785,79.9214002847646,128.11234960555623,558180.9999999823,3922.1782355716005,15585.847189548542,1731.2204542431962,16.49999999999947,3.204687499999898,MATIC
7,604,0.4261,0.3718,0.3732,52884487.31189117,0.4011,15.192410714285229,79.92333964790363,128.41700553553034,558180.9999999823,3928.4140167235073,15604.965124947188,1732.0483339036662,18.807812499999397,3.073437499999902,MATIC
8,605,0.4372,0.385,0.4011,49482204.5895654,0.3895,14.777008928570956,79.84578600440452,128.61282260758128,557655.3437499823,3931.6714263914764,15613.45735299197,1732.8194064820966,20.631249999999344,2.926562499999907,MATIC
9,606,0.4231,0.3759,0.3895,46199502.24931103,0.4097,14.34374999999954,79.6573955076056,128.7001285280459,557324.3749999823,3933.2090290613296,15617.216901288215,1732.5255242210928,22.004910714285018,2.795312499999911,MATIC
10,607,0.4203,0.3828,0.4097,42958761.9940232,0.3832,13.72499999999956,79.454859736985,128.783136160029,557174.1874999823,3933.233430971293,15604.78003300208,1731.197243690436,22.963392857142125,2.710937499999913,MATIC
11,608,0.4007,0.364,0.3832,38288997.22356128,0.3799,13.153124999999578,79.22985063961323,128.893998152865,557190.8749999823,3935.5225411550077,15602.609511674655,1730.2946090697692,23.5412946428564,2.999999999999905,MATIC
12,609,0.3839,0.3228,0.3799,31856104.68772666,0.3465,12.86049107142816,79.04150884151207,129.00328895364078,557360.5312499823,3935.9855339049036,15592.828051103364,1729.2390722001753,23.773214285713532,3.289062499999895,MATIC
13,610,0.365,0.3266,0.3465,24740162.095813945,0.3303,12.679464285713882,78.85041251352604,129.22184818812372,557669.2499999823,3936.8421364919222,15581.383317783402,1727.2803682326721,23.693749999999255,3.204687499999898,MATIC
14,611,0.378,0.305,0.3303,20429852.13212658,0.3229,12.611160714285313,78.49839008535406,129.11822074140412,558103.1249999822,3937.544004821652,15571.829344394735,1724.4996291841228,23.337499999999267,3.073437499999902,MATIC
15,612,0.3372,0.2985,0.3229,16937029.44844811,0.3004,12.656696428571026,78.3506887963815,129.45771473816052,558648.2499999822,3940.5310231343783,15562.833859252438,1722.2171920775813,22.73906249999928,2.926562499999907,MATIC
16,613,0.3465,0.3002,0.3004,17718618.790874425,0.3364,12.81718749999959,78.256449929303,129.9350990550817,559290.7187499822,3944.429544285239,15558.628060476622,1721.2367640358507,21.933035714285015,2.795312499999911,MATIC
17,614,0.3567,0.3312,0.3364,19620423.39728955,0.3319,13.220312499999578,78.20330936908474,130.35604750598765,560016.6249999822,3950.2271423338593,15564.107022094233,1719.874240711702,20.954017857142194,2.710937499999913,MATIC
18,615,0.3553,0.3283,0.3319,20117741.542137753,0.3465,13.693749999999563,78.30320902721976,130.95712148802207,560812.0624999822,3958.4081874846156,15577.564786420053,1719.312475722122,19.83660714285651,2.999999999999905,MATIC
19,616,0.4246,0.337,0.3465,18318932.223262805,0.3846,14.006249999999556,78.56484083618187,131.2337800843333,561663.1249999822,3967.764502334469,15595.007053483734,1719.2604209354397,18.615401785713697,3.289062499999895,MATIC
20,617,0.3884,0.3605,0.3846,17959549.784678,0.3716,14.326562499999543,78.84100621597858,131.54856053930953,562555.9062499821,3977.9205465043024,15618.02180786083,1718.9843709400172,17.32499999999945,3.204687499999898,MATIC
21,618,0.3823,0.3375,0.3716,17626818.538088724,0.3607,14.654687499999532,79.23090814181484,132.37650096926947,563476.4999999821,3991.2129286628533,15647.39990147132,1719.1287512914923,15.999999999999488,3.073437499999902,MATIC
22,619,0.3782,0.3525,0.3607,18579658.83371815,0.3633,14.990624999999524,79.452102208135,133.15510799884376,564410.9999999821,4003.190827342315,15671.393769835928,1718.3945134571072,14.674999999999532,2.926562499999907,MATIC
23,620,0.3949,0.3571,0.3633,19059564.021713678,0.3835,15.334374999999515,79.76774288245356,134.48940781524772,565345.4999999821,4016.635755048351,15701.576402936165,1718.52661775856,13.384598214285287,2.795312499999911,MATIC
24,621,0.3986,0.3504,0.3835,13556880.171633484,0.3518,15.51718749999951,79.98535226583226,135.77967342137856,566266.093749982,4029.084503718657,15730.549960108661,1719.5188949311932,12.163392857142465,2.710937499999913,MATIC
25,622,0.3735,0.3441,0.3518,12603564.46637012,0.3607,15.770312499999498,80.29768257822055,137.25376679385974,567158.874999982,4042.1389804838805,15762.06199754937,1721.2194128580904,11.045982142856786,2.999999999999905,MATIC
26,623,0.3708,0.3477,0.3607,11445744.74549292,0.3699,15.912499999999493,80.69432969944562,138.90370989867176,568009.937499982,4056.234282248232,15799.868564496219,1724.304347446932,10.066964285713961,3.289062499999895,MATIC
27,624,0.3895,0.3595,0.3699,10853203.250778649,0.3731,16.06249999999949,81.17437420572296,140.6632075888725,568805.374999982,4071.182151194852,15845.596013531858,1727.406294359425,9.260937499999702,3.204687499999898,MATIC
28,625,0.3757,0.3107,0.3731,8186253.31109569,0.3376,16.212499999999483,81.52881137302685,142.4802657178425,569531.2812499818,4084.4044035774014,15881.11872318762,1730.0376577921725,8.662499999999719,3.073437499999902,MATIC
29,626,0.3604,0.335,0.3376,13532717.722774096,0.356,16.35468749999948,81.81150339841585,144.46339473213007,570173.7499999818,4097.522735432085,15908.43676387191,1733.8402488707943,8.306249999999732,2.926562499999907,MATIC
30,627,0.3834,0.3495,0.356,21472369.615008228,0.3665,16.481249999999473,81.8131773863494,145.8865683112779,570718.8749999818,4104.828413935939,15918.553144181971,1738.8013622010903,8.226785714285446,2.795312499999911,MATIC
31,628,0.3753,0.3476,0.3665,28336886.23234953,0.3583,15.487499999999503,81.82759267432088,147.17494540895265,571152.7499999818,4112.644421168606,15931.60258156862,1743.501966803359,8.45870535714258,2.710937499999913,MATIC
32,629,0.3698,0.3507,0.3583,29630894.12089413,0.3683,14.868749999999519,81.83891403163922,148.43256757599494,571461.4687499818,4122.153384508275,15957.090548487568,1747.8175676890226,9.036607142856852,2.999999999999905,MATIC
33,630,0.3728,0.3501,0.3683,31372333.35745435,0.3578,14.706026785713814,81.7249161924609,149.35492146355296,571631.1249999818,4130.776929364754,15981.46523742625,1751.9783688135956,9.995089285713965,3.289062499999895,MATIC
34,631,0.4237,0.3564,0.3578,34967230.21304573,0.4224,14.88035714285666,81.47851430518027,150.23338803563323,571647.8124999818,4138.591663142481,16004.823803274465,1756.5242606026227,11.368749999999636,3.204687499999898,MATIC
35,632,0.4488,0.3707,0.4224,42449174.64325756,0.4141,15.35714285714236,81.41598761422034,150.9113050426708,571497.6249999818,4143.9357049123255,16022.17498016306,1760.0924494061596,13.192187499999578,3.073437499999902,MATIC
36,633,0.459,0.4018,0.4141,52437174.49571707,0.4411,16.101785714285192,81.38609905412962,151.56924116270406,571166.6562499818,4148.597025298941,16037.149900599374,1762.1848740985856,15.499999999999506,2.926562499999907,MATIC
37,634,0.4668,0.4074,0.4411,63410806.50925912,0.4351,17.07968749999945,81.52928220884878,152.32598857879157,570640.9999999818,4153.441882269591,16056.659191458051,1763.9695160728988,17.765624999999435,2.795312499999911,MATIC
38,635,0.4398,0.3997,0.4351,74234626.46145079,0.4029,18.846874999999393,81.72624192918788,153.0741555997255,570966.3499999818,4159.265215682853,16080.678107996837,1766.6081526619482,19.56249999999937,2.710937499999913,MATIC
39,636,0.4061,0.3218,0.4029,83441129.82968038,0.3642,20.559374999999342,81.91006550958919,153.67514906269673,571171.1999999818,4164.133672060153,16102.336125836542,1769.142994744381,20.92410714285648,2.999999999999905,MATIC
40,637,0.3868,0.3249,0.3642,90683681.32464223,0.3265,22.433928571427856,82.25009018012194,154.32070400714383,571264.1571428389,4168.417329243119,16116.643854631186,1771.519066728808,21.883928571427873,3.289062499999895,MATIC
41,638,0.3516,0.2981,0.3265,96669190.58823803,0.3422,24.287276785713505,82.46724623611732,154.68453574861306,571253.8285714104,4171.275801358771,16130.720433697867,1773.9340423310941,22.47544642857072,3.204687499999898,MATIC
42,639,0.3828,0.3283,0.3422,102629610.1974097,0.3562,26.104910714284877,82.65803211586551,154.9676420961058,571148.8214285532,4175.191098076823,16146.311243983164,1775.5621644973187,22.732142857142136,3.073437499999902,MATIC
43,640,0.4209,0.3449,0.3562,107175449.95088723,0.3506,27.872321428570537,82.7243558304624,154.78056831018776,570957.7428571247,4176.043358666423,16157.143707710846,1775.4654392786827,22.687499999999286,2.926562499999907,MATIC
44,641,0.3869,0.2933,0.3506,109337209.38319741,0.3818,29.574999999999058,82.8715055908449,154.57568677833606,570689.1999999819,4176.3281253268415,16160.975324357745,1775.9607719420824,22.374999999999297,2.795312499999911,MATIC
45,642,0.3897,0.3389,0.3818,106289541.85522653,0.3545,30.228124999999032,82.95776713234773,154.15488450867298,570351.7999999819,4176.6511222838035,16169.138354273686,1777.6616202762582,21.828124999999314,2.710937499999913,MATIC
46,643,0.4039,0.3458,0.3545,105931505.65948324,0.3839,31.146874999999003,82.96660428217216,153.57274997574453,569954.149999982,4178.290318625181,16182.948299952403,1779.259678731589,21.080357142856474,2.999999999999905,MATIC
47,644,0.5758,0.3801,0.3839,103614112.44219092,0.5374,32.11428571428469,83.12887206758506,153.1977225099242,569504.8571428391,4183.212068830085,16201.857356697657,1781.003519848358,20.165178571427933,3.289062499999895,MATIC
48,645,0.8478,0.5355,0.5374,98683152.74662855,0.8312,33.2133928571418,83.11708195038939,152.39011303696836,569012.5285714105,4187.629166739195,16227.703936549084,1783.386088725442,19.11607142857082,3.204687499999898,MATIC
49,646,0.8942,0.6752,0.8312,96346909.80202372,0.7776,34.400669642856045,82.88268231493821,151.80650204930507,568485.7714285533,4193.030458668166,16264.975308009036,1785.636514936118,17.966517857142286,3.073437499999902,MATIC
50,647,0.9252,0.7427,0.7776,92156375.66445243,0.8903,35.632589285713145,82.60112870250165,151.36977476391988,567933.1928571247,4194.349474062104,16287.543856593025,1787.3695956365834,16.749999999999464,2.926562499999907,MATIC
51,648,0.9467,0.7829,0.8903,85416895.60779639,0.8205,36.86562499999882,82.21746783426568,150.75803451878207,567363.3999999819,4192.5231044223,16296.341422380201,1787.6112882341088,15.499999999999508,2.795312499999911,MATIC
52,649,0.8411,0.7714,0.8205,81425829.49164696,0.7856,36.11562499999884,81.90733846596048,150.35971952505997,566784.999999982,4191.99763881125,16309.95973336304,1789.572001865875,14.249999999999545,2.710937499999913,MATIC
53,650,0.828,0.7409,0.7856,75098523.7632677,0.8235,35.99843749999884,81.48620886632115,149.7268826757111,566206.5999999819,4191.660881532808,16327.234408350832,1792.574186951716,13.033482142856727,2.999999999999905,MATIC
54,651,0.8691,0.7767,0.8235,71850455.89451556,0.7955,36.65491071428455,80.99032941715802,149.04641246454582,565636.8071428391,4191.452997425489,16344.659580557167,1795.1795206341853,11.883928571428191,3.289062499999895,MATIC
55,652,0.7988,0.6859,0.7955,62941090.38022564,0.7048,37.825892857141646,80.52524655035307,148.69282195908212,565084.2285714105,4194.002144186704,16366.014717973467,1798.676237024522,10.834821428571079,3.204687499999898,MATIC
56,653,0.8361,0.7009,0.7048,62537710.56696896,0.8104,39.42098214285588,79.77668421608806,147.83913721356603,564557.4714285535,4193.214703369006,16385.87362191284,1802.0123339243723,9.919642857142538,3.073437499999902,MATIC
57,654,0.8145,0.7267,0.8104,65902146.51853581,0.7631,41.34977678571296,78.83822643586315,146.53658121312898,564065.1428571249,4187.60782770416,16386.720853096573,1806.0962871550937,9.171874999999705,2.926562499999907,MATIC
58,655,0.8077,0.733,0.7631,74833634.8561159,0.7528,43.5218749999986,78.09891844817321,145.50888551984053,563615.849999982,4183.594724873,16391.274844359832,1810.8777373449557,8.624999999999721,2.795312499999911,MATIC
59,656,0.8552,0.7332,0.7528,75986852.37299532,0.8501,46.39531249999851,77.29456579514667,144.41875838892344,563218.199999982,4177.6266543795755,16387.870367649106,1815.8980495724777,8.312499999999732,2.710937499999913,MATIC
60,657,1.057,0.7896,0.8501,71314645.71351108,0.9696,49.12812499999842,76.67255912678337,143.59679963247657,562880.799999982,4173.73054733263,16390.29660688076,1820.9144787106613,8.267857142856872,2.999999999999905,MATIC
61,658,1.004,0.7866,0.9696,71550646.12141955,0.8783,53.1765624999983,76.10427347762001,142.70340890543346,562612.2571428391,4168.462367738863,16387.1823333735,1826.135683441104,8.524553571428294,3.289062499999895,MATIC
62,659,1.088,0.8011,0.8783,77525754.56346403,1.065,57.39687499999817,75.57945882592642,142.07166643142247,562421.1785714106,4164.512624740469,16386.6670713147,1830.6754801068403,9.116071428571134,3.204687499999898,MATIC
63,660,1.228,0.9972,1.065,87860859.13091014,1.041,61.74218749999803,75.25864198718514,141.92317061083205,562316.1714285535,4160.7814840042965,16383.62396174788,1835.811817959318,10.075892857142533,3.073437499999902,MATIC
64,661,1.181,0.9533,1.041,101937104.4717244,1.053,66.16562499999787,75.23307502099206,142.02797075339276,562305.842857125,4157.171951511796,16378.489555140382,1840.339897019464,11.437499999999634,2.926562499999907,MATIC
65,662,1.507,1.044,1.053,114993255.73649411,1.475,70.62031249999772,75.06869109868762,142.0542013542947,562398.7999999821,4155.301885604725,16376.211190141432,1845.088135501258,13.234374999999575,2.795312499999911,MATIC
66,663,1.887,1.471,1.475,125323275.95351388,1.593,75.90312499999756,74.98122258356399,142.2974528551056,562603.6499999821,4154.138815361979,16379.040364074186,1849.283742632126,15.499999999999506,2.710937499999913,MATIC
67,664,1.831,1.468,1.593,134488733.59296447,1.722,80.81093749999742,74.98691259792635,142.81146235465545,562928.9999999821,4153.6407222201515,16375.27158312064,1854.1501733779314,16.49999999999947,2.999999999999905,MATIC
68,665,1.786,1.481,1.722,141424197.21904013,1.724,84.49419642856874,75.12902006932427,143.60433344499944,562928.9999999821,4154.038410186635,16371.13899121913,1858.852764647288,18.807812499999397,3.289062499999895,MATIC
69,666,2.737,1.708,1.724,147214982.7015065,2.444,87.50334821428294,75.40903839042967,144.67077498094912,563135.6343749821,4155.713717814722,16362.569057137105,1863.5102898188397,20.631249999999344,3.204687499999898,MATIC
70,667,2.64,1.051,2.444,151488856.07930547,1.626,89.79821428571144,75.58508337224991,145.51111157961788,563265.7374999821,4157.965182658472,16359.202748107387,1867.228834261153,22.004910714285018,3.073437499999902,MATIC
71,668,2.201,1.332,1.626,151454949.56799522,1.829,91.33861607142568,75.9045415145986,146.4409518650553,563324.7758928392,4159.684547206201,16357.624578202955,1871.723765700144,22.963392857142125,2.926562499999907,MATIC
72,669,1.956,1.18,1.829,150249590.7727542,1.487,92.0843749999971,76.20261526107548,147.32634499753757,563318.2160714106,4160.3352428979915,16356.778429957281,1874.393768555717,23.5412946428564,2.795312499999911,MATIC
73,670,1.618,1.128,1.487,147967078.84999087,1.196,92.58593749999709,76.629289586201,148.67791745662214,563251.5245535534,4163.984492874014,16364.821555654822,1879.244687162067,23.773214285713532,2.710937499999913,MATIC
74,671,1.256,0.7466,1.196,142272513.75667405,1.076,91.99374999999709,77.10194588899368,150.3204097236858,563130.1678571248,4169.930758503373,16384.494721112413,1883.5150900976396,23.693749999999255,2.999999999999905,MATIC
75,672,1.979,1.069,1.076,138633212.698355,1.746,91.63861607142566,77.62038781302068,152.25017199175213,562959.6124999819,4177.227007075587,16411.142097908596,1887.1985508236967,23.337499999999267,3.289062499999895,MATIC
76,673,1.949,1.514,1.746,132699905.48474357,1.936,90.55133928571139,78.24112239054021,154.41554787158475,562745.3249999819,4186.165087563518,16443.252953447092,1890.6481709615923,22.73906249999928,3.204687499999898,MATIC
77,674,2.439,1.836,1.936,127660595.84583972,2.214,88.73303571428286,78.68726100069885,156.28219403879484,562492.7718749819,4192.284847531865,16479.166568210625,1894.1015205110218,21.933035714285015,3.073437499999902,MATIC
78,675,2.265,1.856,2.214,123164230.38367692,2.041,86.18482142856867,79.10637238025413,158.17313446316894,562207.419642839,4196.755286679815,16507.188297598175,1895.7464279174199,20.954017857142194,2.926562499999907,MATIC
79,676,2.062,1.667,2.041,115685281.37502758,1.821,82.90781249999733,79.53204181875249,159.88247795785662,561894.7348214105,4197.628631591663,16515.38195168578,1897.6276772907197,19.83660714285651,2.795312499999911,MATIC
80,677,1.907,1.517,1.821,108961069.8852175,1.692,79.19843749999745,79.8761575358229,161.52339778286554,561560.1839285534,4200.591103035929,16526.944272721987,1898.6634368350922,18.615401785713697,2.710937499999913,MATIC
81,678,1.967,1.538,1.692,103809462.08197884,1.867,74.6531249999976,80.19234936237079,163.26905711377847,561209.2334821247,4205.584339904651,16549.226001194012,1899.8905140194968,17.32499999999945,2.999999999999905,MATIC
82,679,1.934,1.747,1.867,93865770.61795908,1.873,71.99151785714054,80.46066868815848,164.9611765316502,560847.3499999819,4210.524980708396,16573.42615944946,1900.2107128415182,15.999999999999488,3.289062499999895,MATIC
83,680,1.984,1.765,1.873,83650689.12905313,1.825,69.33325892856921,80.71304136173809,166.61553510256644,560479.999999982,4215.998881639619,16597.63208923287,1899.9127206529286,14.674999999999532,3.204687499999898,MATIC
84,681,1.889,1.751,1.825,77863146.86052653,1.799,66.73861607142645,80.92247870479055,168.19003588471557,560112.649999982,4222.5080252509815,16626.403227887302,1901.7954858779303,13.384598214285287,3.073437499999902,MATIC
85,682,1.883,1.763,1.799,77225745.57682788,1.823,64.2678571428551,80.82030680690235,168.75087276526318,559750.7665178392,4225.160747527942,16653.131926399794,1903.5318289892411,12.163392857142465,2.926562499999907,MATIC
86,683,1.825,1.553,1.823,73095141.44942848,1.632,61.98124999999804,80.91602746588586,169.7110657146945,559399.8160714105,4228.476724678994,16678.74611772757,1903.5066707610483,11.045982142856786,2.795312499999911,MATIC
87,684,1.696,1.446,1.632,66846583.73406483,1.528,60.360937499998094,81.1041836193604,171.01599919454847,559065.2651785534,4232.305542863984,16698.87745535661,1901.8482307705956,10.066964285713961,2.710937499999913,MATIC
88,685,1.59,1.512,1.528,58216796.711348586,1.581,58.88906249999813,81.22983748742256,172.2945488180378,558752.5803571249,4234.765602438656,16710.261676024864,1898.982648358966,9.260937499999702,2.999999999999905,MATIC
89,686,1.727,1.46,1.581,50868429.32418139,1.485,56.87098214285534,81.36534833396925,173.4748867681993,558467.228124982,4233.62746440329,16700.813425772,1893.998562867241,8.662499999999719,3.289062499999895,MATIC
90,687,1.524,1.279,1.485,53026965.94115453,1.479,54.91205357142683,81.43041948761,174.31577147074555,558214.674999982,4230.807738494738,16684.723899404806,1887.9803955350005,8.306249999999732,3.204687499999898,MATIC
91,688,1.534,1.355,1.479,54604710.4273688,1.491,53.06919642856975,81.45302203382505,175.32420735699233,558000.387499982,4229.454919869425,16669.857899256585,1880.9817118507879,8.226785714285446,3.073437499999902,MATIC
92,689,1.498,1.354,1.491,58636633.700944535,1.363,51.39933035714123,81.40252204451984,176.3167296818268,557829.8321428392,4226.873289489611,16642.29693647059,1874.1536817550063,8.45870535714258,2.926562499999907,MATIC
93,690,1.383,1.231,1.363,60999872.56021457,1.25,49.959374999998424,81.3780509318598,177.24384183883106,557708.4754464106,4224.774903760504,16611.539853558694,1866.4250702721138,9.036607142856852,2.795312499999911,MATIC
94,691,1.395,1.16,1.25,64228094.3511609,1.339,48.89062499999846,81.39333443130506,178.0096983228354,557641.7839285535,4223.7666588918155,16585.36629660417,1858.2697376523104,9.995089285713965,2.710937499999913,MATIC
95,692,1.492,1.313,1.339,65857995.034540325,1.467,48.13437499999848,81.55503527777276,179.10822462013215,557635.224107125,4223.732141004155,16561.657449340295,1850.2375952583811,11.368749999999636,2.999999999999905,MATIC
96,693,1.599,1.414,1.467,67503438.33267419,1.55,46.57120535714138,81.7145662171474,179.9605961016189,557694.262499982,4224.001874542101,16542.88672877668,1842.2662079946747,13.192187499999578,3.289062499999895,MATIC
97,694,1.709,1.534,1.55,67374860.33903134,1.63,45.08169642857,81.78162198917946,180.7844057798328,557824.365624982,4225.087970406534,16525.124240765726,1834.9961188996954,15.499999999999506,3.204687499999898,MATIC
98,695,1.638,1.447,1.63,65637219.68983273,1.478,43.702678571427185,81.810356329166,181.55378033092472,558030.9999999821,4226.3315804616395,16506.509819902167,1827.0469229016403,17.765624999999435,3.073437499999902,MATIC
99,696,1.557,1.456,1.478,63006912.6663038,1.504,42.47098214285579,82.00745007821232,182.15634312288523,558073.7359374821,4226.56971075862,16489.056195503803,1818.9491528646709,19.56249999999937,2.926562499999907,MATIC
100,697,1.514,1.304,1.504,59788668.98237757,1.379,41.42343749999868,82.25499462229602,182.87750525133367,558100.6437499821,4225.435791015492,16474.488721138565,1811.491208430641,20.92410714285648,2.795312499999911,MATIC
101,698,1.434,1.35,1.379,58645498.21986421,1.36,40.4703124999987,82.61407039846432,183.90080610342798,558112.8540178393,4226.01599993011,16461.05809304321,1802.5481079100987,21.883928571427873,2.710937499999913,MATIC
102,699,1.436,1.281,1.36,56142905.805230364,1.397,39.82187499999872,83.10624229907727,185.2824158293801,558111.4973214108,4228.89815216051,16454.974923051584,1795.1277279989486,22.47544642857072,2.999999999999905,MATIC
103,700,1.409,1.088,1.397,51748013.14217692,1.101,38.686607142855905,83.69621554442548,186.793461912013,558097.7042410537,4232.957824052949,16453.05389404245,1788.451544025909,22.732142857142136,3.289062499999895,MATIC
104,701,1.231,0.9312,1.101,48752366.938757375,1.074,37.67299107142737,84.36303927216944,188.3496690784122,558072.605357125,4238.283070591383,16460.905782644564,1782.129154259761,22.687499999999286,3.204687499999898,MATIC
105,702,1.249,1.03,1.074,47654357.67864803,1.177,36.79888392857025,85.42952139207023,190.37744403225432,558037.3312499822,4245.943441881316,16468.84206521118,1777.3954450879214,22.374999999999297,3.073437499999902,MATIC
106,703,1.239,1.137,1.177,45842760.985793196,1.204,36.0821428571417,86.30928669827048,192.2303389583254,557993.0124999823,4253.4897529600685,16487.415763200504,1773.6354441778435,21.828124999999314,2.926562499999907,MATIC
107,704,1.231,1.04,1.204,42863089.599221855,1.042,35.54062499999886,87.04088235412047,193.7336180823128,557940.7796874823,4259.2623087200445,16489.81218545044,1771.025372477884,21.080357142856474,2.795312499999911,MATIC
108,705,1.101,1.008,1.042,40212061.14865719,1.076,35.65624999999886,87.82018136126372,195.16479159763261,557881.7633928395,4266.66819926657,16496.75394287057,1770.6828936167562,20.165178571427933,2.710937499999913,MATIC
109,706,1.113,1.035,1.076,37685788.96996978,1.113,35.81093749999886,88.56348721299567,196.6897479431907,557817.0941964108,4275.27673252637,16509.498721530934,1770.1160136358515,19.11607142857082,2.999999999999905,MATIC
110,707,1.163,1.088,1.113,34458443.582231045,1.12,35.62232142857029,89.29540020227145,198.034796953195,557747.9026785537,4284.35583321694,16524.59940403477,1770.627592740684,17.966517857142286,3.289062499999895,MATIC
111,708,1.248,1.117,1.12,30258484.248900812,1.171,35.40803571428458,89.95048970154066,199.28471461022966,557675.3194196252,4294.308132171494,16548.535856627892,1772.3956442968617,16.749999999999464,3.204687499999898,MATIC
112,709,1.181,1.082,1.171,27717903.112827234,1.166,35.19040178571316,90.58098981380172,200.62259273187817,557600.4749999823,4305.808531079836,16575.136965069923,1775.0053958074818,15.499999999999508,3.073437499999902,MATIC
113,710,1.168,1.063,1.166,24989611.485055,1.074,34.99174107142744,91.17091638530712,201.95808664389375,557524.4999999823,4317.4719026836665,16605.51859893746,1779.2282058442775,14.249999999999545,2.926562499999907,MATIC
114,711,1.108,1.044,1.074,21786006.302682336,1.103,34.834374999998886,91.70288526670983,203.3303177424775,557448.5249999823,4330.659771510394,16636.507418822708,1783.629318346239,13.033482142856727,2.795312499999911,MATIC
115,712,1.144,1.08,1.103,19672040.720927943,1.118,34.69843749999889,92.24087875910872,204.68225420542473,557373.6805803395,4341.38519810254,16657.425415256515,1786.519735308999,11.883928571428191,2.710937499999913,MATIC
116,713,1.179,1.097,1.118,16954463.852858823,1.148,34.66406249999889,92.5894726123099,205.39219546658,557301.0973214109,4348.354473331859,16658.081019373774,1788.9850245338966,10.834821428571079,2.999999999999905,MATIC
117,714,1.149,1.082,1.148,11236195.277604539,1.101,34.163169642856055,92.69172719716731,205.26935118947063,557231.9058035538,4354.074207741735,16662.681903947574,1790.8727722167403,9.919642857142538,3.289062499999895,MATIC
118,715,1.164,1.101,1.101,6722375.180303335,1.131,33.627678571427495,92.66062441382795,204.7264274937701,557167.2366071251,4353.812949589181,16641.588959829613,1792.9483797617752,9.171874999999705,3.204687499999898,MATIC
119,716,1.177,1.126,1.131,10512496.703138039,1.129,33.06763392857037,92.37592578785467,203.54874716826197,557108.2203124823,4353.031319209368,16618.605236815874,1796.2472025189516,8.624999999999721,3.073437499999902,MATIC
120,717,1.133,1.015,1.129,15538218.884320918,1.041,32.49308035714182,91.95450193711393,202.46590852055587,557055.9874999824,4351.804872567174,16597.206549943665,1798.9231633594486,8.312499999999732,2.926562499999907,MATIC
121,718,1.069,1.004,1.041,20631422.089222543,1.052,31.914062499998984,91.46879210642113,201.52788540975746,557011.6687499824,4349.37695781149,16568.280925423227,1801.23423982342,8.267857142856872,2.795312499999911,MATIC
122,719,1.071,1.02,1.052,25608934.59921792,1.03,31.256249999999007,91.04047053881763,200.468717544413,556976.3946428394,4347.954855673515,16544.99431348475,1803.3066298892945,8.524553571428294,2.710937499999913,MATIC
123,720,1.059,1.021,1.03,26895106.104144227,1.042,30.645312499999022,90.583300803386,199.3133961949966,556951.295758911,4347.266101183071,16528.152353776677,1805.2752487454522,9.116071428571134,2.999999999999905,MATIC
124,721,1.049,0.9622,1.042,30957292.889976684,0.9951,29.9712053571419,90.05007748603533,198.04782187938056,556937.5026785538,4346.443828582626,16513.10241568376,1806.9837581088987,10.075892857142533,3.289062499999895,MATIC
125,722,0.9951,0.9372,0.9951,35736138.85556583,0.9456,29.32388392857049,89.46718899181626,196.62317967754822,556936.1459821252,4346.308564540179,16502.581755065392,1808.65315753386,11.437499999999634,3.204687499999898,MATIC
126,723,0.966,0.8664,0.9456,41919443.09845178,0.9286,28.708928571427656,88.78444821834283,195.29455288137083,556948.3562499824,4346.399878910472,16486.898735917788,1809.5492141450577,13.234374999999575,3.073437499999902,MATIC
127,724,0.9452,0.8577,0.9286,46279405.684458345,0.8785,28.13191964285625,88.12236816201612,194.07536210331978,556975.2640624823,4346.488148825371,16465.98743852835,1808.3471860067605,15.499999999999506,2.926562499999907,MATIC
128,725,0.8972,0.8104,0.8785,51561491.01293809,0.8116,27.59843749999912,87.62795771700716,192.81845640113755,557017.9999999823,4346.164405713623,16452.526521954693,1808.4143072945155,16.49999999999947,2.795312499999911,MATIC
129,726,0.8216,0.7841,0.8116,55680614.470326364,0.801,26.987499999999145,87.36247797522947,191.82747909681527,557017.9999999823,4347.101243264196,16445.590895516005,1808.3511830738037,18.807812499999397,2.710937499999913,MATIC
130,727,0.8592,0.7903,0.801,59120900.736678936,0.7943,26.478124999999153,87.4381588458987,191.15286136013512,557895.0359374823,4349.877289363178,16443.609002903002,1808.4650677271673,20.631249999999344,2.999999999999905,MATIC
131,728,0.7996,0.7288,0.7943,62441275.15979937,0.7331,26.249330357142014,87.68151149919778,190.66390519141547,558447.2437499822,4353.772252981865,16446.332319422603,1808.3939958571814,22.004910714285018,3.289062499999895,MATIC
132,729,0.7382,0.6226,0.7331,65044966.03010955,0.6886,26.180133928570598,87.94656282663065,190.28984572886816,558697.8254464108,4356.9344229560575,16446.543951851458,1808.2300670078248,22.963392857142125,3.204687499999898,MATIC
133,730,0.9441,0.6691,0.6886,66556087.9507903,0.8888,26.27611607142773,88.48175264426357,189.97119053431314,558669.9830356966,4360.964257158414,16457.308242143376,1807.7079908915355,23.5412946428564,3.073437499999902,MATIC
134,731,0.9315,0.8445,0.8888,67186101.58850458,0.8808,26.5428571428563,89.66132377726404,190.06935847826765,558386.918526768,4364.211670466693,16459.65733620727,1808.0604682921785,23.773214285713532,2.926562499999907,MATIC
135,732,0.9572,0.8597,0.8808,66400866.06685727,0.9486,26.98593749999914,90.64976142644593,189.9986208098215,557871.8339285537,4365.879059055734,16463.704310389403,1809.9849147523578,23.693749999999255,2.795312499999911,MATIC
136,733,0.9884,0.9119,0.9486,65983721.883725576,0.9487,27.69531249999912,91.89620574712463,190.18950763769908,557147.9312499823,4368.101658412248,16459.87555236764,1811.2621274675062,23.337499999999267,2.710937499999913,MATIC
137,734,0.9649,0.888,0.9487,64561658.59518991,0.9395,28.560937499999095,93.35448487315563,190.75543052808973,556238.4124999824,4372.943629346436,16472.281555829206,1811.6106565474884,22.73906249999928,2.999999999999905,MATIC
138,735,1.135,0.9317,0.9395,61892434.70150249,1.015,28.9424107142848,95.0962548783817,191.62933303628037,555166.4796874824,4378.6002163476915,16490.143152290908,1812.1779583521677,21.933035714285015,3.289062499999895,MATIC
139,736,1.063,0.9377,1.015,57179435.24663435,1.041,29.29933035714193,96.91460987499471,192.8549317087384,553955.334821411,4384.614421626361,16509.333405630405,1811.634139960095,20.954017857142194,3.204687499999898,MATIC
140,737,1.058,0.9932,1.041,55152611.91432859,1.018,29.6272321428562,98.73884218419985,194.43757918902187,552628.1799106967,4391.63071321746,16532.416138566725,1809.3657499040296,19.83660714285651,3.073437499999902,MATIC
141,738,1.042,0.9916,1.018,52128738.91838673,1.028,29.921651785713333,100.59470398596034,196.17358049664557,551208.2169642682,4398.593024226457,16556.79531358939,1806.4577560151754,18.615401785713697,2.926562499999907,MATIC
142,739,1.071,0.9961,1.028,49535808.06226627,1.067,30.178124999999042,102.25352547509,197.68786761419486,549718.647991054,4406.0338414872,16584.239265659355,1803.5726649964984,17.32499999999945,2.795312499999911,MATIC
143,740,1.101,1.027,1.067,47032436.941275276,1.083,30.223437499999037,103.76744963441246,198.88233328886758,548182.6749999826,4414.035970306254,16612.92303401349,1800.9987342833897,15.999999999999488,2.710937499999913,MATIC
144,741,1.135,1.043,1.083,42706143.76343391,1.05,30.284374999999027,105.07741828475346,199.41703966344474,546623.4999999827,4418.375613730153,16636.40128304564,1797.279338673125,14.674999999999532,2.999999999999905,MATIC
145,742,1.078,1.021,1.05,37714464.23793628,1.046,30.410937499999022,106.40377961567133,199.927552420746,545064.3249999827,4421.845093427245,16661.10552956664,1793.1189424786673,13.384598214285287,3.289062499999895,MATIC
146,743,1.06,1.006,1.046,32668289.53123332,1.022,30.55312499999902,107.48263202224116,200.20698843682877,543528.3520089113,4425.180701555384,16690.12825535312,1789.1671579087913,12.163392857142465,3.204687499999898,MATIC
147,744,1.071,1.01,1.022,31403581.45696104,1.053,30.703124999999016,108.62462486198623,200.61129462718324,542038.7830356971,4427.5970950533965,16703.681384930762,1786.3419600894902,11.045982142856786,3.073437499999902,MATIC
148,745,1.075,1.012,1.053,34317521.71546318,1.065,30.853124999999014,109.45280982255586,200.664585450711,540618.8200892685,4429.540200260567,16726.108915055967,1783.29477536332,10.066964285713961,2.926562499999907,MATIC
149,746,1.098,1.036,1.065,36037251.43726,1.08,30.995312499999013,110.08566660880692,200.61765254565012,539291.6651785542,4429.8932328359015,16745.79521091953,1780.0599961416492,9.260937499999702,2.795312499999911,MATIC
150,747,1.196,1.07,1.08,37700294.50195415,1.169,31.374999999998998,110.58740722621837,200.72078884328474,538080.5203124828,4430.8009908402255,16757.423674228678,1777.1686559131601,8.662499999999719,2.710937499999913,MATIC
151,748,1.18,1.07,1.169,38316500.85719743,1.082,31.637499999998987,110.8990900499445,200.7501083782677,537008.5874999829,4433.017946733606,16768.61684657452,1774.5239678791024,8.306249999999732,2.999999999999905,MATIC
152,749,1.158,1.039,1.082,37684917.71013495,1.127,31.89955357142756,110.80296071767455,200.50272518906638,536099.068749983,4433.862379128451,16769.781815446597,1771.0282108306321,8.226785714285446,3.289062499999895,MATIC
153,750,1.178,1.108,1.127,42636078.99724639,1.157,32.07790178571326,110.57979564836697,200.41895592893238,535375.1660714116,4435.005582536829,16764.675265502396,1768.4888149260912,8.45870535714258,3.204687499999898,MATIC
154,751,1.425,1.154,1.157,45540426.800462835,1.372,32.173660714284686,110.17005906615589,200.23986005441847,534860.0814731972,4436.975327518868,16756.281784929015,1766.6519146509972,9.036607142856852,3.073437499999902,MATIC
155,752,1.41,1.262,1.41,47752692.626690455,1.323,32.1879464285704,109.59609028781813,200.2634990555836,534577.0169642688,4439.630437469341,16750.39020734461,1764.2915118353144,9.995089285713965,2.926562499999907,MATIC
156,753,1.516,1.315,1.323,49114909.17540022,1.511,32.12187499999897,108.77850778954024,200.27101270470664,534549.1745535544,4440.664679608885,16738.4472311832,1762.3173158645068,11.368749999999636,2.795312499999911,MATIC
157,754,1.513,1.405,1.511,50997216.06641355,1.443,31.80781249999898,108.13384479283944,200.46223341055642,534799.756249983,4441.766089956959,16734.07814766966,1762.550061525561,13.192187499999578,2.710937499999913,MATIC
158,755,1.485,1.372,1.443,50997715.885993905,1.467,31.478124999998997,107.69319306271072,201.0078695944313,535351.9640624829,4443.851381247242,16726.315212576195,1763.1785885674053,15.499999999999506,2.999999999999905,MATIC
159,756,1.56,1.415,1.467,50980164.16491801,1.419,31.306249999999004,107.32337835005008,201.81097254071275,536228.9999999829,4445.631387001986,16719.949086215984,1764.9515759876235,16.49999999999947,3.289062499999895,MATIC
160,757,1.531,1.338,1.419,49546809.132074304,1.35,31.16562499999901,106.93721097196511,202.84715534618272,536228.9999999829,4447.951321084018,16713.81347699793,1767.830837167956,18.807812499999397,3.204687499999898,MATIC
161,758,1.408,1.279,1.35,49004057.39705201,1.334,31.056249999999004,106.70322021075319,203.9712357146334,535251.515624983,4449.54741418007,16703.697892542714,1771.6804813384445,20.631249999999344,3.073437499999902,MATIC
162,759,1.471,1.302,1.334,48518399.49982658,1.469,30.97812499999901,106.89553974525928,205.38352307250867,534636.062499983,4452.646509660852,16697.414211599633,1775.9844078608355,22.004910714285018,2.926562499999907,MATIC
163,760,1.568,1.452,1.469,45387240.34396954,1.551,30.93124999999901,107.25864923170292,206.92498018059754,534356.781249983,4455.475355965608,16687.397356305268,1781.195883096911,22.963392857142125,2.795312499999911,MATIC
164,761,1.7,1.514,1.551,43493791.41752092,1.585,31.126562499999004,107.41135275874475,208.66791301454145,534387.812499983,4459.557241494173,16683.266135514958,1786.869634982461,23.5412946428564,2.710937499999913,MATIC
165,762,1.669,1.562,1.585,44368114.507628046,1.625,31.274999999999,107.65559395891938,210.53046204361922,534703.296874983,4464.433598981442,16683.61817103741,1790.7124241419635,23.773214285713532,2.999999999999905,MATIC
166,763,1.687,1.592,1.625,39488369.09337372,1.624,31.264285714284718,107.96081725869516,212.5188928467819,535277.374999983,4469.628449358114,16686.0548383435,1794.5969535827066,23.693749999999255,3.289062499999895,MATIC
167,764,1.63,1.444,1.624,38678063.16244072,1.475,31.18214285714187,108.37409193004537,214.74156467573297,536084.187499983,4475.762276567589,16694.97480904662,1800.2988930020442,23.337499999999267,3.204687499999898,MATIC
168,765,1.553,1.421,1.475,39188049.7206081,1.528,31.03191964285616,108.73141585417807,216.99856262206336,537097.874999983,4481.823766435753,16705.636499458866,1803.0094017300717,22.73906249999928,3.073437499999902,MATIC
169,766,1.547,1.366,1.528,44985068.69631329,1.373,30.816964285713304,109.00561012199597,219.02194385527866,538292.578124983,4488.145407213341,16721.53816048705,1805.0098010743795,21.933035714285015,2.926562499999907,MATIC
170,767,1.52,1.352,1.373,50554176.607165776,1.519,30.54062499999903,109.29596046890178,220.68120453016394,539642.4374999829,4495.6103413171695,16745.116545758392,1807.0607056208444,20.954017857142194,2.795312499999911,MATIC
171,768,1.53,1.444,1.519,57807530.4742794,1.459,30.079687499999043,109.49879292589925,222.23654798779464,541121.5937499829,4503.2352747234545,16767.111326816568,1808.6909464154348,19.83660714285651,2.710937499999913,MATIC
172,769,1.484,1.397,1.459,61913110.464964546,1.42,29.61093749999906,109.80407398598184,223.77772862229315,542704.1874999828,4510.029673657954,16787.868692452033,1810.5986205781635,18.615401785713697,2.999999999999905,MATIC
173,770,1.424,1.309,1.42,66177417.91749119,1.319,29.370089285713348,110.07852044445775,225.35181312560326,544364.3593749828,4515.922737775388,16804.82189505387,1811.91714532029,17.32499999999945,3.289062499999895,MATIC
174,771,1.418,1.303,1.319,71625692.36474326,1.339,29.192857142856212,110.32242647919985,226.67955633912047,546076.2499999827,4522.504336438716,16828.296859740673,1812.205718721605,15.999999999999488,3.204687499999898,MATIC
175,772,1.496,1.312,1.339,75148972.11539939,1.47,29.083705357141934,110.4045425057376,227.54470782619842,547813.9999999827,4526.692971910605,16843.24776872853,1813.251293427546,14.674999999999532,3.073437499999902,MATIC
176,773,1.519,1.432,1.47,78226760.4869975,1.446,29.047098214284794,110.42817185776222,227.87660468645734,549551.7499999825,4529.258306557647,16853.34871433749,1815.400510951393,13.384598214285287,2.926562499999907,MATIC
177,774,1.498,1.405,1.446,82848060.33467597,1.457,29.087499999999075,110.3334974663563,228.2742982694008,551263.6406249825,4529.999017224849,16856.93209054076,1816.507718413159,12.163392857142465,2.795312499999911,MATIC
178,775,1.744,1.447,1.457,87217828.6594191,1.74,29.462499999999068,110.11686997583585,228.33472197055087,552923.8124999824,4529.081418500483,16846.710397338327,1816.7625592367408,11.045982142856786,2.710937499999913,MATIC
179,776,1.797,1.635,1.74,87529117.59711774,1.681,29.82968749999905,109.79691011735021,228.41281341483887,554506.4062499824,4527.668917083598,16832.92044721277,1815.5979404721363,10.066964285713961,2.999999999999905,MATIC
180,777,1.718,1.571,1.681,89481276.45322035,1.644,29.846651785713338,109.31237892423009,227.97885408400762,555985.5624999823,4525.340582820203,16824.258384922035,1812.9109836850268,9.260937499999702,3.289062499999895,MATIC
181,778,1.697,1.116,1.644,91895192.32253282,1.36,29.77098214285619,108.67211574315678,227.20907762731105,557335.4218749823,4520.7977511813215,16803.206515502396,1808.7191162653753,8.662499999999719,3.204687499999898,MATIC
182,779,1.382,1.186,1.36,95415469.12335856,1.333,29.607142857141916,108.07559556960715,226.2033124412737,558530.1249999823,4514.070460401118,16771.794871738446,1805.7206348963573,8.306249999999732,3.073437499999902,MATIC
183,780,1.492,1.283,1.333,97643603.60365762,1.368,29.35959821428478,107.38436986888817,225.10354232106172,559543.8124999822,4505.1599111283085,16731.05568498831,1802.5404398508865,8.226785714285446,2.926562499999907,MATIC
184,781,1.465,1.268,1.368,99607830.44504593,1.303,29.032812499999075,106.70607745476791,224.29626526831865,560350.6249999822,4495.735551888459,16695.360290090845,1798.242299188829,8.45870535714258,2.795312499999911,MATIC
185,782,1.372,1.277,1.303,101000363.67950124,1.315,28.50468749999909,105.98599052769463,223.37005059037176,560924.7031249822,4484.798287309776,16653.34952523315,1794.1208324976762,9.036607142856852,2.710937499999913,MATIC
186,783,1.372,1.288,1.315,100842334.66555037,1.328,27.95312499999911,105.52208657604973,222.71761757645575,561240.1874999822,4475.549877166606,16619.06122044102,1790.430879293112,9.995089285713965,2.999999999999905,MATIC
187,784,1.349,1.201,1.328,98973042.73261961,1.247,27.614955357141977,105.05404661042013,222.2881849731647,561271.2187499822,4467.349731227189,16583.932000295925,1787.1327541350747,11.368749999999636,3.289062499999895,MATIC
188,785,1.346,1.236,1.247,96787624.38592327,1.319,27.327008928570557,104.88414470808509,221.92309637068993,560991.9374999822,4461.382560620847,16563.241792296834,1783.9048938750652,13.192187499999578,3.204687499999898,MATIC
189,786,1.421,1.318,1.319,93905694.44609968,1.416,27.09486607142771,104.68608006408901,221.47498954022927,560376.4843749822,4455.0445227485325,16539.436445399162,1780.5743379047376,15.499999999999506,3.073437499999902,MATIC
190,787,1.497,1.349,1.416,90364260.99967791,1.383,26.924107142856283,104.49450675589364,220.80481133119693,559398.9999999822,4450.5267601011765,16522.713693018795,1775.575966616983,17.765624999999435,2.926562499999907,MATIC
191,788,1.44,1.302,1.383,85982924.02346602,1.421,26.820312499999144,104.32662080866618,220.13313941273668,558393.9249999822,4443.950547790386,16497.37110944423,1770.3262562614964,19.56249999999937,2.795312499999911,MATIC
192,789,1.439,1.337,1.421,80162881.4313211,1.365,26.662499999999152,104.09603832959797,219.20983376161692,557761.0999999823,4437.028883470666,16477.617971147283,1765.947040639549,20.92410714285648,2.710937499999913,MATIC
193,790,1.372,1.302,1.365,76213016.89768285,1.314,26.629687499999154,103.93812101397863,218.43599686281328,557473.935714268,4430.2279906135245,16459.71964503645,1762.4592721938523,21.883928571427873,2.999999999999905,MATIC
194,791,1.318,1.099,1.314,71522813.55644193,1.134,26.429464285713447,103.84980855668964,217.85702791894494,557505.8428571251,4425.275223214146,16450.32837393572,1759.7371929713097,22.47544642857072,3.289062499999895,MATIC
195,792,1.187,1.017,1.134,64427585.841189906,1.046,26.269419642856306,103.81269701037756,217.10692076001158,557830.2321428393,4419.716629573137,16437.43877585223,1758.0484843117292,22.732142857142136,3.204687499999898,MATIC
196,793,1.235,1.03,1.046,64038331.24839528,1.231,26.14620535714203,103.63462552683366,215.90607024941437,558420.5142856964,4411.657902417724,16428.795537021662,1757.0418301718018,22.687499999999286,3.073437499999902,MATIC
197,794,1.245,1.178,1.231,62314317.2528842,1.225,26.05647321428489,103.42022112777926,214.65432501179146,559250.099999982,4403.069260733328,16411.99685516305,1754.6055113110665,22.374999999999297,2.926562499999907,MATIC
198,795,1.23,1.056,1.225,63030955.6092413,1.127,25.99687499999918,103.27726543460244,213.61120622838564,560292.399999982,4396.7371652874235,16397.798123604392,1753.323790659168,21.828124999999314,2.795312499999911,MATIC
199,796,1.145,1.085,1.127,62185791.02595561,1.122,26.34374999999916,103.21740575006699,212.59214770112038,561520.824999982,4391.416803087367,16385.713989911234,1751.966645867428,21.080357142856474,2.710937499999913,MATIC
200,797,1.167,1.033,1.122,58785669.810096346,1.125,26.573437499999155,103.12320034333305,211.79974988187388,562908.7857142676,4385.608913966448,16372.901083373503,1750.9666025433662,20.165178571427933,2.999999999999905,MATIC
201,798,1.169,1.083,1.125,53811106.1441099,1.085,26.869419642856286,103.04514476230837,211.00906636373668,564429.6928571248,4381.490543147355,16367.291597856276,1750.5505529403129,19.11607142857082,3.289062499999895,MATIC
202,799,1.112,1.046,1.085,50800071.695697054,1.05,27.11517857142771,102.96892175163211,210.35193215097027,566056.957142839,4378.605656323974,16363.405468313515,1750.1083650043474,17.966517857142286,3.204687499999898,MATIC
203,800,1.112,1.045,1.05,47044207.19094493,1.099,27.320758928570555,102.79609347581533,209.50398051738074,567763.9892856961,4375.5315090723,16363.291768754712,1748.966471426772,16.749999999999464,3.073437499999902,MATIC
204,801,1.149,1.094,1.099,31619884.44200342,1.126,27.49620535714198,102.70230096748568,208.66662693363617,569524.1999999818,4369.427179717878,16350.368974521662,1749.534615652846,15.499999999999508,2.926562499999907,MATIC
205,802,1.277,1.126,1.126,31975052.50128914,1.266,27.651562499999123,102.7405664477997,208.0901889290062,571310.9999999817,4366.294778006278,16346.073344420867,1752.1912464413767,14.249999999999545,2.795312499999911,MATIC
206,803,1.356,1.224,1.266,34070246.823005594,1.295,26.910937499999143,102.95043009689549,207.86566612379224,573097.7999999817,4365.412031010079,16349.219498552076,1753.478704506954,13.033482142856727,2.710937499999913,MATIC
207,804,1.345,1.277,1.295,32887982.51901903,1.326,26.498437499999156,103.0632805807217,207.26981344903558,574858.0107142673,4363.159877558977,16354.731840514618,1754.419957651355,11.883928571428191,2.999999999999905,MATIC
208,805,1.327,1.238,1.326,32659242.720789123,1.276,26.047098214284887,103.05578727210941,206.56041680062862,576565.0428571244,4360.869870648924,16367.473610577741,1754.624380956321,10.834821428571079,3.289062499999895,MATIC
209,806,1.339,1.266,1.276,37429531.71009478,1.316,25.789955357142027,103.15722942862863,206.02318277358356,578192.3071428386,4359.275380597656,16381.100178527311,1755.1325995035972,9.919642857142538,3.204687499999898,MATIC
210,807,1.318,1.204,1.316,40259869.628677286,1.257,25.706919642856313,103.38358012437493,205.9097118956636,579713.2142856957,4357.827245112689,16380.554221452461,1756.043044090215,9.171874999999705,3.073437499999902,MATIC
211,808,1.31,1.229,1.257,44197871.61567716,1.276,25.777901785713464,103.56396190268322,205.63918131078336,581101.1749999814,4357.013305554933,16385.306888034844,1757.9702525002058,8.624999999999721,2.926562499999907,MATIC
212,809,1.438,1.271,1.276,46956704.80340475,1.344,25.982812499999167,104.0402300579174,206.03749168259094,582329.5999999814,4359.745919036727,16400.951891653356,1759.7042928967596,8.312499999999732,2.795312499999911,MATIC
213,810,1.383,1.328,1.344,50858272.39869258,1.35,26.259374999999153,104.7070228729896,206.81595833300884,583371.8999999813,4366.492241232598,16434.533673313163,1761.0487311498898,8.267857142856872,2.710937499999913,MATIC
214,811,1.358,1.238,1.35,54095196.49260318,1.245,26.645312499999136,105.52750301020149,207.78189194201758,584201.485714267,4376.043583243094,16474.70269906128,1762.7930578776204,8.524553571428294,2.999999999999905,MATIC
215,812,1.308,1.215,1.245,55346920.11425718,1.243,27.296205357141975,106.38528660876071,208.64444599832143,584791.7678571241,4387.048609379219,16520.01841931972,1764.1936345781035,9.116071428571134,3.289062499999895,MATIC
216,813,1.243,1.153,1.243,52616697.723545186,1.222,28.067633928570523,107.46330233982286,209.7722901105814,585116.1571428385,4400.763553837226,16573.546549769282,1766.7710435594265,10.075892857142533,3.204687499999898,MATIC
217,814,1.262,1.19,1.222,52249420.05782645,1.241,28.941741071427643,108.71533777713428,210.95765666960995,585148.0642856956,4416.527086530271,16646.256999206023,1768.5796136855513,11.437499999999634,3.073437499999902,MATIC
218,815,1.289,1.229,1.241,55403263.93638216,1.265,29.900669642856183,109.93436701978605,212.39361908094543,584860.8999999813,4430.3179367064,16699.410892159067,1769.9801067351732,13.234374999999575,2.926562499999907,MATIC
219,816,1.636,1.235,1.265,60759966.41698466,1.602,30.92656249999901,111.22886941432598,213.84819752147536,584228.0749999813,4443.796610695833,16756.341123961873,1770.8967355455106,15.499999999999506,2.795312499999911,MATIC
220,817,1.61,1.5,1.602,65948073.020587176,1.508,31.74843749999899,112.53098990916848,215.71072927883006,583222.9999999814,4455.418147604664,16800.26421225358,1772.9185456411612,16.49999999999947,2.710937499999913,MATIC
221,818,1.549,1.413,1.508,70468521.90341292,1.459,32.695312499998956,113.74930673667002,217.78916678427953,583222.9999999814,4468.979307120044,16849.181360080725,1775.394549996456,18.807812499999397,2.999999999999905,MATIC
222,819,1.617,1.446,1.459,74448865.85193737,1.481,33.919419642856056,114.66703840323491,220.05688486098538,580960.9484374814,4482.736698477465,16889.937879071378,1777.7422060284728,20.631249999999344,3.289062499999895,MATIC
223,820,1.528,1.439,1.481,76567261.64824533,1.476,35.27299107142744,115.46726354700812,222.198727434015,579536.6937499815,4495.82512228815,16929.061264691492,1781.0585003443557,22.004910714285018,3.204687499999898,MATIC
224,821,1.55,1.451,1.476,79338270.17376757,1.537,36.73482142857025,116.05614516394108,224.08330059050797,578890.3933035529,4505.29186107076,16953.363847350534,1783.639039530016,22.963392857142125,3.073437499999902,MATIC
225,822,1.632,1.364,1.537,82394497.342109,1.506,38.283705357141635,116.35401063986815,225.04476715495892,578962.2044642671,4513.328075626774,16981.870361109603,1784.9186395372094,23.5412946428564,2.926562499999907,MATIC
226,823,1.577,1.491,1.506,84401961.07168034,1.517,39.89843749999873,117.06797241653342,227.23097719123663,579692.2845981957,4524.9288503372945,17003.37955409404,1785.3972358975523,23.773214285713532,2.795312499999911,MATIC
227,824,1.673,1.5,1.517,85957373.41949952,1.641,42.19062499999866,118.01311743088753,230.11369577815822,581020.7910714099,4538.5060111998055,17030.948910085957,1785.8672151837463,23.693749999999255,2.710937499999913,MATIC
228,825,1.644,1.526,1.641,83947248.89280987,1.571,44.271874999998595,118.95868208578275,233.27818009512023,582887.8812499814,4551.527713557507,17056.769244820185,1786.4658537727876,23.337499999999267,2.999999999999905,MATIC
229,826,1.682,1.563,1.571,80746570.62145948,1.675,45.60736607142713,119.2610906107047,235.93962339672973,585233.7124999813,4564.2866946627655,17076.92751508386,1786.7587117330804,22.73906249999928,3.289062499999895,MATIC
230,827,1.856,1.659,1.675,75422986.71099761,1.734,46.56227678571281,120.2515951803714,240.45872129030826,587998.4421874811,4578.324336024547,17095.549978201183,1787.2171238217466,21.933035714285015,3.204687499999898,MATIC
231,828,1.936,1.628,1.734,72028440.08828567,1.757,47.12209821428423,121.36565465756439,244.69318539073714,591122.2276785525,4590.592099652825,17109.253488158633,1786.2837544304416,20.954017857142194,3.073437499999902,MATIC
232,829,2.175,1.757,1.757,67298440.47838852,2.133,47.27232142856993,122.41662533453142,249.3302310602927,594545.2263392666,4600.41534707191,17114.764469691137,1785.9323058264026,19.83660714285651,2.926562499999907,MATIC
233,830,2.22,1.919,2.133,62220291.41977705,2.023,46.998437499998495,123.65979468481487,253.94990541593558,598207.5955356951,4607.909076472544,17113.342703246526,1787.776569366398,18.615401785713697,2.795312499999911,MATIC
234,831,2.028,1.83,2.023,70953968.93560044,1.874,46.45468749999851,125.10981464044995,258.91972041810436,602049.4926339093,4617.121327536299,17119.272343226297,1790.764741080091,17.32499999999945,2.710937499999913,MATIC
235,832,2.007,1.797,1.874,68921368.86407149,1.941,45.39531249999856,126.60633239915991,263.88594385554967,606011.0749999806,4626.156183733112,17129.695552716395,1792.7829112188588,15.999999999999488,2.999999999999905,MATIC
236,833,1.971,1.841,1.941,62864200.35113862,1.905,45.04776785714142,128.22212061881612,269.1106089455655,610032.4999999806,4634.502412523394,17139.270992605485,1795.5640505653903,14.674999999999532,3.289062499999895,MATIC
237,834,1.97,1.866,1.905,59706233.363027126,1.939,44.539508928570015,129.54198232037268,273.7589997666136,614053.9249999804,4640.405566951059,17146.095992605482,1797.9834701809996,13.384598214285287,3.204687499999898,MATIC
238,835,2.154,1.939,1.939,54895658.22065227,2.037,43.88392857142718,130.91400438035816,277.61102084431445,618015.5073660518,4646.915469142221,17154.777383858273,1801.4691601071468,12.163392857142465,3.073437499999902,MATIC
239,836,2.04,1.864,2.037,51398944.9702305,1.918,43.09441964285578,132.47568330253446,281.54964397293287,621857.4044642659,4653.610966709533,17169.462425013404,1805.3954095294919,11.045982142856786,2.926562499999907,MATIC
240,837,1.951,1.87,1.918,48715584.27094488,1.898,42.18437499999867,134.054442301814,284.7186054365886,625519.7736606944,4659.909801700987,17192.878942870546,1810.0668588637727,10.066964285713961,2.795312499999911,MATIC
241,838,1.927,1.813,1.898,44626090.88524857,1.885,41.0406249999987,135.93254743814035,288.2567722695123,628942.7723214085,4666.309140777438,17211.06263689259,1814.8396231786965,9.260937499999702,2.710937499999913,MATIC
242,839,1.916,1.854,1.885,40376847.84757907,1.886,39.84999999999874,137.86853404555563,291.8269036122637,632066.5578124799,4672.484371512127,17227.116433279305,1819.8620113917177,8.662499999999719,2.999999999999905,MATIC
243,840,1.942,1.866,1.886,33901653.551402934,1.895,38.68147321428449,140.11853162390398,296.0841961826503,634831.2874999797,4679.353582436549,17240.745632498056,1826.7223230361355,8.306249999999732,3.289062499999895,MATIC
244,841,1.896,1.763,1.895,27366288.55271117,1.777,37.50401785714166,142.29266975266137,299.7963468415302,637177.1187499797,4684.916126578046,17247.86574009432,1832.8080819265595,8.226785714285446,3.204687499999898,MATIC
245,842,1.894,1.539,1.777,22717246.708048373,1.701,36.32879464285598,144.18075239828195,302.9432133504225,639044.2089285511,4690.820225088788,17253.80505719811,1838.908039147454,8.45870535714258,3.073437499999902,MATIC
246,843,1.788,1.666,1.701,22397452.231664456,1.756,35.166964285713156,145.9354221088499,305.95706686631996,640372.7154017653,4695.348404366481,17257.029618616914,1843.2987976073628,9.036607142856852,2.926562499999907,MATIC
247,844,1.776,1.638,1.756,27173313.55677145,1.715,34.02968749999891,147.5766814623513,308.87939542701275,641102.7955356939,4698.831380898463,17262.802891757958,1846.9210523877234,9.995089285713965,2.795312499999911,MATIC
248,845,1.77,1.699,1.715,29906004.96363743,1.752,32.759374999998954,149.00160358292243,311.3907796314685,641174.6066964081,4700.405548095553,17265.891377039767,1849.504220308517,11.368749999999636,2.710937499999913,MATIC
249,846,1.775,1.687,1.752,30870207.613206603,1.729,31.598437499998983,150.16158147879526,313.7389872550865,640528.3062499797,4701.809941427898,17256.62184186608,1850.821116365646,13.192187499999578,2.999999999999905,MATIC
250,847,1.767,1.689,1.729,31767434.664615057,1.692,30.90714285714187,150.83358618020532,315.236911371766,639104.0515624797,4700.946592276287,17235.49364885548,1851.4323614937332,15.499999999999506,3.289062499999895,MATIC
251,848,1.693,1.464,1.692,31719733.793215502,1.561,30.445758928570456,151.43207312481258,316.2527260030918,636841.9999999797,4700.039195687281,17221.760050091874,1851.2662402016194,17.765624999999435,3.204687499999898,MATIC
252,849,1.674,1.492,1.561,30398805.49073563,1.638,30.227678571427603,152.6011251687955,317.67921475000736,641732.6703124796,4701.189185442095,17209.25527779661,1849.7201209748912,19.56249999999937,3.073437499999902,MATIC
253,850,1.679,1.448,1.638,31077689.582112834,1.497,30.266294642856177,153.33005416052197,318.36981885091586,644811.9812499796,4696.066978890406,17168.009423173626,1846.2770390918688,20.92410714285648,2.926562499999907,MATIC
254,851,1.635,1.481,1.497,30501808.497706607,1.622,30.57499999999903,154.40369905062596,319.59426497049685,646209.3156249796,4692.620031084183,17130.471077836715,1841.0681321279756,21.883928571427873,2.795312499999911,MATIC
255,852,1.68,1.563,1.622,34108312.71626676,1.667,30.19687499999904,155.43592023167795,321.58095802578583,646054.0562499797,4689.332076263278,17083.69669908742,1835.55335649757,22.47544642857072,2.710937499999913,MATIC
256,853,1.668,1.51,1.667,36306725.35155463,1.601,30.474999999999024,156.03383088792575,323.06302553584567,644475.5859374797,4684.969697570652,17034.657916259224,1830.2794052123438,22.732142857142136,2.999999999999905,MATIC
257,854,1.621,1.528,1.601,39697952.76536032,1.56,30.51316964285616,156.14001406941597,323.60514099256295,641603.2874999798,4676.08323211655,16970.954680524013,1824.3845362253965,22.687499999999286,3.289062499999895,MATIC
258,855,1.763,1.544,1.56,45510945.60356773,1.752,30.915178571427578,155.86547337940263,323.3933553559336,637566.5437499799,4665.19228504711,16896.661137389598,1817.4306040627037,22.374999999999297,3.204687499999898,MATIC
259,856,1.829,1.653,1.752,52407187.71573045,1.687,31.652008928570407,156.21725865431696,324.38980006489396,632494.7374999801,4656.113099016314,16829.687525503447,1810.8669624055558,21.828124999999314,3.073437499999902,MATIC
260,857,1.936,1.672,1.687,61160694.200225726,1.926,32.69464285714181,156.0982205833657,324.0666950225727,626517.2515624803,4646.590608106191,16773.996886770532,1804.371648788394,21.080357142856474,2.926562499999907,MATIC
261,858,1.967,1.592,1.926,69764935.86317858,1.64,34.014062499998914,155.77959131853422,324.32967713899944,619763.4687499806,4636.371461704652,16715.30688040544,1798.6524527685401,20.165178571427933,2.795312499999911,MATIC
262,859,1.725,1.589,1.64,78536072.7332252,1.614,36.84687499999882,155.30931663172092,323.9112267494098,612362.7718749808,4626.948157501074,16664.1550739828,1793.6327235902486,19.11607142857082,2.710937499999913,MATIC
263,860,1.665,1.498,1.614,83860594.63135225,1.654,39.429687499998735,154.68265362466596,323.321286494381,604444.543749981,4620.441400909277,16624.30238582013,1789.3246671948539,17.966517857142286,2.999999999999905,MATIC
264,861,1.834,1.631,1.654,88376794.38150385,1.818,41.53124999999867,154.1049683945471,323.4103637899569,596138.1671874812,4618.230488804263,16598.764293561133,1785.551902716443,16.749999999999464,3.289062499999895,MATIC
265,862,1.881,1.693,1.818,90508730.06276946,1.785,43.320312499998614,153.0616111789383,322.41188679421623,587573.0249999815,4616.676145062981,16582.935355049693,1783.3810125077905,15.499999999999508,3.204687499999898,MATIC
266,863,2.094,1.775,1.785,96559832.21984963,2.007,44.79687499999857,151.14609064374167,319.13466053689217,578878.4999999817,4611.382678331501,16566.082523236422,1780.5492966787592,14.249999999999545,3.073437499999902,MATIC
267,864,2.201,1.952,2.007,100950779.93906598,2.126,45.960937499998536,149.95312585489614,317.2438148294075,570183.974999982,4611.706293051437,16558.247697884166,1777.9590985433829,13.033482142856727,2.926562499999907,MATIC
268,865,2.395,2.083,2.126,104885748.80222434,2.277,46.81249999999851,148.92831583022598,316.05761620656773,561618.8328124821,4615.52313461289,16562.426077269974,1776.8609531674501,11.883928571428191,2.795312499999911,MATIC
269,866,2.315,1.568,2.277,107038225.72925778,1.979,46.254687499998525,147.78383109909672,314.33653696604136,553312.4562499825,4619.640136718604,16568.800029209153,1776.392225537925,10.834821428571079,2.710937499999913,MATIC
270,867,2.2,1.885,1.979,107134668.23836716,2.051,45.79062499999854,146.67834658962872,312.93875331877655,545394.2281249827,4624.075943864948,16572.558756582544,1776.4613565444379,9.919642857142538,2.999999999999905,MATIC
271,868,2.319,1.716,2.051,105203230.09535605,2.279,45.568080357141405,145.48361427442907,310.9451415470569,537993.531249983,4628.521024431357,16589.65700792532,1777.7511586052465,9.171874999999705,3.289062499999895,MATIC
272,869,2.525,2.239,2.279,101018991.97220217,2.348,45.43482142856999,144.16344931465784,308.8249378612965,531239.7484374832,4631.184859248423,16594.611940219893,1780.2272562571366,8.624999999999721,3.204687499999898,MATIC
273,870,2.582,2.227,2.348,97171366.96663305,2.419,45.36517857142712,142.54794275079,305.4019691944025,525262.2624999834,4631.164339228892,16598.3030478336,1780.0731316157182,8.312499999999732,3.073437499999902,MATIC
274,871,2.44,2.062,2.419,94857994.00044118,2.088,45.3334821428557,140.7926643133119,302.0378691060106,520190.4562499836,4631.577709088859,16609.619752065948,1780.0844086510224,8.267857142856872,2.926562499999907,MATIC
275,872,2.289,2.044,2.088,92785177.1416734,2.094,45.314062499998556,139.52679641927548,299.39917387280184,516153.71249998367,4633.586509595451,16632.913206481404,1780.4713314600785,8.524553571428294,2.795312499999911,MATIC
276,873,2.166,2.011,2.094,91128924.69857745,2.137,45.53437499999854,138.49212271485567,297.03817974498344,513281.41406248376,4637.583716147139,16667.045651244585,1781.2929635456064,9.116071428571134,2.710937499999913,MATIC
277,874,2.141,2.029,2.137,85922138.10638344,2.087,45.621874999998546,137.79807383332488,294.84980657440326,511702.94374998385,4641.3775674001035,16687.823855154318,1782.5635668345294,10.075892857142533,2.999999999999905,MATIC
278,875,2.093,1.752,2.087,78404561.65226313,1.817,45.79330357142712,137.0309709003949,292.2660368101844,511547.68437498383,4643.769759041774,16704.75410177995,1784.1530306951772,11.437499999999634,3.289062499999895,MATIC
279,876,1.946,1.737,1.817,70790616.12742408,1.941,45.86540178571283,136.81494834763225,290.7104606628324,512945.0187499838,4648.487292698304,16728.021281868536,1786.5278080258486,13.234374999999575,3.204687499999898,MATIC
280,877,2.225,1.831,1.941,64801169.81901579,2.129,45.82366071428425,137.54248412336185,290.2555241107848,516024.32968748367,4655.389910125584,16759.466702705933,1788.7601324080852,15.499999999999506,3.073437499999902,MATIC
281,878,2.207,2.064,2.129,59285612.04697578,2.069,45.65357142856998,138.5528946842422,290.43094908849605,520914.9999999835,4662.7467042104045,16774.892560685847,1789.5473673138736,16.49999999999947,2.926562499999907,MATIC
282,879,2.159,1.94,2.069,56189772.99405402,2.129,45.34062499999856,139.2046043906849,289.9240442820865,520914.9999999835,4664.919627053248,16778.695773968848,1790.7447350092725,18.807812499999397,2.795312499999911,MATIC
283,880,2.259,2.057,2.129,54686250.63963219,2.232,45.33437499999856,140.20964664050067,290.1425496237526,521293.3796874835,4670.909170423087,16797.64401811819,1791.5449806757767,20.631249999999344,2.710937499999913,MATIC
284,881,2.291,2.164,2.232,54855588.31828397,2.222,44.98437499999857,140.7884636640504,289.52997171537294,521531.6187499835,4674.505814579406,16809.060998534624,1793.191941778943,22.004910714285018,2.999999999999905,MATIC
285,882,2.249,2.049,2.222,51930079.88164121,2.128,45.64374999999856,141.13234114987063,288.786505467542,521639.7272321263,4676.075405992632,16814.79524209105,1796.3428961072082,22.963392857142125,3.289062499999895,MATIC
286,883,2.407,2.11,2.128,51260485.992409095,2.374,46.36562499999853,141.92168898922608,288.74021973609007,521627.71517855476,4677.582916804575,16812.84983651244,1798.6993416104426,23.5412946428564,3.204687499999898,MATIC
287,884,2.653,2.371,2.374,50738239.78546266,2.501,47.17343749999851,143.1143537930035,289.8058298723946,521505.5926339119,4686.704817417541,16832.483410643996,1802.0226859500854,23.773214285713532,3.073437499999902,MATIC
288,885,2.735,2.47,2.501,49815656.975339934,2.684,48.090624999998475,144.2704747983342,291.19729591777417,521283.36964284047,4697.561172485202,16863.17029375295,1805.2164075850862,23.693749999999255,2.926562499999907,MATIC
289,886,2.686,2.426,2.684,49956934.2987127,2.467,49.14062499999845,145.6758589846701,293.31528048514383,520971.0562499834,4709.705257742594,16898.443853759225,1807.608679008426,23.337499999999267,2.795312499999911,MATIC
290,887,2.687,2.431,2.467,51084111.87577291,2.641,50.473437499998404,146.68767569405227,295.06566263606624,520578.66249998333,4720.479092952032,16929.58759765571,1809.0678508757962,22.73906249999928,2.710937499999913,MATIC
291,888,2.888,2.613,2.641,49841599.75056984,2.877,51.93906249999836,147.303675750319,296.21486351829674,520116.1984374834,4731.395773642254,16965.698208617625,1810.604232215824,21.933035714285015,2.999999999999905,MATIC
292,889,2.925,2.713,2.877,46858832.66731099,2.727,51.79642857142693,147.47798407417918,296.8708985941657,519593.6741071263,4740.9784844533215,17005.188037544798,1811.379230308475,20.954017857142194,3.289062499999895,MATIC
293,890,2.732,2.446,2.727,45578378.94858114,2.492,51.304464285712655,147.25663165705075,297.18979977879263,519021.0995535549,4747.578359549234,17037.628660800932,1811.2644086837192,19.83660714285651,3.204687499999898,MATIC
294,891,2.617,2.405,2.492,44476249.184645906,2.474,50.45647321428412,146.51852211951743,296.000045074726,518408.484821412,4750.502134486455,17062.26741986901,1811.2304320743528,18.615401785713697,3.073437499999902,MATIC
295,892,2.595,2.416,2.474,45687085.4013289,2.554,49.24575892856987,146.1127568960143,295.8438516276129,517765.8399553406,4756.428269304397,17087.717762101853,1809.9514372961285,17.32499999999945,2.926562499999907,MATIC
296,893,2.67,2.44,2.554,45543277.687498555,2.526,47.66562499999849,146.02244434696823,296.8623850277397,517103.1749999835,4765.112957327555,17121.71879577582,1809.293800898903,15.999999999999488,2.795312499999911,MATIC
297,894,2.603,2.504,2.526,45085430.45838027,2.573,45.70937499999856,145.29556948456985,296.05940601484167,516430.49999998347,4768.90029318658,17156.764578682487,1809.7222142355208,14.674999999999532,2.710937499999913,MATIC
298,895,2.584,2.505,2.573,42707819.29950979,2.551,43.370312499998626,144.36610082557763,294.3895288603552,515757.82499998354,4766.817044939163,17180.310102189746,1809.8277962002862,13.384598214285287,2.999999999999905,MATIC
299,896,2.552,2.36,2.551,40279560.74960809,2.432,42.17388392857009,143.24960094860165,292.1512922627493,515095.16004462633,4761.539042227458,17199.35375976508,1809.8919733046903,12.163392857142465,3.289062499999895,MATIC
300,897,2.506,2.354,2.432,37961414.80590504,2.365,41.04553571428441,141.98778847625826,289.43271842001946,514452.5151785549,4754.8819264001695,17224.593838064466,1809.8671126501324,11.045982142856786,3.204687499999898,MATIC
301,898,2.452,2.021,2.365,35261608.228985466,2.18,40.00758928571302,140.97503205196747,287.0977301154726,513839.90044641215,4746.372507367664,17232.142060197555,1808.4686152321374,10.066964285713961,3.073437499999902,MATIC
302,899,2.29,2.069,2.18,27913006.963896412,2.252,39.08236607142733,140.20040918588194,285.3356792211441,513267.32589284074,4739.838509586729,17247.693880789073,1807.027994646287,9.260937499999702,2.926562499999907,MATIC
303,900,2.264,2.043,2.252,23406673.469240293,2.051,38.29218749999879,139.42624850102385,283.93528845309305,512744.80156248366,4736.678361293096,17268.390631538932,1806.7446050098388,8.662499999999719,2.795312499999911,MATIC
304,901,2.143,1.902,2.051,25004560.520787127,1.985,37.7015624999988,138.56603397641425,281.8653561660131,512282.3374999836,4730.008115822779,17278.773427472246,1806.9689164842298,8.306249999999732,2.710937499999913,MATIC
305,902,2.167,1.965,1.985,23075802.89126262,2.115,37.27499999999881,137.50288411378426,279.24776775154857,511889.94374998356,4718.9823781693185,17275.73801051494,1807.501040649356,8.226785714285446,2.999999999999905,MATIC
306,903,2.146,1.922,2.115,28154146.847170945,2.073,36.68236607142741,136.3274798376176,276.07320609432423,511577.63035712636,4703.587267303317,17259.214573886868,1808.0946838650802,8.45870535714258,3.289062499999895,MATIC
307,904,2.372,2.048,2.073,30133966.17381597,2.36,36.193526785713146,134.9815171991033,272.2555737359096,511355.40736605495,4683.077916172422,17233.903522599896,1809.5662052698917,9.036607142856852,3.204687499999898,MATIC
308,905,2.452,2.31,2.36,38752641.90061034,2.398,35.825223214284584,134.13079857655507,269.11061041013664,511233.28482141206,4665.079333495945,17211.008380998337,1812.783350780974,9.995089285713965,3.073437499999902,MATIC
309,906,2.439,2.242,2.398,47084924.33061677,2.263,35.59419642857031,133.57745720999156,266.26526377200224,511221.27276784065,4647.28793334946,17181.07852368982,1814.8300718579394,11.368749999999636,2.926562499999907,MATIC
310,907,2.351,2.184,2.263,58479617.520263754,2.337,35.517187499998876,132.30816940239077,262.5767145395195,511329.38124998356,4624.178096008154,17131.09151327896,1816.6227738788573,13.192187499999578,2.795312499999911,MATIC
311,908,2.398,2.298,2.337,69360302.7228817,2.348,35.61093749999887,130.89453571864115,258.9065871783582,511567.6203124835,4600.431263405789,17076.54580034474,1819.088043049346,15.499999999999506,2.710937499999913,MATIC
312,909,2.374,2.284,2.348,77968805.53956003,2.333,35.89218749999886,129.37311612707813,255.47497335160674,511945.99999998347,4577.405794851975,17017.686549158923,1821.574181883618,16.49999999999947,2.999999999999905,MATIC
313,910,2.453,2.167,2.333,84372307.48649731,2.22,35.729464285713156,127.45637733765608,251.48557437487207,511945.99999998347,4551.661415317934,16944.324252972747,1823.5496522357907,18.807812499999397,3.289062499999895,MATIC
314,911,2.245,2.078,2.22,91985258.65485199,2.12,35.59129464285601,125.14141087531645,247.8324805532104,508277.16406248364,4526.684213147701,16865.285991341192,1825.5385319572956,20.631249999999344,3.204687499999898,MATIC
315,912,2.142,1.997,2.12,99122370.06104374,2.03,35.48214285714173,123.96920301062323,245.80305152960403,505967.1562499837,4508.330463082307,16791.456124005465,1825.530448695533,22.004910714285018,3.073437499999902,MATIC
316,913,2.192,1.952,2.03,105893647.80099888,1.961,35.406473214284595,122.67895128726568,243.90249961102933,504918.917410698,4495.20886361244,16741.09008440237,1825.9737278801476,22.963392857142125,2.926562499999907,MATIC
317,914,2.026,1.64,1.961,112502711.27800536,1.702,35.368749999998876,121.11589794328847,241.5201039314193,505035.38839284086,4478.712857382495,16682.640987940667,1824.5628116607083,23.5412946428564,2.795312499999911,MATIC
318,915,1.756,1.402,1.702,119404977.07602078,1.537,35.24687499999889,119.76889572483772,239.77551892143572,506219.51004462654,4464.64742965684,16630.037906537204,1823.0088845388652,23.773214285713532,2.710937499999913,MATIC
319,916,1.669,1.511,1.537,119011205.82369263,1.617,35.218749999998884,118.22405880689243,237.58016345500184,508374.2232142694,4450.552748870708,16582.510842459014,1821.273571559303,23.693749999999255,2.999999999999905,MATIC
320,917,1.617,1.308,1.617,121084068.3502127,1.509,35.108705357141744,116.84107904263533,235.62230138437334,511402.4687499835,4439.466639709331,16539.273175048304,1818.9241252081154,23.337499999999267,3.289062499999895,MATIC
321,918,1.612,1.411,1.509,124071054.29765232,1.558,35.04107142857032,115.25330426011398,233.38624248503888,515207.1874999834,4427.242822701451,16496.543489946118,1816.0543667656457,22.73906249999928,3.204687499999898,MATIC
322,919,1.83,1.525,1.558,125286603.28722595,1.589,35.01361607142746,114.17519938604808,231.90684897558288,519691.3203124833,4418.4992190768335,16450.52397439087,1813.2103666304963,21.933035714285015,3.073437499999902,MATIC
323,920,1.668,1.497,1.589,124611440.21123044,1.591,35.02410714285603,113.7995629940678,231.5774718863549,524757.8080356974,4418.635551888461,16435.293516757985,1811.8117027282142,20.954017857142194,2.926562499999907,MATIC
324,921,1.702,1.564,1.591,126024854.1726478,1.675,35.070312499998884,114.26288213729492,233.08170216082783,530309.59151784,4426.868199266564,16442.913073729942,1808.920182064544,19.83660714285651,2.795312499999911,MATIC
325,922,1.74,1.651,1.675,126361973.53304063,1.695,35.65624999999886,114.47230793067023,233.9444341727591,536249.6116071256,4432.194631194928,16454.816450499962,1806.9007132938355,18.615401785713697,2.710937499999913,MATIC
326,923,1.709,1.576,1.695,122463008.58253855,1.605,36.08593749999885,114.93944165365669,235.0455815928248,542480.8091517683,4438.559400939801,16473.308753966765,1805.359640584616,17.32499999999945,2.999999999999905,MATIC
327,924,1.653,1.525,1.605,116747778.8611927,1.643,36.37053571428456,115.49563342843369,235.99977548462255,548906.1249999824,4445.746947479106,16506.333747645265,1803.9893980025672,15.999999999999488,3.289062499999895,MATIC
328,925,1.68,1.615,1.643,110824803.35012373,1.648,36.521205357141696,116.18073369093933,236.8671172210073,555428.4999999822,4453.849411664549,16537.73141392246,1803.9505403790583,14.674999999999532,3.204687499999898,MATIC
329,926,1.664,1.523,1.648,102718614.3725793,1.54,36.54910714285597,117.23929608378718,238.68494145528854,561950.874999982,4464.610540553358,16579.636411611846,1803.634691728807,13.384598214285287,3.073437499999902,MATIC
330,927,1.562,1.477,1.54,93374252.5334613,1.556,36.46540178571311,118.57084754194157,241.3888012136655,568376.190848196,4478.655970764017,16629.934424045576,1803.0734198978394,12.163392857142465,2.926562499999907,MATIC
331,928,1.696,1.537,1.556,84754974.67478523,1.696,36.281249999998835,119.59797503607234,244.7361349650714,574607.3883928386,4493.654454040382,16680.482788957335,1804.511254910003,11.045982142856786,2.795312499999911,MATIC
332,929,1.757,1.675,1.696,82892954.72066478,1.712,36.00781249999885,120.38258006912939,247.05797174316712,580547.4084821241,4504.030624716478,16722.300140380325,1807.2535768508335,10.066964285713961,2.710937499999913,MATIC
333,930,1.756,1.669,1.712,81063370.02447958,1.74,35.65624999999886,120.89968292372181,248.42409865174184,586099.1919642668,4506.363883100094,16746.537075587144,1811.325944192011,9.260937499999702,2.999999999999905,MATIC
334,931,2.092,1.699,1.74,75413630.10277437,2.019,35.17879464285602,121.34939735446274,249.3231944390627,591165.6796874811,4505.534641919674,16764.43919917462,1816.6542264937777,8.662499999999719,3.289062499999895,MATIC
335,932,2.05,1.861,2.019,75656704.56587927,1.944,34.62767857142747,121.64200887509368,249.42381275039972,595649.8124999809,4501.898704528667,16783.466652787898,1823.6452318463425,8.306249999999732,3.204687499999898,MATIC
336,933,2.061,1.892,1.944,68952020.464125,2.038,34.01294642857033,122.36588383231454,250.46455904074276,599454.5312499807,4502.775473785258,16802.66003047345,1831.2108318055793,8.226785714285446,3.073437499999902,MATIC
337,934,2.043,1.874,2.038,73786123.36224319,1.896,33.34464285714179,122.32482570579683,249.9964245659885,602482.776785695,4494.442814963061,16806.86061074339,1839.3995584759803,8.45870535714258,2.926562499999907,MATIC
338,935,1.902,1.676,1.896,78306283.49365376,1.715,32.63281249999895,121.9539217386888,249.39482607500102,604637.4899553378,4479.6695215496275,16773.828529357375,1845.3238889148663,9.036607142856852,2.795312499999911,MATIC
339,936,1.765,1.644,1.715,83107820.23801742,1.701,31.71874999999898,120.92529697417825,247.7594239677623,605821.6116071235,4460.331775120186,16728.21207558716,1851.8857849392978,9.995089285713965,2.710937499999913,MATIC
340,937,1.724,1.644,1.701,83163146.72885671,1.659,30.843749999999016,120.03314974988827,246.41402242864095,605938.0825892664,4443.915794808383,16687.744643074595,1858.231721769001,11.368749999999636,2.999999999999905,MATIC
341,938,1.679,1.597,1.659,82211640.37553532,1.657,30.013392857141902,118.90928804022548,244.7298461675566,604889.8437499807,4426.096650150703,16646.837893894208,1865.4291100637656,14.373437499999541,3.289062499999895,MATIC
342,939,1.879,1.653,1.657,82142370.06958218,1.872,29.233258928570496,117.94608265672036,243.0964180912213,607871.3718749806,4409.191533333773,16609.18801160487,1870.5920823232868,17.42499999999945,3.204687499999898,MATIC
343,940,1.879,1.751,1.872,83891110.11632545,1.837,28.50892857142766,117.13839978319886,242.11120141232948,607534.2437499806,4392.781498500138,16563.022326877606,1876.893041065701,18.762499999999406,3.073437499999902,MATIC
344,941,1.865,1.647,1.837,83840169.128071,1.662,27.845982142856254,117.30228592497588,242.0479426009237,609046.1111606949,4383.192077091621,16529.929846844825,1882.6875088827346,19.72499999999937,2.926562499999907,MATIC
345,942,1.714,1.583,1.662,83773201.55095941,1.594,27.249999999999133,117.12457615988222,241.57696936129753,608878.1258928378,4374.022221810337,16508.907066344695,1886.4555263518682,20.343749999999353,2.795312499999911,MATIC
346,943,1.643,1.56,1.594,82823870.19762686,1.633,26.55781249999915,116.81885949202575,240.65970367022155,607170.2756696235,4362.820230538365,16474.978125217458,1890.7311977930826,20.649999999999345,2.710937499999913,MATIC
347,944,1.635,1.495,1.633,79272998.52279659,1.512,26.006249999999167,116.58722318580801,239.74978171756524,604062.5482142664,4353.332874079974,16439.761780438577,1895.6672009603712,20.67499999999935,2.999999999999905,MATIC
348,945,1.616,1.401,1.512,74704917.68822975,1.406,25.773214285713458,116.55191054343805,239.33199599469648,599694.9312499808,4350.037015097343,16420.654907879987,1900.3659029006355,20.449999999999356,3.289062499999895,MATIC
349,946,1.475,1.349,1.406,76070158.96068507,1.463,25.73660714285632,116.16275828906099,238.09710761137612,594207.412499981,4345.080868639126,16397.4039714263,1902.9446679523408,20.00624999999937,3.204687499999898,MATIC
350,947,1.596,1.433,1.463,75062717.88205789,1.436,25.90089285714203,115.67688970565428,236.63410941531924,587739.9796874812,4337.225748225482,16352.77413330026,1909.9079963410995,19.374999999999385,3.073437499999902,MATIC
351,948,1.501,1.246,1.436,72667363.50447759,1.441,26.270535714284875,115.64495471715558,235.59087242398192,580432.6205356957,4332.356512778007,16317.164431108225,1916.438376808105,18.587499999999412,2.926562499999907,MATIC
352,949,1.576,1.404,1.441,72525396.64631912,1.552,26.849999999999145,115.91359285797026,235.45915170736924,572425.3227678387,4333.139748709404,16303.399007088276,1923.3142051151208,17.67499999999944,2.795312499999911,MATIC
353,950,1.595,1.504,1.552,73724947.93175659,1.516,27.89687499999911,116.08171770061398,235.40163611343175,563858.0741071247,4332.412712750977,16280.880077470527,1928.8755890164439,16.668749999999473,2.710937499999913,MATIC
354,951,1.547,1.425,1.516,71026199.27468078,1.453,29.068749999999078,115.66266186918165,234.32885682241508,554870.8622767678,4326.976451655658,16248.59964904733,1935.7721763065263,15.599999999999502,2.999999999999905,MATIC
355,952,1.618,1.422,1.453,66613382.21225014,1.616,29.669642857141916,115.13277322223843,233.24809579848497,545603.6749999824,4321.604151153427,16218.135215976745,1943.7451682771334,14.499999999999535,3.289062499999895,MATIC
356,953,1.664,1.557,1.616,62956015.233366296,1.623,30.203571428570463,114.10979115792321,231.1433209112638,536196.4999999827,4311.534615870747,16178.579436601394,1951.2788991927482,13.399999999999574,3.204687499999898,MATIC
357,954,1.699,1.584,1.623,59567696.66042893,1.637,30.668303571427597,113.2011193718193,229.52390379223772,526789.324999983,4301.338491385186,16119.34343632238,1957.4316445758739,12.331249999999606,3.073437499999902,MATIC
358,955,1.651,1.545,1.637,55948132.138993755,1.586,31.061607142856147,112.51922895226802,228.82176039558766,517522.1377231976,4292.698124258723,16071.198124912293,1961.5126258032037,11.324999999999637,2.926562499999907,MATIC
359,956,1.587,1.454,1.586,52472388.928839855,1.476,31.381249999999,111.67587405953735,227.80943119865782,508534.9258928407,4285.913380431993,16034.473745727031,1965.480061422013,10.412499999999664,2.795312499999911,MATIC
360,957,1.515,1.449,1.476,48674429.21373952,1.508,31.54062499999899,110.79688532181797,227.18209550720584,499967.6772321267,4279.995896802495,15999.516520254443,1969.361648232533,9.624999999999691,2.710937499999913,MATIC
361,958,1.519,1.432,1.508,42733527.77957899,1.435,31.65312499999899,110.06274685007834,226.36276951516658,491960.3794642698,4274.82056001922,15972.056031362843,1972.6665138516482,8.99374999999971,2.999999999999905,MATIC
362,959,1.496,1.371,1.435,36934510.27901221,1.415,31.714285714284703,109.34566209656504,225.90881280217138,484653.02031248435,4272.146556963103,15956.305654034784,1975.206605338987,8.549999999999722,3.289062499999895,MATIC
363,960,1.475,1.405,1.415,33598520.15426232,1.447,31.719642857141853,108.79372460160593,226.16220780780617,478185.58749998454,4271.204033224786,15946.240118843654,1976.0201093400597,8.324999999999731,3.204687499999898,MATIC
364,961,1.545,1.445,1.447,30050914.381940998,1.506,31.664732142856142,108.3125840272188,226.71742252621607,472698.0687499847,4274.203681400708,15956.532183619394,1974.873121043551,8.34999999999973,3.073437499999902,MATIC
365,962,1.511,1.405,1.506,27479682.726597328,1.437,31.545089285713285,107.85833657128127,227.28944164002917,468330.4517856992,4276.9366692677895,15960.111087689575,1973.0305257524128,8.656249999999718,2.926562499999907,MATIC
366,963,1.473,1.404,1.437,32338289.86022442,1.405,31.35624999999901,106.96760902745038,226.9351804528845,465222.72433034214,4271.89530160073,15956.942073276556,1972.1321327753803,9.2749999999997,2.795312499999911,MATIC
367,964,1.434,1.394,1.405,32302714.542373966,1.397,31.17812499999901,106.77910274437156,228.2731721230843,463514.8741071279,4275.261076572829,15958.403843252494,1969.9654357909533,10.237499999999672,2.710937499999913,MATIC
368,965,1.42,1.353,1.397,29654314.23960842,1.362,30.890624999999016,106.94627693380289,230.27648481300164,463346.88883927074,4284.034386225972,15990.057713099377,1967.97376218517,11.57499999999963,2.999999999999905,MATIC
369,966,1.393,1.331,1.362,27978629.596597318,1.379,30.727232142856163,107.14593534809862,232.3926405872543,464858.756249985,4293.047049604008,16033.022984749416,1966.8990296226964,13.318749999999573,3.289062499999895,MATIC
370,967,1.409,1.333,1.379,27588960.35974465,1.379,30.5214285714276,107.61370970010414,235.28744401931013,468190.4640624849,4304.761234719276,16078.120568411176,1963.4255019596017,15.499999999999506,3.204687499999898,MATIC
371,968,1.471,1.356,1.379,27817801.64548795,1.468,30.275446428570465,108.79429693392,239.07877472127424,473481.99999998475,4321.72401439108,16134.16374489869,1957.2159495489316,16.49999999999947,3.073437499999902,MATIC
372,969,1.499,1.439,1.468,28808087.67705489,1.447,29.9915178571419,110.05431023495186,243.15035778112997,473481.99999998475,4341.894955553189,16197.0672716408,1952.1105675832946,18.807812499999397,2.926562499999907,MATIC
373,970,1.511,1.418,1.447,29674535.39119548,1.499,29.67187499999905,111.52343732458851,248.01879784038294,473481.99999998475,4367.601750291958,16274.495455932101,1946.3283581596845,20.631249999999344,2.795312499999911,MATIC
374,971,1.542,1.499,1.499,30920700.565541416,1.53,29.614062499999058,112.70728108031048,252.54444321222854,473481.99999998475,4392.321297672676,16354.222384861016,1940.0865495681148,22.004910714285018,2.710937499999913,MATIC
375,972,1.537,1.459,1.53,30777071.87025794,1.464,29.415624999999064,113.66223417009265,256.72625377177366,473481.99999998475,4417.430498504499,16430.33018471802,1936.1928427559376,22.963392857142125,2.999999999999905,MATIC
376,973,1.499,1.443,1.464,30475931.562927596,1.465,29.322321428570497,114.54489257335297,260.5378763505308,473481.99999998475,4442.287463923721,16506.920781598245,1932.2802501405374,23.5412946428564,3.289062499999895,MATIC
377,974,1.533,1.459,1.465,30619725.863461077,1.507,29.179910714284787,115.55852444682436,265.2185062238064,473481.99999998475,4471.3632841926255,16593.598768833177,1929.2042876106736,23.773214285713532,3.204687499999898,MATIC
378,975,1.559,1.493,1.507,31374213.405697666,1.556,29.002901785713362,116.08418514898476,268.6967136859809,473481.99999998475,4493.354207937915,16656.445345414857,1926.9275201251914,23.693749999999255,3.073437499999902,MATIC
379,976,1.637,1.546,1.556,32684433.061411902,1.63,28.80580357142766,116.72020088774445,272.13952618325595,473481.99999998475,4512.43422775254,16702.12284916416,1928.0669607434338,23.337499999999267,2.926562499999907,MATIC
380,977,1.663,1.569,1.63,34454506.63791632,1.578,28.60312499999909,117.34705591882602,275.56961094310424,473481.99999998475,4531.652377210199,16753.846498761326,1925.8233194895533,22.73906249999928,2.795312499999911,MATIC
381,978,1.616,1.569,1.578,35957534.19101449,1.612,28.3249999999991,117.68078802823645,278.21554180893685,473481.99999998475,4549.2630820136665,16796.607533917573,1924.8724468503065,21.933035714285015,2.710937499999913,MATIC
382,979,1.696,1.603,1.612,35002988.591708705,1.695,29.07187499999908,117.46120314427414,279.199749503808,473481.99999998475,4559.402215467036,16821.21833975602,1924.4652123586857,20.954017857142194,2.999999999999905,MATIC
383,980,1.746,1.653,1.695,33538501.38506589,1.658,29.172767857141935,116.90245078120545,278.86853996344087,473481.99999998475,4566.074421473767,16840.62376599939,1924.7446730476856,19.83660714285651,3.289062499999895,MATIC
384,981,1.737,1.637,1.658,33866333.021976605,1.676,28.912053571427656,116.16664907931916,277.7460935933162,473481.99999998475,4569.3677225383935,16847.65216151593,1925.3681071417059,18.615401785713697,3.204687499999898,MATIC
385,982,1.726,1.627,1.676,34139264.54470649,1.683,28.32098214285625,114.90834774630046,274.82261521474777,473481.99999998475,4563.383697945584,16827.714205932083,1924.6719694409437,17.32499999999945,3.073437499999902,MATIC
386,983,1.749,1.608,1.683,35494255.44768191,1.618,27.430803571427703,116.62022270219298,279.56971873129226,473481.99999998475,4619.399886049396,16950.692822265082,1947.3144662856437,15.999999999999488,2.926562499999907,MATIC
387,984,1.712,1.561,1.618,36350941.21613724,1.695,26.272767857142025,117.1809391907246,280.96392025946676,473481.99999998475,4651.581758008538,17026.344508143295,1962.4801788874413,14.674999999999532,2.795312499999911,MATIC
388,985,1.729,1.646,1.695,37077562.689782314,1.652,24.878124999999216,116.60558642318898,279.3657416326571,473481.99999998475,4662.714433506409,17055.837746755875,1970.2869406018312,13.384598214285287,2.710937499999913,MATIC
389,986,1.714,1.634,1.652,37000182.15127726,1.688,24.263661456987396,116.32062443431447,278.8197016748715,473482.0000000002,4670.52732654806,17076.61339331568,1974.73069943177,12.520352954835799,2.700074530997781,MATIC
390,987,1.689,1.608,1.688,36704184.82268367,1.648,22.940535874128777,115.4293437319476,276.76157559905454,473482.0000000002,4678.940726204943,17101.39014699579,1981.4786834721012,10.870156408087528,2.68844825713569,MATIC
391,988,1.676,1.588,1.648,36211113.39141962,1.592,21.49315045149308,114.05234390316629,273.2447740214224,473482.00000000023,4676.012209070011,17099.60365149942,1984.7051838561058,9.36978943789297,2.6919131058452552,MATIC
392,989,1.593,1.454,1.592,35510456.93681033,1.458,19.92311097628119,112.12093275564985,268.06456019616246,473482.0000000003,4659.671293274894,17066.217270916306,1983.607673987266,8.073777180673822,2.712418961584704,MATIC
393,990,1.52,1.438,1.458,34591704.53818101,1.513,18.232023235694008,109.5664180970776,261.01619737746233,473482.0000000003,4627.8474969512245,16996.194369336186,1977.3836272690635,7.036644772851766,2.7519157088122634,MATIC
394,991,1.527,1.424,1.513,33444345.274856877,1.435,16.42149301693242,106.32010773512883,251.89494881950944,473482.0000000003,4578.470338230631,16884.498310848787,1965.2305171049807,6.312917350848487,2.8123532319861604,MATIC
395,992,1.467,1.427,1.435,32057868.226163153,1.463,14.493126107197323,102.31330947748285,240.49607777649126,473482.0000000003,4509.469335244744,16726.092459543845,1946.3458168984996,5.957120051085676,2.8956814155646224,MATIC
396,993,1.49,1.42,1.463,30421762.47142506,1.426,12.44852829368961,97.47733113181903,226.6148475025953,473482.0000000003,4418.774006125195,16515.940179511086,1919.9270000531014,6.023778009985019,3.0038501440058756,MATIC
397,994,1.439,1.314,1.426,28525517.089967813,1.334,10.289305363610175,91.74348050581659,210.04652125200903,473482.0000000003,4304.313869003614,16249.004834840249,1885.1715399722689,6.567416363968206,3.138809301768148,MATIC
398,995,1.476,1.317,1.334,26358621.16111663,1.393,8.01706310415991,85.0430654071549,190.58636227891992,473482.0000000003,4164.01844201163,15920.249789621063,1841.2769100594842,7.642560249456913,3.3025087733096665,MATIC
399,996,1.438,1.366,1.393,23910563.76419673,1.419,5.633407302539702,77.30739364351325,168.02963383751552,473482.00000000023,3995.817243280875,15524.638407943261,1787.4405837182285,9.303734802872862,3.496898443088657,MATIC
400,997,1.444,1.353,1.419,21170833.97853333,1.374,3.139943745950447,68.46777302257098,142.17159918198325,473482.0000000002,3797.6397909429784,15057.134053896576,1722.8600343519843,11.605465160637696,3.723928195563348,MATIC
401,998,1.399,1.368,1.374,18128920.88345165,1.398,0.538278221593032,58.455511352007385,112.80752156651064,473482.0000000001,3567.4156031295724,14512.700091570738,1646.7327353642336,14.602276459173158,3.985547915191967,MATIC
402,999,1.403,1.365,1.398,14774313.558276901,1.389,-2.1699834833316203,47.201916439501744,79.73266424528515,473482.00000000006,3303.0741979722848,13886.299885055481,1558.2561601584584,18.34869383490087,4.283707486432739,MATIC
403,1000,1.391,1.369,1.389,11096501.082334317,1.376,-4.9832355816226475,34.6382960927334,42.74229047249429,473481.99999999994,3002.545093602747,13172.896798440534,1456.6277821381404,22.899242424242555,4.620356793743891,MATIC
