date,amd_open,volatility_dch,trend_ichimoku_b,trend_visual_ichimoku_b,volume_obv,volatility_bbh,close,nvda_open,symbol,is_predicted
2021-03-16,91.29837481804967,0.0,0.32995,1.723311448598131,10677393.604488498,0.0,0.9097,148.65799531254976,MANA,0
2021-03-17,90.94482382365346,0.0,0.3069,1.723311448598131,435382.89107364655,0.0,1.06,148.78593127045838,MANA,0
2021-03-18,90.63851833172919,0.0,0.3069,1.723311448598131,-8797417.439243022,0.0,0.9795,148.84489134719917,MANA,0
2021-03-19,90.4954133118873,0.0,0.3069,1.723311448598131,-1866415.0296963716,0.0,0.9657,149.01901901108405,MANA,0
2021-03-20,90.27440892627973,0.0,0.3069,1.723311448598131,4855619.355064571,0.0,0.896,149.04622622898174,MANA,0
2021-03-21,89.92762569869986,0.0,0.3069,1.723311448598131,11792254.440961665,0.0,0.9837,148.67109229223595,MANA,0
2021-03-22,89.42118176562161,0.0,0.3069,1.723311448598131,4557663.116327974,0.0,0.9171,148.00537193502225,MANA,0
2021-03-23,88.77875322273518,0.0,0.3069,1.723311448598131,12099325.69290139,0.0,0.8488,146.9827775035539,MANA,0
2021-03-24,88.0599070072146,0.0,0.303,1.723311448598131,4415675.890374855,0.0,0.8492999999999999,145.75150914702633,MANA,0
2021-03-25,87.07355423824849,0.0,0.2766,1.723311448598131,-4103010.4970177244,0.0,0.8179,143.84132954562958,MANA,0
2021-03-26,86.20347824096405,0.0,0.2766,1.723311448598131,5311114.194383758,0.0,0.8959,141.99600680214567,MANA,0
2021-03-27,85.30505844865256,0.0,0.2766,1.723311448598131,15160708.792854423,0.0,0.9251,140.2362581763904,MANA,0
2021-03-28,84.39676823104863,0.0,0.2766,1.723311448598131,7710068.284013148,0.0,1.144,138.56616766622648,MANA,0
2021-03-29,83.55143557446077,0.0,0.2766,1.723311448598131,15068584.057651294,0.0,1.09,136.95991967916058,MANA,0
2021-03-30,82.85525482552129,0.0,0.2766,1.723311448598131,5268951.384473044,0.0,1.087,135.42087503841515,MANA,0
2021-03-31,82.1992638639015,0.0,0.2766,1.723311448598131,18024630.45585655,0.0,1.02,133.76011308260897,MANA,0
2021-04-01,81.77859453814109,0.0,0.2766,1.723311448598131,33238330.937177487,0.0,1.014,132.4201032451179,MANA,0
2021-04-02,81.52336280856551,0.0,0.2766,1.723311448598131,52177717.437917955,0.0,1.037,131.19596803358206,MANA,0
2021-04-03,81.31883837835869,0.0,0.31675,1.723311448598131,74874811.08318508,0.0,0.9425999999999999,130.39219728878152,MANA,0
2021-04-04,81.01804591417054,0.44249999999999995,0.31675,1.723311448598131,48839967.64526627,0.3889536804542546,1.005,129.43389115673745,MANA,0
2021-04-05,80.82044327088506,0.44249999999999995,0.31675,1.723311448598131,19934564.651668973,0.395340329017102,1.008,128.79783002137728,MANA,0
2021-04-06,80.61479377916625,0.44249999999999995,0.31675,1.723311448598131,51588622.98470814,0.41072962859121837,0.9586999999999999,128.23574440989768,MANA,0
2021-04-07,80.47179829733456,0.4991,0.34504999999999997,1.723311448598131,85369095.9097718,0.4482107927840005,0.9295000000000001,127.7297087158435,MANA,0
2021-04-08,80.51750119243093,0.6288,0.40990000000000004,1.723311448598131,120771195.69635105,0.49629060456072505,0.9886,127.5413865566213,MANA,0
2021-04-09,80.40350567613073,0.6288,0.40990000000000004,1.723311448598131,83686214.54679418,0.5175151500665747,1.034,127.49095271314488,MANA,0
2021-04-10,80.26076890911119,0.6288,0.40990000000000004,1.723311448598131,121856943.4690385,0.5442746840007469,1.012,127.51181601455828,MANA,0
2021-04-11,80.19516831295579,0.6825,0.43674999999999997,0.32995,160249865.52250826,0.603588592985609,1.073,127.47621586322377,MANA,0
2021-04-12,80.01022621903846,1.435,0.8130000000000001,0.3069,197338528.3331477,0.7518861673305268,1.13,127.41435797895294,MANA,0
2021-04-13,79.92900077955808,1.435,0.8130000000000001,0.3069,233618832.1069122,0.8762490442306505,1.119,127.53244450091911,MANA,0
2021-04-14,79.90848730291384,1.435,0.8130000000000001,0.3069,269257842.8062012,0.982868676693549,1.092,127.78139151845254,MANA,0
2021-04-15,79.9214002847646,1.435,0.8130000000000001,0.3069,234811024.58125144,1.0389007903410374,1.241,128.11234960555623,MANA,0
2021-04-16,79.92333964790363,1.435,0.8130000000000001,0.3069,267615329.36194462,1.1176621933615205,1.3050000000000002,128.41700553553034,MANA,0
2021-04-17,79.84578600440452,1.435,0.8130000000000001,0.3069,236382493.03748354,1.1669861471275818,1.521,128.61282260758128,MANA,0
2021-04-18,79.6573955076056,1.435,0.8130000000000001,0.3069,205118968.68474793,1.2049167498994862,1.3540000000000003,128.7001285280459,MANA,0
2021-04-19,79.454859736985,1.435,0.8130000000000001,0.303,175335005.42842746,1.2224758506874371,1.318,128.783136160029,MANA,0
2021-04-20,79.22985063961323,1.435,0.8130000000000001,0.2766,202399950.86127257,1.2466530997342147,1.4070000000000003,128.893998152865,MANA,0
2021-04-21,79.04150884151207,1.435,0.8130000000000001,0.2766,178441193.59646976,1.25427748711232,1.332,129.00328895364078,MANA,0
2021-04-22,78.85041251352604,1.435,0.8130000000000001,0.2766,157143748.8800173,1.254836421159447,1.245,129.22184818812372,MANA,0
2021-04-23,78.49839008535406,1.435,0.8130000000000001,0.2766,176562329.7163582,1.2557451240350979,1.236,129.11822074140412,MANA,0
2021-04-24,78.3506887963815,1.435,0.8130000000000001,0.2766,160451063.21982524,1.2445021325158727,1.105,129.45771473816052,MANA,0
2021-04-25,78.256449929303,1.435,0.8130000000000001,0.2766,173264542.74023777,1.2290054192746351,1.094,129.9350990550817,MANA,0
2021-04-26,78.20330936908474,1.435,0.8130000000000001,0.2766,182839767.6976147,1.2117973978403622,1.228,130.35604750598765,MANA,0
2021-04-27,78.30320902721976,1.435,0.8130000000000001,0.2766,193354287.07088447,1.2306304210171195,1.3140000000000003,130.95712148802207,MANA,0
2021-04-28,78.56484083618187,1.435,0.8130000000000001,0.2766,181535401.02537814,1.2375964933750696,1.55,131.2337800843333,MANA,0
2021-04-29,78.84100621597858,1.435,0.8130000000000001,0.31675,169518032.8230638,1.217358464043931,1.458,131.54856053930953,MANA,0
2021-04-30,79.23090814181484,1.435,0.8130000000000001,0.31675,157933050.7031646,1.1746578014976996,1.489,132.37650096926947,MANA,0
2021-05-01,79.452102208135,1.435,0.8130000000000001,0.31675,145779899.55143285,1.1468460689286568,1.464,133.15510799884376,MANA,0
2021-05-02,79.76774288245356,1.198,0.8130000000000001,0.31675,156860830.0878097,1.152455306047144,1.408,134.48940781524772,MANA,0
2021-05-03,79.98535226583226,1.183,0.8130000000000001,0.34504999999999997,146387242.85471183,1.1479229018670116,1.405,135.77967342137856,MANA,0
2021-05-04,80.29768257822055,1.183,0.8130000000000001,0.40990000000000004,157039460.8516981,1.1423109256315804,1.2679999999999998,137.25376679385974,MANA,0
2021-05-05,80.69432969944562,1.183,0.8130000000000001,0.40990000000000004,167742963.01961517,1.1457387407339572,1.421,138.90370989867176,MANA,0
2021-05-06,81.17437420572296,1.183,0.8130000000000001,0.40990000000000004,156440187.5929816,1.1361761413297535,1.572,140.6632075888725,MANA,0
2021-05-07,81.52881137302685,1.183,0.8130000000000001,0.43674999999999997,144796424.05431682,1.1344838990543433,1.464,142.4802657178425,MANA,0
2021-05-08,81.81150339841585,1.183,0.8130000000000001,0.8130000000000001,156908001.65431643,1.135896641135541,1.444,144.46339473213007,MANA,0
2021-05-09,81.8131773863494,1.183,0.8130000000000001,0.8130000000000001,169576830.61681378,1.1417484305664847,1.491,145.8865683112779,MANA,0
2021-05-10,81.8275926743209,1.183,0.8130000000000001,0.8130000000000001,156714943.43387446,1.1439188982193478,1.33,147.17494540895265,MANA,0
2021-05-11,81.83891403163922,1.183,0.8130000000000001,0.8130000000000001,169902717.34263074,1.1544668315927316,1.43,148.43256757599494,MANA,0
2021-05-12,81.7249161924609,1.2,0.8130000000000001,0.8130000000000001,184814092.9953535,1.167981531482212,1.216,149.35492146355296,MANA,0
2021-05-13,81.47851430518027,1.2,0.8130000000000001,0.8130000000000001,169410635.6687446,1.1747715596108228,1.253,150.23338803563323,MANA,0
2021-05-14,81.41598761422034,1.2,0.8130000000000001,0.8130000000000001,153432648.49647278,1.1655475976412522,1.295,150.9113050426708,MANA,0
2021-05-15,81.3860990541296,1.275,0.8130000000000001,0.8130000000000001,169978046.3387267,1.1988817443380715,1.204,151.56924116270406,MANA,0
2021-05-16,81.52928220884877,1.341,0.8274499999999999,0.8130000000000001,186945258.8406324,1.2459789124981526,1.179,152.32598857879157,MANA,0
2021-05-17,81.72624192918788,1.6339999999999997,0.9272999999999998,0.8130000000000001,204115311.29925463,1.3514190442705913,1.059,153.0741555997255,MANA,0
2021-05-18,81.91006550958919,1.6339999999999997,0.9272999999999998,0.8130000000000001,186944908.85284668,1.389757022673177,1.127,153.67514906269673,MANA,0
2021-05-19,82.25009018012196,1.6339999999999997,0.9272999999999998,0.8130000000000001,170440500.9121374,1.416982588971491,0.7729,154.32070400714383,MANA,0
2021-05-20,82.46724623611732,1.6339999999999997,0.9272999999999998,0.8130000000000001,186414981.02329314,1.459936553325367,0.9590000000000001,154.68453574861306,MANA,0
2021-05-21,82.65803211586551,1.6339999999999997,0.9354,0.8130000000000001,171358111.3428405,1.4834437302680015,0.8165000000000001,154.9676420961058,MANA,0
2021-05-22,82.7243558304624,1.6339999999999997,0.9441999999999998,0.8130000000000001,157264607.42765567,1.4932891387353435,0.7567,154.78056831018776,MANA,0
2021-05-23,82.8715055908449,1.6339999999999997,0.9548999999999999,0.8130000000000001,143917735.67324537,1.495961414737383,0.6239000000000001,154.57568677833606,MANA,0
2021-05-24,82.95776713234773,1.6339999999999997,0.9849499999999999,0.8130000000000001,131171425.17418328,1.4940552122506003,0.7785,154.15488450867298,MANA,0
2021-05-25,82.96660428217217,1.6339999999999997,0.9871499999999999,0.8130000000000001,119689726.56757875,1.4918269117450316,0.7851,153.57274997574453,MANA,0
2021-05-26,83.12887206758506,1.6339999999999997,0.9871499999999999,0.8130000000000001,130386654.4388976,1.4899525002381981,1.009,153.1977225099242,MANA,0
2021-05-27,83.11708195038939,1.6339999999999997,0.9928999999999998,0.8130000000000001,140226733.4888928,1.4891255313809602,0.8955000000000001,152.39011303696836,MANA,0
2021-05-28,82.88268231493821,1.6339999999999997,1.018,0.8130000000000001,148664004.28462467,1.5356569589398212,0.8139,151.80650204930507,MANA,0
2021-05-29,82.60112870250165,1.6339999999999997,1.0539999999999998,0.8130000000000001,141522204.57448426,1.5568287057247299,0.7465,151.36977476391988,MANA,0
2021-05-30,82.21746783426569,1.6339999999999997,1.0539999999999998,0.8130000000000001,147636394.52090147,1.5748610429460668,0.7835,150.75803451878207,MANA,0
2021-05-31,81.90733846596046,1.6339999999999997,1.0539999999999998,0.8130000000000001,142259102.10987487,1.5885537397920186,0.8506,150.35971952505997,MANA,0
2021-06-01,81.48620886632115,1.6339999999999997,1.07625,0.8130000000000001,136573081.9600849,1.595023842404878,0.8283,149.7268826757111,MANA,0
2021-06-02,80.99032941715802,1.6339999999999997,1.1244,0.8130000000000001,130790798.47500694,1.5970147930427383,0.8578999999999999,149.04641246454582,MANA,0
2021-06-03,80.52524655035307,1.6339999999999997,1.2057499999999999,0.8130000000000001,125791678.60401824,1.5850063532868846,0.8881,148.69282195908212,MANA,0
2021-06-04,79.77668421608806,1.6339999999999997,1.2057499999999999,0.8130000000000001,131215565.98810068,1.5924622536022957,0.8155,147.83913721356603,MANA,0
2021-06-05,78.83822643586315,1.6339999999999997,1.2057499999999999,0.8130000000000001,136495774.10332596,1.6237411084391635,0.8159,146.53658121312898,MANA,0
2021-06-06,78.09891844817321,1.602,1.2057499999999999,0.8130000000000001,130983288.7806498,1.6150255405334422,0.8201000000000002,145.50888551984053,MANA,0
2021-06-07,77.29456579514667,1.602,1.2177,0.8130000000000001,125032776.18959193,1.6223071208830298,0.7408,144.41875838892344,MANA,0
2021-06-08,76.67255912678337,1.602,1.2177,0.8130000000000001,130948390.21805604,1.6360827805584617,0.7115,143.59679963247657,MANA,0
2021-06-09,76.10427347762001,1.602,1.2177,0.8130000000000001,125121223.17606516,1.6321937475796264,0.7371,142.70340890543346,MANA,0
2021-06-10,75.57945882592642,1.602,1.2177,0.8130000000000001,129736735.41373464,1.6380232025854076,0.6968999999999999,142.07166643142247,MANA,0
2021-06-11,75.25864198718514,1.602,1.2177,0.8274499999999999,125142124.1614513,1.6395856564186186,0.6933,141.92317061083205,MANA,0
2021-06-12,75.23307502099206,1.602,1.2177,0.9272999999999998,130999876.27170558,1.6388548715359574,0.656,142.02797075339276,MANA,0
2021-06-13,75.06869109868762,1.602,1.2177,0.9272999999999998,137940632.123154,1.6223504481759758,0.6937,142.0542013542947,MANA,0
2021-06-14,74.98122258356399,1.602,1.2177,0.9272999999999998,129943074.86379045,1.605670950467407,0.7129,142.2974528551056,MANA,0
2021-06-15,74.98691259792635,1.602,1.2258,0.9272999999999998,120997758.57004295,1.611102249824699,0.7108,142.81146235465545,MANA,0
2021-06-16,75.12902006932427,1.602,1.23625,0.9354,111170038.32462808,1.6374172769287763,0.7067,143.60433344499944,MANA,0
2021-06-17,75.40903839042967,1.602,1.23625,0.9441999999999998,121738381.97569025,1.6228071316830457,0.6895000000000001,144.67077498094912,MANA,0
2021-06-18,75.58508337224991,1.602,1.0890499999999999,0.9548999999999999,110305530.82741606,1.6810916928909478,0.6468,145.51111157961788,MANA,0
2021-06-19,75.9045415145986,1.602,1.0890499999999999,0.9849499999999999,122258372.99241792,1.6763178302148154,0.6317,146.4409518650553,MANA,0
2021-06-20,76.20261526107548,1.602,1.0890499999999999,0.9871499999999999,109436051.51692502,1.6856226150187983,0.6222,147.32634499753757,MANA,0
2021-06-21,76.629289586201,1.602,1.0890499999999999,0.9871499999999999,95397584.17041653,1.6982767674449373,0.4649,148.67791745662214,MANA,0
2021-06-22,77.10194588899368,1.602,1.063,0.9928999999999998,80911308.15575852,1.717810888028342,0.4368,150.3204097236858,MANA,0
2021-06-23,77.62038781302068,1.602,1.063,1.018,95523276.88707724,1.7199335217092464,0.5042,152.25017199175213,MANA,0
2021-06-24,78.24112239054021,1.602,1.063,1.0539999999999998,110574099.39905891,1.6972967403808594,0.5255,154.41554787158475,MANA,0
2021-06-25,78.68726100069885,1.602,1.063,1.0539999999999998,125763198.6483821,1.6330554722519595,0.4753,156.28219403879484,MANA,0
2021-06-26,79.10637238025413,1.519,1.063,1.0539999999999998,111003402.44163701,1.5841385675862516,0.47,158.17313446316894,MANA,0
2021-06-27,79.53204181875249,1.519,1.063,1.07625,96185592.31355266,1.5342576804256947,0.4942,159.88247795785662,MANA,0
2021-06-28,79.8761575358229,1.5119999999999998,1.063,1.1244,81520695.38082322,1.466711216404581,0.5067,161.52339778286554,MANA,0
2021-06-29,80.19234936237079,1.45,1.063,1.2057499999999999,95767939.76367545,1.4231158804954342,0.5496000000000001,163.26905711377847,MANA,0
2021-06-30,80.46066868815848,1.45,1.063,1.2057499999999999,109364329.07712816,1.344988092582458,0.5795,164.9611765316502,MANA,0
2021-07-01,80.71304136173809,1.329,1.063,1.2057499999999999,96735312.40306382,1.3085925997305028,0.5516,166.61553510256644,MANA,0
2021-07-02,80.92247870479055,1.329,1.063,1.2057499999999999,108591102.15213935,1.2590068305153934,0.5383,168.19003588471557,MANA,0
2021-07-03,80.82030680690235,1.308,1.063,1.2177,120243744.69588228,1.1903352994168293,0.5610000000000002,168.75087276526318,MANA,0
2021-07-04,80.91602746588586,1.288,1.063,1.2177,108944661.89438042,1.1347948032993016,0.5816,169.7110657146945,MANA,0
2021-07-05,81.1041836193604,1.263,1.063,1.2177,119621543.09567027,1.0757136108984118,0.5478000000000001,171.01599919454847,MANA,0
2021-07-06,81.22983748742256,1.263,1.063,1.2177,129014390.29285523,1.0424426849059332,0.6136,172.2945488180378,MANA,0
2021-07-07,81.36534833396927,1.162,1.063,1.2177,121181832.42755191,0.9781901285250291,0.7225,173.4748867681993,MANA,0
2021-07-08,81.43041948761,1.018,1.0470000000000002,1.2177,114189192.9741682,0.9807057818840277,0.6408,174.31577147074555,MANA,0
2021-07-09,81.45302203382505,1.018,1.0470000000000002,1.2177,120526413.36692469,0.9588944179815051,0.6955,175.32420735699233,MANA,0
2021-07-10,81.40252204451986,1.018,1.0470000000000002,1.2177,113068561.08534904,0.9595640516041419,0.7500000000000001,176.3167296818268,MANA,0
2021-07-11,81.3780509318598,1.018,1.0470000000000002,1.2258,104855180.79430911,0.9618793623893154,0.7433,177.24384183883106,MANA,0
2021-07-12,81.39333443130506,1.018,1.0470000000000002,1.23625,96059668.42215985,0.9574082876281482,0.6764,178.0096983228354,MANA,0
2021-07-13,81.55503527777276,1.018,1.0470000000000002,1.23625,105211824.21011046,0.9591568707841142,0.6505,179.10822462013215,MANA,0
2021-07-14,81.7145662171474,1.018,1.0470000000000002,1.0890499999999999,114486720.34093383,0.9590642349073437,0.7135,179.9605961016189,MANA,0
2021-07-15,81.78162198917946,1.018,1.0470000000000002,1.0890499999999999,105237816.9781685,0.9138666128623762,0.6611,180.7844057798328,MANA,0
2021-07-16,81.810356329166,0.9442999999999999,1.0470000000000002,1.0890499999999999,96130375.57427146,0.8954317161114458,0.6064,181.55378033092472,MANA,0
2021-07-17,82.00745007821233,0.9045000000000001,1.0470000000000002,1.0890499999999999,86873738.95089228,0.8909400180234279,0.6047,182.15634312288523,MANA,0
2021-07-18,82.25499462229601,0.9045000000000001,1.0470000000000002,1.063,77505747.7185466,0.8944638176699433,0.612,182.87750525133367,MANA,0
2021-07-19,82.6140703984643,0.9045000000000001,1.0470000000000002,1.063,68119214.38288619,0.8954842796762069,0.5597000000000001,183.90080610342798,MANA,0
2021-07-20,83.10624229907727,0.9045000000000001,1.0470000000000002,1.063,58813715.38863425,0.885002132296574,0.5168,185.2824158293801,MANA,0
2021-07-21,83.6962155444255,0.9045000000000001,1.0321500000000001,1.063,50233154.342580944,0.9005994239388806,0.5788000000000001,186.793461912013,MANA,0
2021-07-22,84.36303927216944,0.9045000000000001,0.9867499999999999,1.063,43934318.919317774,0.9041895341787493,0.5911,188.3496690784122,MANA,0
2021-07-23,85.42952139207023,0.8987,0.9867499999999999,1.063,48640550.07511671,0.8808560925076787,0.6753,190.37744403225432,MANA,0
2021-07-24,86.3092866982705,0.8889,0.9867499999999999,1.063,52982349.86535764,0.8656818184012225,0.7158,192.2303389583254,MANA,0
2021-07-25,87.04088235412046,0.8360000000000001,0.9867499999999999,1.063,48700316.1718243,0.8508846295577447,0.7089,193.7336180823128,MANA,0
2021-07-26,87.82018136126372,0.8360000000000001,0.9867499999999999,1.063,42062369.41579773,0.8299809278152184,0.6901000000000002,195.16479159763261,MANA,0
2021-07-27,88.56348721299567,0.7926,0.9867499999999999,1.063,50938619.97072825,0.8182953156584831,0.6992,196.6897479431907,MANA,0
2021-07-28,89.29540020227145,0.7926,0.9452499999999998,1.063,61812328.121759154,0.8080112021996422,0.6906,198.034796953195,MANA,0
2021-07-29,89.95048970154066,0.7926,0.9452499999999998,1.063,74021760.17447752,0.7903384156374906,0.7077,199.28471461022966,MANA,0
2021-07-30,90.58098981380172,0.7926,0.9417499999999999,1.063,87361665.0487628,0.7787841806362742,0.7196000000000001,200.62259273187817,MANA,0
2021-07-31,91.17091638530712,0.7557999999999999,0.91075,1.063,71446112.6708392,0.7660326446181069,0.718,201.95808664389372,MANA,0
2021-08-01,91.70288526670983,0.7557999999999999,0.91075,1.063,53013844.0740139,0.7577523157148172,0.6858,203.3303177424775,MANA,0
2021-08-02,92.24087875910874,0.7557999999999999,0.85025,1.063,73558399.75043958,0.7429031136568314,0.6905,204.68225420542473,MANA,0
2021-08-03,92.5894726123099,0.7557999999999999,0.85025,1.0470000000000002,95881700.608142,0.7235491869803604,0.6946,205.39219546658,MANA,0
2021-08-04,92.69172719716731,0.7557999999999999,0.8397499999999999,1.0470000000000002,72195840.89729677,0.700330669499267,0.7271,205.26935118947063,MANA,0
2021-08-05,92.66062441382796,0.7311,0.8297499999999999,1.0470000000000002,97217991.24675581,0.6811576036858253,0.7364,204.7264274937701,MANA,0
2021-08-06,92.37592578785468,0.7896,0.8172499999999999,1.0470000000000002,123714129.14832418,0.6903933605916144,0.7505,203.54874716826197,MANA,0
2021-08-07,91.95450193711392,0.8460999999999999,0.8172499999999999,1.0470000000000002,96881999.16060181,0.68929141473265,0.7718000000000002,202.46590852055587,MANA,0
2021-08-08,91.46879210642113,0.8460999999999999,0.7667499999999999,1.0470000000000002,124065038.1115005,0.7023723005418656,0.7201,201.52788540975746,MANA,0
2021-08-09,91.04047053881763,0.8460999999999999,0.69475,1.0470000000000002,152476209.28694826,0.7295147881479906,0.7532,200.468717544413,MANA,0
2021-08-10,90.58330080338598,0.8460999999999999,0.69475,1.0470000000000002,123899213.73344693,0.755109981186362,0.8282,199.3133961949966,MANA,0
2021-08-11,90.05007748603533,0.8460999999999999,0.69475,1.0470000000000002,94578706.81766438,0.7606704199650681,0.8213000000000001,198.04782187938056,MANA,0
2021-08-12,89.46718899181626,0.8460999999999999,0.69475,1.0470000000000002,64458670.383352846,0.7658440807944767,0.8006,196.62317967754822,MANA,0
2021-08-13,88.78444821834283,0.8460999999999999,0.69475,1.0470000000000002,95270653.8745483,0.7797954895018946,0.844,195.29455288137083,MANA,0
2021-08-14,88.12236816201612,0.8460999999999999,0.69475,1.0470000000000002,64212342.49572785,0.7805675310470094,0.838,194.07536210331978,MANA,0
2021-08-15,87.62795771700716,0.8460999999999999,0.69475,1.0470000000000002,33080317.09403242,0.7742939680816713,0.8696000000000002,192.81845640113755,MANA,0
2021-08-16,87.36247797522947,0.8460999999999999,0.69475,1.0321500000000001,2885117.137015517,0.7691182631474467,0.8471,191.82747909681527,MANA,0
2021-08-17,87.4381588458987,0.8460999999999999,0.6579,0.9867499999999999,31788434.90072219,0.7640991047764899,0.7986000000000001,191.15286136013512,MANA,0
2021-08-18,87.68151149919778,0.8460999999999999,0.638,0.9867499999999999,4659731.06972082,0.763460747158912,0.7761,190.66390519141547,MANA,0
2021-08-19,87.94656282663067,0.8460999999999999,0.638,0.9867499999999999,-20318448.891595352,0.7677366010024081,0.8203,190.28984572886816,MANA,0
2021-08-20,88.48175264426357,0.8460999999999999,0.638,0.9867499999999999,1971190.7656695573,0.7666401576036775,0.8438,189.97119053431314,MANA,0
2021-08-21,89.66132377726403,0.8460999999999999,0.638,0.9867499999999999,23765830.761798326,0.7641837389836978,0.8757,190.06935847826765,MANA,0
2021-08-22,90.64976142644593,0.8460999999999999,0.638,0.9867499999999999,45876326.29210789,0.7671049814472989,0.8847,189.9986208098215,MANA,0
2021-08-23,91.89620574712464,0.8460999999999999,0.638,0.9452499999999998,68109995.0751496,0.7755119186833601,0.9261,190.18950763769908,MANA,0
2021-08-24,93.35448487315561,0.8460999999999999,0.6351,0.9452499999999998,44920252.882900335,0.7787186360607602,0.8516,190.75543052808973,MANA,0
2021-08-25,95.0962548783817,0.8460999999999999,0.6302,0.9417499999999999,22927405.654731397,0.7823146232871088,0.9556999999999999,191.62933303628037,MANA,0
2021-08-26,96.91460987499471,0.8460999999999999,0.6088,0.91075,44201927.570529826,0.7790806889855311,0.8917,192.8549317087384,MANA,0
2021-08-27,98.73884218419985,0.7861,0.6088,0.91075,23021446.896930054,0.7823644125843613,0.9308,194.43757918902187,MANA,0
2021-08-28,100.59470398596034,0.7861,0.6088,0.85025,44499626.53862357,0.7838337812837223,0.9229,196.17358049664557,MANA,0
2021-08-29,102.25352547509,0.7847,0.6088,0.85025,66805026.64436391,0.7785012043028349,1.022,197.68786761419486,MANA,0
2021-08-30,103.76744963441247,0.7615,0.6088,0.8397499999999999,44757088.27472399,0.7740873054692278,0.9476,198.8823332888676,MANA,0
2021-08-31,105.07741828475345,0.7615,0.6088,0.8297499999999999,23921027.471030455,0.7749672691642661,0.9436,199.41703966344474,MANA,0
2021-09-01,106.40377961567133,0.7615,0.6088,0.8172499999999999,43632936.992866874,0.777914001840275,0.9816,199.927552420746,MANA,0
2021-09-02,107.48263202224116,0.7615,0.6088,0.8172499999999999,62009241.87169219,0.7754794883324423,0.9666,200.20698843682877,MANA,0
2021-09-03,108.62462486198623,0.7574999999999998,0.6088,0.7667499999999999,79344327.2900577,0.7827156447009419,0.9949,200.61129462718324,MANA,0
2021-09-04,109.45280982255585,0.7574999999999998,0.6088,0.69475,95483996.90251924,0.7910014290351874,1.055,200.664585450711,MANA,0
2021-09-05,110.08566660880692,0.7602,0.6088,0.69475,110137056.03219733,0.8001044675549261,1.079,200.61765254565012,MANA,0
2021-09-06,110.58740722621837,0.7799,0.6088,0.69475,125047587.85574149,0.8116964226971737,1.044,200.72078884328474,MANA,0
2021-09-07,110.8990900499445,0.7799,0.6088,0.69475,109609406.74761032,0.8079776720636904,0.834,200.75010837826767,MANA,0
2021-09-08,110.80296071767455,0.7799,0.6088,0.69475,124504775.45010312,0.7926122213894432,0.8522,200.5027251890664,MANA,0
2021-09-09,110.57979564836695,0.8512,0.61135,0.69475,140130935.2071339,0.8028771143888344,0.8712,200.41895592893238,MANA,0
2021-09-10,110.17005906615589,0.8639000000000001,0.6177,0.69475,125233683.30322365,0.8072427868253979,0.817,200.2398600544185,MANA,0
2021-09-11,109.59609028781813,0.8639000000000001,0.6177,0.69475,109524704.04999872,0.816385522911742,0.8316,200.26349905558357,MANA,0
2021-09-12,108.77850778954024,0.8639000000000001,0.6395500000000001,0.6579,126175567.82462987,0.8354966363801926,0.8461,200.27101270470666,MANA,0
2021-09-13,108.13384479283944,0.8639000000000001,0.6511,0.638,109602595.47457907,0.8501561579481007,0.8197,200.4622334105564,MANA,0
2021-09-14,107.69319306271072,0.8696,0.65395,0.638,125492658.90253837,0.8691734563068895,0.8443,201.00786959443127,MANA,0
2021-09-15,107.32337835005008,0.9161,0.6772,0.638,108345743.84048535,0.8806124586817725,0.8613,201.81097254071275,MANA,0
2021-09-16,106.93721097196513,0.9161,0.68505,0.638,90245760.36137208,0.8825692436742736,0.8414,202.84715534618272,MANA,0
2021-09-17,106.70322021075319,0.9161,0.7001,0.638,71137752.36862047,0.8828999509241596,0.8169,203.9712357146334,MANA,0
2021-09-18,106.89553974525928,0.9161,0.7045,0.638,90426975.07074709,0.8875571793044343,0.8229,205.38352307250867,MANA,0
2021-09-19,107.25864923170292,0.9161,0.7045,0.6351,110501208.96306565,0.8945499010292532,0.7995000000000001,206.92498018059757,MANA,0
2021-09-20,107.41135275874475,0.9485,0.7207,0.6302,131475201.36495115,0.902403351322334,0.6757,208.66791301454145,MANA,0
2021-09-21,107.65559395891938,0.9485,0.7207,0.6088,153207920.80381653,0.9094360544073551,0.612,210.53046204361922,MANA,0
2021-09-22,107.96081725869516,0.9485,0.7207,0.6088,174342237.51519755,0.9228907043940676,0.7335,212.5188928467819,MANA,0
2021-09-23,108.37409193004537,0.9685,0.7307,0.6088,153094876.2063924,0.9232710953826475,0.7639999999999999,214.74156467573297,MANA,0
2021-09-24,108.73141585417807,0.9685,0.7307,0.6088,176219295.26577115,0.9432874851174238,0.7020000000000001,216.99856262206336,MANA,0
2021-09-25,109.00561012199597,1.005,0.74895,0.6088,151571136.25947505,0.9475291901063637,0.6926,219.02194385527866,MANA,0
2021-09-26,109.29596046890178,1.005,0.74895,0.6088,176945956.30686933,0.9586852480946617,0.7118,220.68120453016397,MANA,0
2021-09-27,109.49879292589924,1.005,0.74895,0.6088,151205790.61257103,0.9586886622323579,0.6622,222.23654798779464,MANA,0
2021-09-28,109.80407398598184,1.051,0.7719499999999999,0.6088,176588315.17594075,0.9851254009637593,0.6203000000000001,223.77772862229315,MANA,0
2021-09-29,110.07852044445775,1.106,0.79945,0.6088,151360663.83556655,0.9945894520535592,0.6455999999999998,225.35181312560326,MANA,0
2021-09-30,110.32242647919985,1.106,0.79945,0.6088,126099875.55200708,1.00190605858343,0.6892000000000001,226.67955633912047,MANA,0
2021-10-01,110.4045425057376,1.106,0.79945,0.6088,150917006.6756536,1.0130239594171078,0.7538,227.54470782619842,MANA,0
2021-10-02,110.42817185776224,1.106,0.79945,0.6088,126735879.87956509,1.02181687946058,0.7521000000000001,227.87660468645734,MANA,0
2021-10-03,110.33349746635629,1.106,0.79945,0.6088,149746446.17900634,1.033988084283061,0.768,228.2742982694008,MANA,0
2021-10-04,110.11686997583585,1.106,0.79945,0.6088,171347197.71262172,1.0579818910660408,0.7668,228.3347219705509,MANA,0
2021-10-05,109.79691011735021,1.106,0.79945,0.61135,191406907.02867243,1.083345038141686,0.7818999999999999,228.41281341483887,MANA,0
2021-10-06,109.31237892423009,1.106,0.79945,0.6177,173320304.8732422,1.0930628799577669,0.7752,227.97885408400762,MANA,0
2021-10-07,108.67211574315678,1.106,0.79945,0.6177,156870312.81108424,1.0859189507224796,0.7721,227.20907762731105,MANA,0
2021-10-08,108.07559556960715,1.106,0.79945,0.6395500000000001,172018488.0092735,1.08297856963326,0.8134,226.20331244127368,MANA,0
2021-10-09,107.38436986888817,1.106,0.79945,0.6511,185346373.74106994,1.0811130260661492,0.841,225.1035423210617,MANA,0
2021-10-10,106.7060774547679,1.106,0.80415,0.65395,171460085.34567752,1.0858511477814585,0.7698,224.29626526831862,MANA,0
2021-10-11,105.98599052769463,1.106,0.8371500000000001,0.6772,184170953.93928874,1.0887971731722015,0.7621,223.37005059037176,MANA,0
2021-10-12,105.52208657604973,1.106,0.8446,0.68505,195608555.32820576,1.0897272722787539,0.7535,222.71761757645572,MANA,0
2021-10-13,105.05404661042013,1.106,0.87305,0.7001,184376970.65937576,1.091948259474509,0.7686,222.2881849731647,MANA,0
2021-10-14,104.88414470808509,1.106,0.87305,0.7045,196511881.28644234,1.0901366286320988,0.7733,221.92309637068993,MANA,0
2021-10-15,104.68608006408901,1.106,0.87305,0.7045,208295748.1641674,1.0903552249602015,0.7565,221.47498954022927,MANA,0
2021-10-16,104.49450675589364,1.106,0.87305,0.7207,197103210.9540026,1.0895827508854485,0.8089,220.80481133119693,MANA,0
2021-10-17,104.32662080866619,1.106,0.88445,0.7207,186615028.0906547,1.0899305755814481,0.765,220.13313941273668,MANA,0
2021-10-18,104.09603832959797,1.106,0.88445,0.7207,196942578.29421017,1.0768036560608187,0.7496,219.20983376161692,MANA,0
2021-10-19,103.93812101397864,1.082,0.88445,0.7307,187636127.060581,1.0738367349165454,0.7725,218.43599686281328,MANA,0
2021-10-20,103.84980855668964,1.082,0.88445,0.7307,178816037.8345188,1.083061484344152,0.8140999999999999,217.85702791894494,MANA,0
2021-10-21,103.81269701037758,1.082,0.8517,0.74895,170478552.27996325,1.0911278684910795,0.7878,217.10692076001155,MANA,0
2021-10-22,103.63462552683366,1.082,0.8517,0.74895,180289154.6154116,1.0811899895003951,0.7902,215.90607024941434,MANA,0
2021-10-23,103.42022112777924,1.082,0.8517,0.74895,191060344.25258315,1.062958490440798,0.7932,214.65432501179146,MANA,0
2021-10-24,103.27726543460244,1.082,0.8517,0.7719499999999999,179757362.06135136,1.030066419303136,0.7778,213.61120622838564,MANA,0
2021-10-25,103.21740575006699,1.079,0.8517,0.79945,167965612.4919745,0.9817731750806791,0.8091,212.59214770112038,MANA,0
2021-10-26,103.12320034333307,1.044,0.8517,0.79945,179733550.94857457,0.9312165452501652,0.8142,211.79974988187388,MANA,0
2021-10-27,103.04514476230837,0.8991,0.8517,0.79945,167929020.07790977,0.9307835838369698,0.7537,211.00906636373668,MANA,0
2021-10-28,102.96892175163211,0.8991,0.8517,0.79945,155708162.9387383,0.9300517004519464,0.9272,210.35193215097027,MANA,0
2021-10-29,102.79609347581534,0.8991,0.8517,0.79945,167746602.21378922,0.9196729816410322,1.394,209.50398051738074,MANA,0
2021-10-30,102.70230096748568,0.8817,0.8517,0.79945,179185204.85198307,0.9132400253651959,3.612,208.66662693363617,MANA,0
2021-10-31,102.7405664477997,0.8817,0.8517,0.79945,189855760.788418,0.9050113834937086,2.889,208.0901889290062,MANA,0
2021-11-01,102.95043009689549,0.8817,0.8517,0.79945,179329019.6364161,0.8935938514754705,3.0379999999999994,207.86566612379224,MANA,0
2021-11-02,103.0632805807217,0.8817,0.8517,0.79945,189610158.71324614,0.8872966537801159,3.109,207.26981344903558,MANA,0
2021-11-03,103.0557872721094,0.8817,0.8517,0.79945,179847622.55022636,0.8760502456349034,2.861,206.56041680062862,MANA,0
2021-11-04,103.15722942862861,0.8817,0.8517,0.79945,189590127.50896713,0.8617093196015899,2.505,206.02318277358356,MANA,0
2021-11-05,103.38358012437494,0.8523,0.8517,0.80415,179752151.1608603,0.8501249811723975,2.594,205.90971189566358,MANA,0
2021-11-06,103.56396190268323,0.8378,0.8517,0.8371500000000001,169904237.16753027,0.8427956428614537,2.8140000000000005,205.63918131078336,MANA,0
2021-11-07,104.0402300579174,0.8283,0.8517,0.8446,179910505.5524005,0.8408047792976729,2.828,206.0374916825909,MANA,0
2021-11-08,104.70702287298958,0.841,0.8517,0.87305,190504819.24701846,0.8494519117857519,2.692,206.81595833300884,MANA,0
2021-11-09,105.52750301020149,0.842,0.8517,0.87305,180142714.1070478,0.8531932935118106,2.549,207.78189194201755,MANA,0
2021-11-10,106.38528660876071,0.842,0.8517,0.87305,169829892.60541198,0.8482142289286451,2.496,208.64444599832143,MANA,0
2021-11-11,107.46330233982286,0.842,0.8517,0.87305,160250992.00596362,0.8493652072010458,2.6750000000000003,209.77229011058142,MANA,0
2021-11-12,108.71533777713428,0.842,0.8517,0.88445,167643281.5687156,0.849816088154837,3.305,210.95765666960995,MANA,0
2021-11-13,109.93436701978605,0.842,0.8517,0.88445,162370426.3504702,0.8528295963671371,3.248,212.39361908094543,MANA,0
2021-11-14,111.22886941432598,0.842,0.8517,0.88445,187004621.47183555,0.8535722186068683,3.211,213.84819752147536,MANA,0
2021-11-15,112.53098990916848,0.8683,0.8517,0.88445,170374849.7489521,0.860421784976836,3.296,215.71072927883006,MANA,0
2021-11-16,113.74930673667002,0.8683,0.8517,0.8517,173240196.6016373,0.857573408942954,3.245,217.78916678427953,MANA,0
2021-11-17,114.66703840323491,0.8683,0.8517,0.8517,161832388.0057069,0.8424280678565731,3.352,220.05688486098535,MANA,0
2021-11-18,115.4672635470081,0.8683,0.8517,0.8517,188511457.93309665,0.8274776724862314,3.757,222.19872743401498,MANA,0
2021-11-19,116.0561451639411,0.8683,0.8517,0.8517,229003943.56335872,0.8237250143783342,4.296,224.08330059050797,MANA,0
2021-11-20,116.35401063986815,0.8683,0.8397,0.8517,175517014.05403453,0.8245697657575112,4.018,225.04476715495892,MANA,0
2021-11-21,117.06797241653341,0.8683,0.8397,0.8517,239843760.74221104,0.825256153243008,3.648,227.23097719123663,MANA,0
2021-11-22,118.01311743088755,0.8683,0.8397,0.8517,315150485.95092964,0.8265662600831246,4.093,230.11369577815822,MANA,0
2021-11-23,118.95868208578275,0.8683,0.8397,0.8517,230242811.21089888,0.8266939265907888,4.019,233.27818009512023,MANA,0
2021-11-24,119.2610906107047,0.8683,0.8397,0.8517,322930782.6222955,0.8296441854699417,5.1610000000000005,235.93962339672973,MANA,0
2021-11-25,120.2515951803714,0.8683,0.8397,0.8517,421298493.50338167,0.8333934772116645,5.19,240.45872129030823,MANA,0
2021-11-26,121.36565465756439,0.8683,0.8382000000000001,0.8517,317974758.3188961,0.8340535846046588,4.651,244.6931853907371,MANA,0
2021-11-27,122.41662533453142,1.024,0.8206999999999999,0.8517,423137856.63197535,0.8690656421013567,4.708,249.3302310602927,MANA,0
2021-11-28,123.65979468481487,1.6109999999999998,1.1042,0.8517,529693496.88957024,1.092486192677955,5.151,253.94990541593558,MANA,0
2021-11-29,125.10981464044995,4.911,2.7542,0.8517,638147131.8173927,2.206954340033005,4.89,258.91972041810436,MANA,0
2021-11-30,126.60633239915991,4.911,2.7542,0.8517,528887122.0224296,2.565118916884667,4.644,263.88594385554967,MANA,0
2021-12-01,128.22212061881612,4.911,2.7542,0.8517,636075243.8964597,2.8988367459999287,4.553,269.1106089455655,MANA,0
2021-12-02,129.54198232037268,4.911,2.7542,0.8517,740311228.2433716,3.1970556030362682,4.411,273.7589997666136,MANA,0
2021-12-03,130.91400438035816,4.911,2.7542,0.8517,643207745.0184997,3.4016721606012754,3.914,277.61102084431445,MANA,0
2021-12-04,132.47568330253446,4.911,2.7542,0.8517,556612102.2433127,3.5213329742410364,4.117,281.54964397293287,MANA,0
2021-12-05,134.054442301814,4.911,2.7542,0.8517,637183707.1219797,3.6399277135785133,3.693,284.7186054365886,MANA,0
2021-12-06,135.93254743814035,4.911,2.7542,0.8517,710840226.2010801,3.77402192904986,3.778,288.2567722695123,MANA,0
2021-12-07,137.86853404555563,4.911,2.7542,0.8517,774434056.318261,3.889143010306883,3.816,291.8269036122637,MANA,0
2021-12-08,140.11853162390398,4.911,2.7542,0.8517,721108883.7171489,3.9668137105164605,3.7680000000000002,296.0841961826503,MANA,0
2021-12-09,142.29266975266137,4.911,2.7542,0.8517,682932515.1380408,4.012923977371614,3.461,299.7963468415302,MANA,0
2021-12-10,144.18075239828195,4.911,2.7542,0.8517,657677121.2121041,4.035983502310815,3.235,302.9432133504225,MANA,0
2021-12-11,145.9354221088499,4.911,2.7542,0.8517,672320864.9876951,4.059242116191818,3.48,305.95706686631996,MANA,0
2021-12-12,147.5766814623513,4.911,2.75615,0.8517,680266227.2739761,4.142268037451116,3.631,308.87939542701275,MANA,0
2021-12-13,149.00160358292243,4.911,2.7636499999999997,0.8517,664296871.6716775,4.17896111131015,3.169,311.3907796314685,MANA,0
2021-12-14,150.16158147879526,4.911,2.7636499999999997,0.8517,619667795.8943508,4.174668184557893,3.168,313.7389872550865,MANA,0
2021-12-15,150.83358618020532,4.911,2.7636499999999997,0.8517,675661406.1719338,4.134200449650455,3.339,315.236911371766,MANA,0
2021-12-16,151.43207312481258,4.911,2.7636499999999997,0.8397,611326471.4444693,4.0024594237307385,3.149,316.2527260030918,MANA,0
2021-12-17,152.6011251687955,4.911,2.7636499999999997,0.8397,683653005.5345675,3.817290547636273,3.0679999999999996,317.67921475000736,MANA,0
2021-12-18,153.33005416052197,4.911,2.7636499999999997,0.8397,761734875.8418685,3.72419061626316,3.431,318.36981885091586,MANA,0
2021-12-19,154.40369905062596,4.349,2.7636499999999997,0.8397,842517511.3649597,3.9179197690698944,3.256,319.59426497049685,MANA,0
2021-12-20,155.43592023167795,4.366,2.7763,0.8397,757020905.514545,4.068694420050747,3.193,321.58095802578583,MANA,0
2021-12-21,156.03383088792575,4.366,2.79505,0.8397,666634472.0782019,4.127984092142444,3.28,323.06302553584567,MANA,0
2021-12-22,156.14001406941597,4.366,2.81145,0.8382000000000001,760857572.2110851,4.262161079906826,3.286,323.60514099256295,MANA,0
2021-12-23,155.86547337940263,4.366,2.81145,0.8206999999999999,663914368.5306708,4.369371498082235,3.682,323.3933553559336,MANA,0
2021-12-24,156.21725865431696,5.505,3.10845,1.1042,762052715.1253284,4.729183577245689,3.5,324.38980006489396,MANA,0
2021-12-25,156.0982205833657,5.911,3.31145,2.7542,861386472.669861,5.024815517190876,3.7469999999999994,324.0666950225727,MANA,0
2021-12-26,155.77959131853422,5.911,3.31145,2.7542,762684807.9932368,5.162073863708085,3.858,324.32967713899944,MANA,0
2021-12-27,155.30931663172092,5.911,3.31145,2.7542,860962848.8047336,5.287850926213695,3.741,323.9112267494098,MANA,0
2021-12-28,154.68265362466596,5.911,3.31145,2.7542,957137396.5918378,5.464822261114295,3.339,323.321286494381,MANA,0
2021-12-29,154.1049683945471,5.911,3.31145,2.7542,865754707.7876889,5.541223357023037,3.259,323.4103637899569,MANA,0
2021-12-30,153.0616111789383,5.911,3.31145,2.7542,781114217.4921268,5.537686594191387,3.289,322.41188679421623,MANA,0
2021-12-31,151.14609064374167,5.911,3.31145,2.7542,702771170.2501248,5.5122190159804445,3.268,319.13466053689217,MANA,0
2022-01-01,149.95312585489614,5.911,3.31145,2.7542,632722909.844127,5.520352604687602,3.348,317.2438148294075,MANA,0
2022-01-02,148.92831583022598,5.911,3.3114999999999997,2.7542,569335001.1182139,5.491450724991024,3.338,316.05761620656773,MANA,0
2022-01-03,147.78383109909672,5.911,3.3114999999999997,2.7542,630304520.6170267,5.453559440836038,3.249,314.33653696604136,MANA,0
2022-01-04,146.67834658962872,5.911,3.3114999999999997,2.7542,575980283.6627226,5.42115577425222,3.1739999999999995,312.93875331877655,MANA,0
2022-01-05,145.48361427442907,5.911,3.3114999999999997,2.7542,623074625.7588841,5.3730296970107005,2.915,310.9451415470569,MANA,0
2022-01-06,144.16344931465784,5.911,3.3114999999999997,2.7542,664734041.2275233,5.3309970167020335,3.388,308.8249378612965,MANA,0
2022-01-07,142.54794275079,5.911,3.3114999999999997,2.75615,629138698.4887946,5.330314172001387,3.057,305.4019691944025,MANA,0
2022-01-08,140.7926643133119,5.911,3.3114999999999997,2.7636499999999997,593601064.8432533,5.357150809683291,2.933,302.0378691060106,MANA,0
2022-01-09,139.52679641927548,5.911,3.3114999999999997,2.7636499999999997,557308448.8939866,5.407411471316057,2.939,299.39917387280184,MANA,0
2022-01-10,138.49212271485567,5.911,3.3114999999999997,2.7636499999999997,593292063.4276172,5.418414997789335,2.812,297.03817974498344,MANA,0
2022-01-11,137.79807383332488,5.911,3.3114999999999997,2.7636499999999997,626887418.5620849,5.423372048898113,2.925,294.84980657440326,MANA,0
2022-01-12,137.0309709003949,5.911,3.3114999999999997,2.7636499999999997,595872234.9952242,5.462208932897119,3.087,292.2660368101844,MANA,0
2022-01-13,136.81494834763225,5.911,3.3114999999999997,2.7636499999999997,567130870.7898033,5.349129454931687,2.901,290.7104606628324,MANA,0
2022-01-14,137.54248412336185,5.463,3.3114999999999997,2.7636499999999997,595068946.132789,5.185232737774386,2.9590000000000005,290.2555241107848,MANA,0
2022-01-15,138.5528946842422,5.241,3.3114999999999997,2.7763,568790313.8536716,5.1203733394111834,2.9909999999999997,290.43094908849605,MANA,0
2022-01-16,139.2046043906849,5.241,3.3114999999999997,2.79505,544723401.4457906,5.031546821784557,3.12,289.9240442820865,MANA,0
2022-01-17,140.20964664050067,5.241,3.3276499999999998,2.81145,567394869.7607743,4.789875395766565,2.903,290.1425496237526,MANA,0
2022-01-18,140.7884636640504,4.94,3.41715,2.81145,543039993.2435228,4.583595152211561,2.859,289.52997171537294,MANA,0
2022-01-19,141.13234114987063,4.821,3.598,3.10845,518708046.72864187,4.4118694358537125,2.73,288.786505467542,MANA,0
2022-01-20,141.92168898922608,4.553,4.0595,3.31145,542869414.8783531,4.226881811698185,2.634,288.74021973609007,MANA,0
2022-01-21,143.1143537930035,4.442,4.0595,3.31145,565477655.0758524,4.045789489806183,2.22,289.8058298723946,MANA,0
2022-01-22,144.2704747983342,4.219,4.0595,3.31145,586899623.9045705,4.006346295035753,2.038,291.19729591777417,MANA,0
2022-01-23,145.6758589846701,4.15,4.0595,3.31145,565380521.5345577,3.8852363761149937,2.119,293.31528048514383,MANA,0
2022-01-24,146.68767569405227,4.15,4.0595,3.31145,586657681.5075213,3.894825379908942,2.083,295.06566263606624,MANA,0
2022-01-25,147.303675750319,4.15,4.0595,3.31145,606793080.1711166,3.9119760227554248,2.103,296.21486351829674,MANA,0
2022-01-26,147.47798407417918,3.9700000000000006,4.0595,3.31145,586816302.3358315,3.8971607961093055,2.16,296.8708985941657,MANA,0
2022-01-27,147.25663165705075,3.9700000000000006,4.0595,3.31145,566979908.9771358,3.8493081215134826,2.252,297.18979977879263,MANA,0
2022-01-28,146.51852211951743,3.9700000000000006,4.0595,3.3114999999999997,547365574.6276565,3.8424023984665867,2.284,296.000045074726,MANA,0
2022-01-29,146.1127568960143,3.9700000000000006,4.0595,3.3114999999999997,567730994.76183,3.841986838247103,2.372,295.8438516276129,MANA,0
2022-01-30,146.02244434696823,3.9700000000000006,4.0595,3.3114999999999997,547418548.8260449,3.8327030079890667,2.506,296.8623850277397,MANA,0
2022-01-31,145.29556948456985,3.9700000000000006,4.1715,3.3114999999999997,566872649.2692474,3.803989839146686,2.824,296.05940601484167,MANA,0
2022-02-01,144.36610082557763,3.9700000000000006,4.271,3.3114999999999997,547628832.9406364,3.8030858820845843,2.682,294.3895288603552,MANA,0
2022-02-02,143.24960094860165,3.9700000000000006,4.339499999999999,3.3114999999999997,528097485.1531683,3.800605052400477,2.54,292.1512922627493,MANA,0
2022-02-03,141.98778847625826,3.9700000000000006,4.339499999999999,3.3114999999999997,508404907.7970863,3.8017175395644833,2.679,289.43271842001946,MANA,0
2022-02-04,140.97503205196747,3.9700000000000006,4.2965,3.3114999999999997,489014480.0623414,3.825118734133217,2.813,287.0977301154726,MANA,0
2022-02-05,140.20040918588194,3.9700000000000006,4.2965,3.3114999999999997,506839539.6409122,3.8212407135454396,3.0150000000000006,285.3356792211441,MANA,0
2022-02-06,139.42624850102385,3.9700000000000006,4.2965,3.3114999999999997,490048322.3002297,3.8229045285539747,3.302,283.93528845309305,MANA,0
2022-02-07,138.56603397641425,3.9700000000000006,4.2965,3.3114999999999997,472444022.69464093,3.8410557306476547,3.287,281.8653561660131,MANA,0
2022-02-08,137.50288411378426,3.9700000000000006,4.2965,3.3114999999999997,489926450.38723195,3.8551175415642116,3.473,279.24776775154857,MANA,0
2022-02-09,136.3274798376176,3.9700000000000006,4.271,3.3114999999999997,471528904.8535875,3.8780744399883655,3.347,276.07320609432423,MANA,0
2022-02-10,134.9815171991033,3.9700000000000006,4.271,3.3114999999999997,490130782.47756225,3.8837161732883647,3.137,272.2555737359096,MANA,0
2022-02-11,134.13079857655507,3.9700000000000006,4.271,3.3114999999999997,509432727.08918446,3.831294624756641,2.921,269.11061041013664,MANA,0
2022-02-12,133.57745720999156,3.9700000000000006,4.271,3.3276499999999998,488719983.2346761,3.810229463463012,2.909,266.26526377200224,MANA,0
2022-02-13,132.30816940239077,3.9700000000000006,4.271,3.41715,511180255.75293654,3.7303228751978637,2.822,262.5767145395195,MANA,0
2022-02-14,130.89453571864115,3.9700000000000006,4.271,3.598,534738965.34287786,3.597129578211661,2.84,258.9065871783582,MANA,0
2022-02-15,129.37311612707813,3.745,4.047,4.0595,558110385.9319195,3.47406827491798,3.338,255.47497335160674,MANA,0
2022-02-16,127.45637733765608,3.468,3.936,4.0595,534372055.8553154,3.4480351671544978,3.2630000000000003,251.48557437487207,MANA,0
2022-02-17,125.14141087531645,3.439,3.936,4.0595,509530386.09768665,3.433343330498498,3.079,247.83248055321042,MANA,0
2022-02-18,123.96920301062325,3.439,3.936,4.0595,483982217.53804904,3.4203601682819924,2.968,245.80305152960403,MANA,0
2022-02-19,122.67895128726566,3.439,3.7775000000000003,4.0595,457223497.40237355,3.4141156605420764,2.889,243.90249961102933,MANA,0
2022-02-20,121.11589794328847,3.439,3.4795,4.0595,428848247.20488113,3.4581575156481312,2.6930000000000005,241.5201039314193,MANA,0
2022-02-21,119.76889572483773,3.439,3.133,4.0595,399041193.96781063,3.5034872506026864,2.4829999999999997,239.7755189214357,MANA,0
2022-02-22,118.22405880689243,3.439,3.0775,4.0595,429932632.29038334,3.5100296377605185,2.648,237.5801634550018,MANA,0
2022-02-23,116.84107904263533,3.439,2.966,4.0595,398129737.9103933,3.5111950773223994,2.553,235.62230138437334,MANA,0
2022-02-24,115.25330426011398,3.439,2.9315,4.0595,431667334.0379458,3.5244826548531685,2.589,233.3862424850389,MANA,0
2022-02-25,114.17519938604808,3.435,2.9315,4.0595,466108123.5230898,3.4425731047690524,2.744,231.9068489755829,MANA,0
2022-02-26,113.79956299406781,3.197,2.9315,4.1715,501255159.7171288,3.4031709199492273,2.6809999999999996,231.5774718863549,MANA,0
2022-02-27,114.26288213729492,3.197,2.8415,4.271,537139465.8110273,3.373038384738021,2.556,233.0817021608278,MANA,0
2022-02-28,114.47230793067024,3.197,2.8415,4.339499999999999,573146785.111149,3.3352092396479764,2.848,233.94443417275906,MANA,0
2022-03-01,114.93944165365669,3.197,2.8415,4.339499999999999,608566842.5311412,3.312681263092293,2.839,235.0455815928248,MANA,0
2022-03-02,115.4956334284337,3.197,2.8415,4.2965,642823337.4031513,3.2991106001129755,2.754,235.99977548462255,MANA,0
2022-03-03,116.18073369093933,3.197,2.8415,4.2965,609943196.7007059,3.2410613609622274,2.637,236.86711722100733,MANA,0
2022-03-04,117.23929608378718,3.197,2.8415,4.2965,579185744.4421868,3.2029834714032517,2.473,238.68494145528854,MANA,0
2022-03-05,118.57084754194159,3.197,2.8415,4.2965,607757840.4547082,3.163366425979777,2.559,241.3888012136655,MANA,0
2022-03-06,119.59797503607234,3.197,2.8415,4.2965,634422930.7163993,3.132387481215732,2.417,244.73613496507141,MANA,0
2022-03-07,120.38258006912939,3.185,2.8415,4.271,660275748.4971396,3.1079014827400613,2.362,247.05797174316712,MANA,0
2022-03-08,120.89968292372181,3.394,2.8415,4.271,685371761.8242549,3.20129293856355,2.393,248.42409865174187,MANA,0
2022-03-09,121.34939735446274,3.457,2.8415,4.271,661791658.2917311,3.2879773017032288,2.597424870228768,249.3231944390627,MANA,1
2022-03-10,121.64200887509368,3.492,2.8415,4.271,684830175.768755,3.4266011372907337,2.597424870228768,249.42381275039972,MANA,1
2022-03-11,122.36588383231455,3.5499999999999994,2.8415,4.271,664525895.9888561,3.5269086704402675,2.77048024635315,250.46455904074276,MANA,1
2022-03-12,122.32482570579683,3.5499999999999994,2.8415,4.271,644324070.492542,3.5827748065264355,2.77048024635315,249.9964245659885,MANA,1
2022-03-13,121.95392173868882,3.5499999999999994,2.8415,4.047,622867565.3844959,3.589532019716464,2.791011128354073,249.39482607500102,MANA,1
2022-03-14,120.92529697417824,3.5499999999999994,2.8415,3.936,601244054.3179363,3.5928530463599193,2.5913084490895275,247.75942396776227,MANA,1
2022-03-15,120.03314974988827,3.5499999999999994,2.8415,3.936,580390578.4884459,3.576415627177505,2.5913084490895275,246.41402242864095,MANA,1
2022-03-16,118.90928804022546,3.5499999999999994,2.8415,3.936,601091009.8999832,3.5527014423385808,2.5913084490895275,244.72984616755656,MANA,1
2022-03-17,117.94608265672036,3.5499999999999994,2.8415,3.7775000000000003,623155650.989699,3.582979944889144,2.5788466158986094,243.0964180912213,MANA,1
2022-03-18,117.13839978319886,3.5499999999999994,2.8415,3.4795,600056180.9063917,3.594345283734393,2.5632688812017443,242.11120141232948,MANA,1
2022-03-19,117.30228592497588,3.5499999999999994,2.729,3.133,576948849.6577697,3.5709783123051446,2.6015721172571187,242.04794260092373,MANA,1
2022-03-20,117.12457615988222,3.5499999999999994,2.6315,3.0775,553758956.3767726,3.5389172457197358,2.7105412102103235,241.57696936129753,MANA,1
2022-03-21,116.81885949202575,3.5499999999999994,2.6315,2.966,530920822.40883136,3.5148094412970714,2.7450578229904177,240.65970367022152,MANA,1
2022-03-22,116.58722318580801,3.5499999999999994,2.6315,2.9315,508233436.8657808,3.520713235408298,2.7450578229904177,239.74978171756524,MANA,1
2022-03-23,116.55191054343805,3.5499999999999994,2.6315,2.9315,485254897.81523913,3.5413739885071633,2.7450578229904177,239.33199599469648,MANA,1
2022-03-24,116.16275828906099,3.5499999999999994,2.6315,2.9315,508168212.3677339,3.5309342408771114,2.7450578229904177,238.09710761137612,MANA,1
2022-03-25,115.67688970565428,3.5499999999999994,2.6315,2.8415,485239489.2356409,3.5420479183578935,2.7450578229904177,236.63410941531924,MANA,1
2022-03-26,115.64495471715558,3.5499999999999994,2.6315,2.8415,507805998.66625625,3.55326940839631,2.7450578229904177,235.59087242398192,MANA,1
