date,volatility_dcl,gspc_open,close,nvda_open,symbol,is_predicted
2021-04-09,3893.7150694709617,0.2873,133.43839744808315,0.0007858744022230413,MATIC,0
2021-04-10,3893.7150694709617,0.3055518322000464,132.81469639193585,0.0009999352603176138,MATIC,0
2021-04-11,3893.7150694709617,0.32482756262756973,133.57530743601794,0.0006346719306095025,MATIC,0
2021-04-12,3893.7150694709617,0.33551996593281275,132.77666583973175,0.0,MATIC,0
2021-04-13,3893.7150694709617,0.34720273574611643,137.69021318450208,0.0012115868778682349,MATIC,0
2021-04-14,3893.7150694709617,0.35984658278952947,137.05890601791396,0.0037658236756490503,MATIC,0
2021-04-15,3893.7150694709617,0.3715233840944935,139.11255583693563,0.007161507355570708,MATIC,0
2021-04-16,3893.7150694709617,0.3899752523521994,138.65618921048636,0.01028732663515904,MATIC,0
2021-04-17,3893.7150694709617,0.39961402776630717,136.207021648542,0.012296441570625281,MATIC,0
2021-04-18,3893.7150694709617,0.4041638413671505,133.2634569079443,0.013192214482164259,MATIC,0
2021-04-19,3893.7150694709617,0.4042360473693994,130.39595327175476,0.01404388625637775,MATIC,0
2021-04-20,3893.7150694709617,0.4110095948221304,131.59011261096367,0.015181348293010015,MATIC,0
2021-04-21,3893.7150694709617,0.4123796046119605,132.6549680726786,0.016302689644138738,MATIC,0
2021-04-22,3893.7150694709617,0.41491431801832385,132.22902588799263,0.018545142856642764,MATIC,0
2021-04-23,3893.7150694709617,0.4169911679973307,134.60213234552876,0.01748190843715132,MATIC,0
2021-04-24,3893.7150694709617,0.4258298470733163,132.52566419518465,0.020965171935274713,MATIC,0
2021-04-25,3893.7150694709617,0.43736569108759443,134.761860664786,0.025863212494446435,MATIC,0
2021-04-26,3893.7150694709617,0.4545209620629992,146.43724019144622,0.030182211910169267,MATIC,0
2021-04-27,3893.7150694709617,0.4787289263347976,168.78399266657829,0.03634932850514835,MATIC,0
2021-04-28,4015.0111511942396,0.5064145498006465,164.70711747029821,0.03918789059808709,MATIC,0
2021-04-29,4015.0111511942396,0.5364665969261164,173.27920393710346,0.04241758914715504,MATIC,0
2021-04-30,4022.9791908361826,0.5757991646423017,167.97013884941043,0.0509123923126124,MATIC,0
2021-05-01,4022.9791908361826,0.6112421353068533,165.3156063055639,0.058901026784533475,MATIC,0
2021-05-02,4022.9791908361826,0.6510260899907547,168.19832216263507,0.07259115942439753,MATIC,0
2021-05-03,4022.9791908361826,0.6878623202628115,166.06861123920518,0.08582949392120622,MATIC,0
2021-05-04,4022.9791908361826,0.7264909186015395,159.16986906938055,0.10095393113142782,MATIC,0
2021-05-05,4022.9791908361826,0.7681993501312306,167.20192169488752,0.11788261513138669,MATIC,0
2021-05-06,4022.9791908361826,0.8124305541804909,163.60423145637918,0.13593534695540868,MATIC,0
2021-05-07,4022.9791908361826,0.8515556057321086,162.82080208097463,0.15457865822182623,MATIC,0
2021-05-08,4022.9791908361826,0.8903731532449014,170.22154753989344,0.17492588372076187,MATIC,0
2021-05-09,4022.9791908361826,0.9119908806799086,179.31084951667452,0.18952787558837159,MATIC,0
2021-05-10,4022.9791908361826,0.9351186865225434,172.36647068420496,0.20274683368196297,MATIC,0
2021-05-11,4022.9791908361826,0.9632560015656295,186.56707887721774,0.2156502411965074,MATIC,0
2021-05-12,4022.9791908361826,0.9887733360791318,184.7416123714207,0.22511374175786902,MATIC,0
2021-05-13,4022.9791908361826,1.011897373729422,185.6543456243192,0.23412695134061307,MATIC,0
2021-05-14,4023.715368411797,1.0277105577233323,217.75213168458376,0.24108248984182967,MATIC,0
2021-05-15,4028.2623475552973,1.041503548141942,226.72734200475256,0.24783302119998285,MATIC,0
2021-05-16,4028.2623475552973,1.0558396289587826,236.5392244734116,0.2555973724902598,MATIC,0
2021-05-17,4028.2623475552973,1.07307105166985,236.69134668222802,0.2632736875338769,MATIC,0
2021-05-18,4028.2623475552973,1.0874769638569497,291.4553418561391,0.2694399779902017,MATIC,0
2021-05-19,4028.2623475552973,1.1001524372380365,229.23735845022347,0.2760634764776849,MATIC,0
2021-05-20,4022.8059725830967,1.1086107441624566,244.67776264509007,0.2797964491859705,MATIC,0
2021-05-21,4022.8059725830967,1.1201962275961155,218.66486493748232,0.2827011662523408,MATIC,0
2021-05-22,4022.8059725830967,1.1227180928985439,196.53108355469323,0.28078175885141504,MATIC,0
2021-05-23,4020.727353546068,1.123560726206901,187.40375102570806,0.27867964108745746,MATIC,0
2021-05-24,4020.727353546068,1.124516484138798,238.3646909792086,0.274362141515008,MATIC,0
2021-05-25,4020.727353546068,1.1293669165389713,252.81630081676852,0.2683893467412558,MATIC,0
2021-05-26,4020.727353546068,1.1439305268014115,273.96128784225084,0.2645415040843413,MATIC,0
2021-05-27,4020.727353546068,1.1570008553961513,260.8027167796306,0.25625529983695283,MATIC,0
2021-05-28,4020.727353546068,1.1729834443720826,244.06927380982438,0.25026735639802955,MATIC,0
2021-05-29,4020.727353546068,1.1768864514991668,234.25739134116535,0.2457864635800387,MATIC,0
2021-05-30,4020.727353546068,1.1714821675509997,247.568084612602,0.23950990939475056,MATIC,0
2021-05-31,4020.727353546068,1.1699272986431821,248.0244512390513,0.2354231329225792,MATIC,0
2021-06-01,4020.727353546068,1.168930823496723,244.3735182274572,0.22893012415463315,MATIC,0
2021-06-02,4020.727353546068,1.1683156880280994,242.39592951284376,0.221948389364745,MATIC,0
2021-06-03,4020.727353546068,1.175858691713067,244.2213960186408,0.21832049339977305,MATIC,0
2021-06-04,4020.727353546068,1.1735286301097272,229.69372507667273,0.20956154937904964,MATIC,0
2021-06-05,4020.727353546068,1.1569377125350346,221.78337021821892,0.19619711344223517,MATIC,0
2021-06-06,4020.727353546068,1.1450628178039148,225.814608751854,0.18565278885973321,MATIC,0
2021-06-07,4020.727353546068,1.1274031136201497,218.5127427286659,0.17446790759609715,MATIC,0
2021-06-08,4020.727353546068,1.1158744130136204,218.05637610221663,0.16603447737156038,MATIC,0
2021-06-09,4020.727353546068,1.1002857075324466,218.96910935511514,0.1568681435370798,MATIC,0
2021-06-10,4020.727353546068,1.088598296495598,209.2332879908643,0.15038636323769017,MATIC,0
2021-06-11,4020.727353546068,1.0775577362774502,200.63838319273654,0.14886277202126677,MATIC,0
2021-06-12,4040.474234397841,1.0668770185933183,207.40782148506725,0.14993803849038725,MATIC,0
2021-06-13,4043.46224926357,1.0613434360460938,217.14364284931813,0.15020716871221287,MATIC,0
2021-06-14,4058.31571446567,1.0579018754186746,223.45671451519954,0.15270296858418053,MATIC,0
2021-06-15,4125.611005789474,1.0564280024893384,229.54160286785628,0.15797678946047541,MATIC,0
2021-06-16,4186.107480679662,1.0576047734161005,217.9803149978084,0.16611177551059456,MATIC,0
2021-06-17,4190.7410689497065,1.062562060224531,219.95790371242185,0.17705363872628402,MATIC,0
2021-06-18,4190.7410689497065,1.0692242139582344,210.45026566139563,0.1856756285942826,MATIC,0
2021-06-19,4190.7410689497065,1.0743118665471914,209.00510467763968,0.19521594081274243,MATIC,0
2021-06-20,4190.7410689497065,1.0762372951163297,211.81936554074338,0.2043002180292189,MATIC,0
2021-06-21,4190.7410689497065,1.087035538056017,189.3052786359133,0.21816757078590493,MATIC,0
2021-06-22,4190.7410689497065,1.1046307209762387,187.2516288168916,0.2350198079814805,MATIC,0
2021-06-23,4197.236753440421,1.1262205449534313,195.08592257093724,0.2548194820040953,MATIC,0
2021-06-24,4208.40933076445,1.1526686000763517,197.13957238995891,0.2770365899176409,MATIC,0
2021-06-25,4211.13751825055,1.1707771580827866,184.8176734758289,0.2961886825033026,MATIC,0
2021-06-26,4211.224127377093,1.1840053250441707,187.40375102570806,0.3155900381098187,MATIC,0
2021-06-27,4217.026938855465,1.1865895795047419,190.21801188881182,0.33312817974910264,MATIC,0
2021-06-28,4217.026938855465,1.1953556236418272,190.7504396196693,0.3499642834340286,MATIC,0
2021-06-29,4217.026938855465,1.2101307651416204,194.629555944488,0.3678750314461375,MATIC,0
2021-06-30,4217.026938855465,1.2247502732671554,194.24925042244692,0.38523645126225214,MATIC,0
2021-07-01,4217.026938855465,1.2409477145143983,187.2516288168916,0.40221043866096,MATIC,0
2021-07-02,4217.026938855465,1.2602084706989938,189.4574008447297,0.41836507218799157,MATIC,0
2021-07-03,4217.026938855465,1.2680579575213113,190.59831741085287,0.4241193495922386,MATIC,0
2021-07-04,4217.026938855465,1.2778700359195532,192.88015054309915,0.43397108506875587,MATIC,0
2021-07-05,4217.026938855465,1.2891996267135695,189.3052786359133,0.44735991433019334,MATIC,0
2021-07-06,4217.026938855465,1.2964790186730015,191.5871117681596,0.4604780409438886,MATIC,0
2021-07-07,4217.026938855465,1.2931112332142005,191.43498955934317,0.47258849985193646,MATIC,0
2021-07-08,4217.026938855465,1.2847675775085254,184.7416123714207,0.481216113354662,MATIC,0
2021-07-09,4217.026938855465,1.2807645455799241,185.57828451991102,0.49156282919153027,MATIC,0
2021-07-10,4217.026938855465,1.2731254218682366,183.9049402229304,0.5017462693059346,MATIC,0
2021-07-11,4217.026938855465,1.2669162339438822,184.8176734758289,0.5112585904839629,MATIC,0
2021-07-12,4356.6408508425575,1.2639328063611386,181.25040767908388,0.5191164022892408,MATIC,0
2021-07-13,4396.04800341956,1.2638306668696893,177.48538301087748,0.5303874603629071,MATIC,0
2021-07-14,4396.04800341956,1.2646288167061928,176.19234423593792,0.5391329300815796,MATIC,0
2021-07-15,4396.04800341956,1.2678426077802478,172.3816829050866,0.547585351063805,MATIC,0
2021-07-16,4396.04800341956,1.2715224881900598,167.29319502017736,0.555479258808296,MATIC,0
2021-07-17,4396.04800341956,1.2722271230643472,166.48694731345037,0.5616616508347135,MATIC,0
2021-07-18,4396.04800341956,1.268871819662042,165.97733791391533,0.5690608912992096,MATIC,0
2021-07-19,4396.04800341956,1.2705886756891682,161.3223983241329,0.5795601240978866,MATIC,0
2021-07-20,4396.04800341956,1.2791170528015898,157.93767917796754,0.5937356640869325,MATIC,0
2021-07-21,4364.868717864129,1.291129746817623,173.16511228049117,0.6092392420998132,MATIC,0
2021-07-22,4296.967162654526,1.3068873151435974,172.55662344522548,0.6252061801606531,MATIC,0
2021-07-23,4296.967162654526,1.3295545894439074,177.71356632410212,0.6460114802443403,MATIC,0
2021-07-24,4296.967162654526,1.351884356070538,177.72117243454292,0.6650224828644326,MATIC,0
2021-07-25,4296.967162654526,1.368965526143477,177.0214102739874,0.680446370621227,MATIC,0
2021-07-26,4296.967162654526,1.3908797840955378,182.76402365680724,0.6951304431321514,MATIC,0
2021-07-27,4296.967162654526,1.41635269883267,184.7416123714207,0.7107767426999332,MATIC,0
2021-07-28,4296.967162654526,1.4432180370733527,182.9922069700319,0.7245771638104629,MATIC,0
2021-07-29,4296.967162654526,1.4726671958390678,183.75281801411398,0.7374015218020792,MATIC,0
2021-07-30,4296.967162654526,1.5066972299917123,186.71920108603416,0.7511283684344221,MATIC,0
2021-07-31,4296.967162654526,1.5412095053637815,187.9361787565655,0.7648307526890331,MATIC,0
2021-08-01,4296.967162654526,1.580232814915996,185.4261623110946,0.7789100664393624,MATIC,0
2021-08-02,4296.967162654526,1.6119696821448066,185.12191789346176,0.7927811539347479,MATIC,0
2021-08-03,4296.967162654526,1.632591981941804,183.29645138766472,0.8000652664799496,MATIC,0
2021-08-04,4296.967162654526,1.6495168520148753,185.6543456243192,0.798804864262247,MATIC,0
2021-08-05,4296.967162654526,1.6487437811044705,186.56707887721774,0.7932343790413939,MATIC,0
2021-08-06,4296.967162654526,1.646430912765574,187.7079954433409,0.7811511877935555,MATIC,0
2021-08-07,4296.967162654526,1.6428018194225609,194.47743373567155,0.7700410875504033,MATIC,0
2021-08-08,4296.967162654526,1.6356175449713743,187.8601176521573,0.7604168182158715,MATIC,0
2021-08-09,4296.967162654526,1.6314095009974647,191.28286735052674,0.749549584040927,MATIC,0
2021-08-10,4296.967162654526,1.6293714552723202,193.56470048277302,0.7376957995160937,MATIC,0
2021-08-11,4310.39157726867,1.62693832535231,209.91783793053816,0.724710801666747,MATIC,0
2021-08-12,4299.565436450812,1.6265380748896274,206.1908438145359,0.7100937414920733,MATIC,0
2021-08-13,4268.905805654638,1.6268082769203962,220.49033144327933,0.6964618149603234,MATIC,0
2021-08-14,4265.138308650024,1.6270694703140032,215.3181763435211,0.6839527197332841,MATIC,0
2021-08-15,4244.655250222637,1.6261115044871377,217.14364284931813,0.6710566632644682,MATIC,0
2021-08-16,4233.2661500822505,1.6288836356188992,213.49270983772402,0.6608890753112373,MATIC,0
2021-08-17,4233.2661500822505,1.63709804142435,208.24449363355754,0.6539673878592772,MATIC,0
2021-08-18,4209.318726593149,1.6486233585914847,207.02751596302616,0.6489506182228303,MATIC,0
2021-08-19,4163.329280398891,1.657980316821882,217.29576505813452,0.6451127074365798,MATIC,0
2021-08-20,4163.329280398891,1.6699047201950725,223.53277561960775,0.64184325343066,MATIC,0
2021-08-21,4163.329280398891,1.6795139160733439,226.11885316948687,0.6428504724658407,MATIC,0
2021-08-22,4163.329280398891,1.6844477702016225,229.16129734581526,0.6421246925086248,MATIC,0
2021-08-23,4163.329280398891,1.6910245100706174,229.08523624140705,0.644083222338817,MATIC,0
2021-08-24,4163.329280398891,1.7053520510167852,217.75213168458376,0.6498896830293863,MATIC,0
2021-08-25,4163.329280398891,1.7220900659651626,221.78337021821892,0.658856064575989,MATIC,0
2021-08-26,4163.329280398891,1.7398862843976974,209.99389903494637,0.6714309058394851,MATIC,0
2021-08-27,4163.329280398891,1.7606477070555517,221.098820278545,0.6876691258113807,MATIC,0
2021-08-28,4163.329280398891,1.7812493995103797,216.53515401405244,0.7054807809372857,MATIC,0
2021-08-29,4163.329280398891,1.8032670066842518,213.56877094213223,0.7210176124943478,MATIC,0
2021-08-30,4163.329280398891,1.8269455520266014,205.88659939690305,0.7332730241484585,MATIC,0
2021-08-31,4163.329280398891,1.8397866904168947,207.40782148506725,0.7387591983211195,MATIC,0
2021-09-01,4163.329280398891,1.8500529875710123,217.37182616254273,0.7439971420545101,MATIC,0
2021-09-02,4163.329280398891,1.8599231546343549,215.54635965674572,0.7468642009250105,MATIC,0
2021-09-03,4163.329280398891,1.8670733373296646,216.383031805236,0.7510124480468517,MATIC,0
2021-09-04,4163.329280398891,1.8728230454127666,237.9083243527594,0.7515592205440171,MATIC,0
2021-09-05,4163.329280398891,1.8738676796634046,233.420719192675,0.7510776813220532,MATIC,0
2021-09-06,4163.329280398891,1.8765537635232494,230.6064583295712,0.7521358764722316,MATIC,0
2021-09-07,4163.329280398891,1.8831138042112212,209.00510467763968,0.7524366996589853,MATIC,0
2021-09-08,4183.465902320106,1.885612505644555,206.95145485861795,0.7498985079936626,MATIC,0
2021-09-09,4259.422106298195,1.8889952796979244,209.61359351290534,0.7490390217910274,MATIC,0
2021-09-10,4266.004399915453,1.8948238156943724,204.6696217263717,0.7472014690557243,MATIC,0
2021-09-11,4278.259591321267,1.9026803677160675,205.58235497927018,0.747444009043698,MATIC,0
2021-09-12,4278.259591321267,1.9057407220230171,206.57114933657692,0.7475211003029785,MATIC,0
2021-09-13,4297.183685470883,1.908999829125281,200.41019987951194,0.749483055775345,MATIC,0
2021-09-14,4299.7819592671685,1.9151702702023332,205.88659939690305,0.7550813715650363,MATIC,0
2021-09-15,4323.12311887047,1.9204373619883337,213.2645265244994,0.7633213381174488,MATIC,0
2021-09-16,4323.12311887047,1.927302118304408,210.7545100790285,0.7739527418481795,MATIC,0
2021-09-17,4325.0718242176845,1.932025006875696,213.64483204654044,0.785485988838673,MATIC,0
2021-09-18,4329.358975981557,1.9411953257397505,209.3854101996807,0.7999762863094645,MATIC,0
2021-09-19,4329.358975981557,1.9495659689783629,205.50629387486197,0.8157918863784744,MATIC,0
2021-09-20,4329.358975981557,1.9616443938270407,191.81529508138422,0.8336746600892385,MATIC,0
2021-09-21,4329.358975981557,1.976073685641598,185.12191789346176,0.8527847153727994,MATIC,0
2021-09-22,4331.091158512413,1.9914454077135868,199.1932222089806,0.8731863380859417,MATIC,0
2021-09-23,4331.957249777842,2.0095955911192633,198.73685558253132,0.8959913117351451,MATIC,0
2021-09-24,4342.350344962985,2.027531726106714,191.28286735052674,0.9191484769189326,MATIC,0
2021-09-25,4343.649481861128,2.0462376556380817,190.90256182848572,0.9399086967159975,MATIC,0
2021-09-26,4343.649481861128,2.0683266252925407,191.13074514171032,0.9569329804969172,MATIC,0
2021-09-27,4343.649481861128,2.090889037804973,188.08830096538193,0.9728910567656337,MATIC,0
2021-09-28,4373.529630518416,2.1109938732659397,185.4261623110946,0.9887038201707417,MATIC,0
2021-09-29,4393.449729623274,2.1284316312757556,189.15315642709686,1.004854182609333,MATIC,0
2021-09-30,4440.2186579564195,2.1479067841880233,191.20680624611853,1.018477043439606,MATIC,0
2021-10-01,4447.580433712563,2.1603010854029128,201.85536086326792,1.0273536380895203,MATIC,0
2021-10-02,4447.580433712563,2.167891989540029,204.06113289110598,1.030758953734354,MATIC,0
2021-10-03,4447.580433712563,2.17008377519051,206.41902712776053,1.0348393544310965,MATIC,0
2021-10-04,4447.580433712563,2.1673685723373324,202.61597190735003,1.0354593114101553,MATIC,0
2021-10-05,4447.580433712563,2.1631889371924684,205.65841608367842,1.0362605423008426,MATIC,0
2021-10-06,4447.580433712563,2.1562993244813278,201.17081092359402,1.031808049145745,MATIC,0
2021-10-07,4376.99399558013,2.1428569459122935,202.61597190735003,1.0239100177845308,MATIC,0
2021-10-08,4376.99399558013,2.122950685544311,207.7881270071083,1.0135907037651992,MATIC,0
2021-10-09,4376.99399558013,2.0965840961338698,208.24449363355754,1.0023068838665814,MATIC,0
2021-10-10,4376.99399558013,2.068697127224795,200.2580776706955,0.9940240903045192,MATIC,0
2021-10-11,4376.99399558013,2.0363334248771223,200.10595546187912,0.9845209774072582,MATIC,0
2021-10-12,4376.99399558013,2.008967094757785,198.50867226930671,0.9778269088108845,MATIC,0
2021-10-13,4376.99399558013,1.9847026106647487,199.9538332530627,0.9734208606149246,MATIC,0
2021-10-14,4376.99399558013,1.9670455692745397,201.7792997588597,0.9696749923087651,MATIC,0
2021-10-15,4376.99399558013,1.9482911202354583,227.41189194442646,0.9650773435116835,MATIC,0
2021-10-16,4376.99399558013,1.9349229215835368,220.26214813005473,0.9582012063338144,MATIC,0
2021-10-17,4376.99399558013,1.9154637070541238,216.53515401405244,0.951309743454823,MATIC,0
2021-10-18,4376.99399558013,1.894982289403266,218.20849831103305,0.9418364776448706,MATIC,0
2021-10-19,4376.99399558013,1.8748582382254295,217.82819278899197,0.9338967854887295,MATIC,0
2021-10-20,4369.632219823987,1.8602028471303673,222.46792015789276,0.9279564701724304,MATIC,0
2021-10-21,4334.122477941413,1.8437547975494966,220.1100259212383,0.9202602489981028,MATIC,0
2021-10-22,4334.122477941413,1.8199087759887451,220.94669806972857,0.9079393278913077,MATIC,0
2021-10-23,4334.122477941413,1.7944947210351534,230.3782750163466,0.895096218626285,MATIC,0
2021-10-24,4334.122477941413,1.7757578558186238,225.05399770777194,0.8843936506363964,MATIC,0
2021-10-25,4334.122477941413,1.7600147404001636,232.96435256622576,0.8739379447788892,MATIC,0
2021-10-26,4334.122477941413,1.742829017825247,237.45195772631016,0.86580781456703,MATIC,0
2021-10-27,4334.122477941413,1.7306426318795087,239.20136312769895,0.8576952733627409,MATIC,0
2021-10-28,4334.122477941413,1.7221061630223307,267.80033838518585,0.850952969703275,MATIC,0
2021-10-29,4334.122477941413,1.7130096667356793,259.4336169002828,0.8422528483412592,MATIC,0
2021-10-30,4334.122477941413,1.6949467683905388,248.10051234345954,0.8336614646904514,MATIC,0
2021-10-31,4334.122477941413,1.6856778953649048,253.19660633880957,0.8277471172214462,MATIC,0
2021-11-01,4334.122477941413,1.6830658198475044,250.458406580114,0.8254434768055033,MATIC,0
2021-11-02,4334.122477941413,1.676401628503465,253.04448412999318,0.8193299316704817,MATIC,0
2021-11-03,4334.122477941413,1.6696254276099125,260.4984723619977,0.812051406940455,MATIC,0
2021-11-04,4334.122477941413,1.6649072824974571,251.44720093742077,0.8065392986432982,MATIC,0
2021-11-05,4334.122477941413,1.6606222050489383,249.92597884925655,0.8053750690223477,MATIC,0
2021-11-06,4334.122477941413,1.658213732858594,248.9371844919498,0.8025993813211143,MATIC,0
2021-11-07,4334.122477941413,1.6662996202136815,249.01324559635802,0.8066861103716925,MATIC,0
2021-11-08,4334.122477941413,1.6862621951260788,249.69779553603195,0.8146733045306891,MATIC,0
2021-11-09,4334.122477941413,1.7145249099598243,240.72258521586318,0.8245839401060362,MATIC,0
2021-11-10,4339.752071166699,1.7470891208404948,234.9419412808392,0.8334338846947099,MATIC,0
2021-11-11,4341.051208064843,1.787672063399912,239.12530202329077,0.8450057483074487,MATIC,0
2021-11-12,4341.051208064843,1.8343168415668287,236.00679674255414,0.8571678015584903,MATIC,0
2021-11-13,4341.051208064843,1.8751243914812303,238.82105760565793,0.8719010089196537,MATIC,0
2021-11-14,4341.051208064843,1.9150082024558261,237.07165220426907,0.8868252197612692,MATIC,0
2021-11-15,4346.247755657414,1.9493966876784483,234.25739134116535,0.9059350978341484,MATIC,0
2021-11-16,4346.247755657414,1.9895245758617954,224.2933866636898,0.9272602039185949,MATIC,0
2021-11-17,4346.247755657414,2.0302331201023587,230.15009170312197,0.9505273593796438,MATIC,0
2021-11-18,4367.466991660415,2.068962168792905,219.42547598156438,0.9725030117465226,MATIC,0
2021-11-19,4381.324451907273,2.0969745400727153,228.93311403259065,0.9918390381513297,MATIC,0
2021-11-20,4393.01668399056,2.120753946159298,232.35586373096007,1.0017038411246242,MATIC,0
2021-11-21,4393.01668399056,2.155080995398416,227.3358308400182,1.02413471086416,MATIC,0
2021-11-22,4393.01668399056,2.1952562320601685,224.2173255592816,1.0537118713592568,MATIC,0
2021-11-23,4393.01668399056,2.233787849918811,238.82105760565793,1.0861799939681143,MATIC,0
2021-11-24,4393.01668399056,2.271542067509469,233.87708581912426,1.1134868341284527,MATIC,0
2021-11-25,4393.01668399056,2.313079880134168,252.0556897726864,1.1598535118533713,MATIC,0
2021-11-26,4393.01668399056,2.3493805700992834,230.3022139119384,1.2032998006716136,MATIC,0
2021-11-27,4393.01668399056,2.3784478614015785,228.32462519732496,1.2508766417180373,MATIC,0
2021-11-28,4393.01668399056,2.4006220372251055,231.36706937365335,1.2982752502647856,MATIC,0
2021-11-29,4393.01668399056,2.4278813715161025,243.84109049659978,1.3492663586639784,MATIC,0
2021-11-30,4393.01668399056,2.4546157889386806,241.3310740511288,1.400220617026287,MATIC,0
2021-12-01,4409.039372400989,2.4793125366813253,258.2166392297514,1.4538265286825989,MATIC,0
2021-12-02,4425.928152076847,2.4967801522295177,267.2679106543284,1.5015197728243708,MATIC,0
2021-12-03,4428.526425873133,2.516043153075073,278.7531374199681,1.5410421341684655,MATIC,0
2021-12-04,4484.389312493278,2.5358553363480674,256.08692830632157,1.5814530466083265,MATIC,0
2021-12-05,4484.389312493278,2.554493782856697,261.56332782371265,1.6139671054687905,MATIC,0
2021-12-06,4484.389312493278,2.5734296240446093,278.90525962878445,1.650269271330761,MATIC,0
2021-12-07,4484.389312493278,2.591702321755077,284.15347583295096,1.6868993982506062,MATIC,0
2021-12-08,4484.389312493278,2.6120285281956415,289.55381424593384,1.7305799108751059,MATIC,0
2021-12-09,4484.389312493278,2.6284882674289856,264.3775886868164,1.7686671790246191,MATIC,0
2021-12-10,4539.386107847996,2.645958676548046,264.8339553132656,1.8009545400637514,MATIC,0
2021-12-11,4543.283518542425,2.6593576983295795,268.1045828028187,1.8318771662100666,MATIC,0
2021-12-12,4554.542704992997,2.669663933033337,264.3015275824082,1.8618607314637659,MATIC,0
2021-12-13,4560.172298218283,2.6743219421950966,243.76502939219156,1.8876279409364605,MATIC,0
2021-12-14,4560.172298218283,2.678477585268379,253.19660633880957,1.9117209322102735,MATIC,0
2021-12-15,4560.172298218283,2.675922908569848,267.496093967553,1.9270898767231044,MATIC,0
2021-12-16,4527.693875764709,2.6732378941490453,262.9324277030604,1.93751229968187,MATIC,0
2021-12-17,4527.693875764709,2.6766407492102813,267.496093967553,1.9521483057087459,MATIC,0
2021-12-18,4520.7651456412805,2.661483982451137,275.33038772159864,1.9592340158518766,MATIC,0
2021-12-19,4520.7651456412805,2.65128435785524,274.56977667751653,1.9717970317358238,MATIC,0
2021-12-20,4520.7651456412805,2.6415551983939465,267.4200328631448,1.9921808248737891,MATIC,0
2021-12-21,4520.7651456412805,2.628646785644093,286.13106454756445,2.007387078029571,MATIC,0
2021-12-22,4520.7651456412805,2.60235146099409,295.7908248074071,2.012949270587299,MATIC,0
2021-12-23,4520.7651456412805,2.5701248135811148,309.7100069141095,2.0107763155879583,MATIC,0
2021-12-24,4520.7651456412805,2.5432592228160753,293.20474725752797,2.0209999999999995,MATIC,0
2021-12-25,4520.7651456412805,2.5150818792758725,306.4393794245565,2.0176848898338986,MATIC,0
2021-12-26,4520.7651456412805,2.4848431107055897,324.38980006489396,2.0203831290238714,MATIC,0
2021-12-27,4520.7651456412805,2.456959263681301,312.9806344036625,2.016089760122627,MATIC,0
2021-12-28,4520.7651456412805,2.4377055707610324,295.10627486773325,2.0100368773734516,MATIC,0
2021-12-29,4520.7651456412805,2.431163413828757,293.73717498838545,2.010950824881082,MATIC,0
2021-12-30,4520.7651456412805,2.4265640628825573,299.82206334104217,2.000706288876886,MATIC,0
2021-12-31,4520.7651456412805,2.41090053198299,297.6923524176123,1.967081415664711,MATIC,0
2022-01-01,4520.7651456412805,2.4118581178945293,301.26722432479824,1.9476810318688507,MATIC,0
2022-01-02,4520.7651456412805,2.4231522694910708,299.5938800278176,1.9355104415080824,MATIC,0
2022-01-03,4520.7651456412805,2.435334605371812,290.54260860324064,1.917851889212075,MATIC,0
2022-01-04,4520.7651456412805,2.4484602951750736,285.4465146078906,1.9035104021657374,MATIC,0
2022-01-05,4520.7651456412805,2.4616134253135766,271.3752102923718,1.8830556218744585,MATIC,0
2022-01-06,4520.7651456412805,2.469495794483922,276.8516098097628,1.8613019880024135,MATIC,0
2022-01-07,4535.055651520853,2.4694350751148777,261.56332782371265,1.826181774017695,MATIC,0
2022-01-08,4542.417427276996,2.4706582492468763,256.5432949327708,1.7916655612013088,MATIC,0
2022-01-09,4542.417427276996,2.4766023517419327,266.4312385058381,1.764592119914206,MATIC,0
2022-01-10,4542.417427276996,2.488430208893082,263.23667212069324,1.7403679370323668,MATIC,0
2022-01-11,4542.417427276996,2.4996563314595597,285.0662090858495,1.717914873183865,MATIC,0
2022-01-12,4542.417427276996,2.5067349001174395,287.95653105336146,1.6914049761216308,MATIC,0
2022-01-13,4542.417427276996,2.5206942273309974,277.6882819582531,1.6754445124186141,MATIC,0
2022-01-14,4542.417427276996,2.5411192846411903,283.31680368446064,1.670776789569757,MATIC,0
2022-01-15,4542.417427276996,2.562888264652731,284.15347583295096,1.6725766783081701,MATIC,0
2022-01-16,4542.417427276996,2.5693180101895927,283.01255926682785,1.6673757527364095,MATIC,0
2022-01-17,4572.730621566998,2.5870412532752307,274.41765446870016,1.6696176529998668,MATIC,0
2022-01-18,4572.730621566998,2.597683833976122,266.81154402787917,1.6633325042537856,MATIC,0
2022-01-19,4572.730621566998,2.6023283032526643,259.9660446311402,1.6557044199050228,MATIC,0
2022-01-20,4572.730621566998,2.6067890741202446,254.71782842697377,1.6552295207893075,MATIC,0
2022-01-21,4572.730621566998,2.633781058647938,235.0180023852474,1.6661628537097222,MATIC,0
2022-01-22,4572.730621566998,2.6659053472635086,222.46792015789276,1.6804395211355283,MATIC,0
2022-01-23,4636.821375208715,2.701840069124497,228.55280851054957,1.7021703864927766,MATIC,0
2022-01-24,4636.821375208715,2.733720178941055,220.33820923446294,1.7201295914045787,MATIC,0
2022-01-25,4645.915333495716,2.7660229729295582,224.06520335046517,1.7319205789428855,MATIC,0
2022-01-26,4645.915333495716,2.7943785090091806,226.42309758711974,1.7386516052794205,MATIC,0
2022-01-27,4645.915333495716,2.8139077424476993,226.57521979593614,1.7419235831833964,MATIC,0
2022-01-28,4645.915333495716,2.8225592824300314,232.96435256622576,1.7297165068521776,MATIC,0
2022-01-29,4645.915333495716,2.8400948976599913,234.48557465438995,1.7281139367384986,MATIC,0
2022-01-30,4645.915333495716,2.865793156684619,227.64007525765106,1.738564254706351,MATIC,0
2022-01-31,4645.915333495716,2.877,230.530397225163,1.7303255597305633,MATIC,0
2022-02-01,4645.915333495716,2.8708356043496366,230.91070274720408,1.7131923491461458,MATIC,0
2022-02-02,4686.621622970861,2.8552178319602968,222.6961034711174,1.69022767844477,MATIC,0
2022-02-03,4733.823596936721,2.8355192214367606,223.91308114164877,1.6623346696616763,MATIC,0
2022-02-04,4733.823596936721,2.8103395887472136,234.56163575879816,1.6383773107466988,MATIC,0
2022-02-05,4768.90029318658,2.7910052883102723,235.77861342932954,1.620298382634005,MATIC,0
2022-02-06,4768.90029318658,2.781654312294845,237.9083243527594,1.6059301461053297,MATIC,0
2022-02-07,4717.367862893577,2.7619168507536824,259.12937248264996,1.5846923049415393,MATIC,0
2022-02-08,4717.367862893577,2.729291353856075,253.4247896520342,1.5578354230398617,MATIC,0
2022-02-09,4717.367862893577,2.683736747209018,260.5745334664059,1.525263905284612,MATIC,0
2022-02-10,4717.367862893577,2.6230489462905022,249.7738566404401,1.4860943777808246,MATIC,0
2022-02-11,4717.367862893577,2.5697905864665276,236.00679674255414,1.4538265437093365,MATIC,0
2022-02-12,4717.367862893577,2.517145286122284,234.9419412808392,1.4246328254733307,MATIC,0
2022-02-13,4717.367862893577,2.44876256650929,231.74737489569438,1.3867877117885747,MATIC,0
2022-02-14,4717.367862893577,2.378494958323155,231.59525268687796,1.349131609492986,MATIC,0
2022-02-15,4717.367862893577,2.310361888547757,247.9483901346431,1.313922694765236,MATIC,0
2022-02-16,4717.367862893577,2.2341834775409373,245.28625148035576,1.2729908138840498,MATIC,0
2022-02-17,4717.367862893577,2.160275167954037,231.975558208919,1.2355094784678455,MATIC,0
2022-02-18,4717.367862893577,2.1059658569003634,226.80340310916077,1.214687207359963,MATIC,0
2022-02-19,4717.367862893577,2.067138640413723,229.76978618108095,1.195187236263243,MATIC,0
2022-02-20,4603.909907122427,2.0183264505182854,220.56639254768754,1.1707434699870838,MATIC,0
2022-02-21,4500.845046536422,1.9767064171881024,212.5039154804173,1.1528437446820456,MATIC,0
2022-02-22,4500.845046536422,1.934999823152063,216.8393984316853,1.1303190413450321,MATIC,0
2022-02-23,4460.138757061277,1.9021956851053419,214.78574861266358,1.1102310587882331,MATIC,0
2022-02-24,4460.138757061277,1.8660250345418978,215.16605413470464,1.0872887316245088,MATIC,0
2022-02-25,4460.138757061277,1.8401524424401505,223.60883672401596,1.0721099141488455,MATIC,0
2022-02-26,4460.138757061277,1.8405558554237162,220.87063696532036,1.0687304517636853,MATIC,0
2022-02-27,4460.138757061277,1.8649165122736562,216.07878738760314,1.084164098478809,MATIC,0
2022-02-28,4460.138757061277,1.8806775882048985,228.47674740614136,1.0930158689210976,MATIC,0
2022-03-01,4460.138757061277,1.8995111376772251,229.0091751369988,1.1043138201397162,MATIC,0
2022-03-02,4460.138757061277,1.9207793089950802,230.07403059871376,1.1141040043114159,MATIC,0
2022-03-03,4460.138757061277,1.9447547497731563,226.1949142738951,1.1230030712746406,MATIC,0
2022-03-04,4460.138757061277,1.9765972611960922,217.82819278899197,1.141654242905871,MATIC,0
2022-03-05,4460.138757061277,2.0181581212642254,220.26214813005473,1.1693962827957758,MATIC,0
2022-03-06,4460.138757061277,2.0625390946722306,214.70968750825537,1.2037404702739274,MATIC,0
2022-03-07,4460.138757061277,2.0932425029014095,213.18846542009118,1.2275628923933515,MATIC,0
2022-03-08,4460.138757061277,2.1001466862357647,215.62242076115393,1.2415795761636303,MATIC,0
2022-03-09,4460.138757061277,2.097692936073237,220.1100259212383,1.2508044448423492,MATIC,0
2022-03-10,4460.138757061277,2.0869340854821417,221.20898262543344,1.251836805044508,MATIC,1
2022-03-11,4460.138757061277,2.0895284726841505,221.5382374492289,1.2625150308705761,MATIC,1
2022-03-12,4460.138757061277,2.064871878894518,220.63116647391823,1.2577118951930555,MATIC,1
2022-03-13,4460.138757061277,2.0211572492183643,216.82942619103406,1.2515393970511033,MATIC,1
2022-03-14,4460.138757061277,1.9639362626531287,216.82942619103406,1.2347599060458874,MATIC,1
2022-03-15,4504.742457230851,1.9153608719112822,222.856953268517,1.2209558679294104,MATIC,1
2022-03-16,4533.3234689899955,1.8626334747049191,224.8946607003362,1.2036759461909103,MATIC,1
2022-03-17,4533.3234689899955,1.8126107139972607,226.3971118414396,1.1869167090630997,MATIC,1
2022-03-18,4533.3234689899955,1.7640529161082132,226.00323647313658,1.1768082260615913,MATIC,1
2022-03-19,4533.3234689899955,1.7356775231643018,226.00323647313658,1.176159180391242,MATIC,1
2022-03-20,4533.3234689899955,1.7085436392978428,233.09997879008748,1.1713269185254744,MATIC,1
2022-03-21,4533.3234689899955,1.6753966025210265,233.42413817123827,1.1619156236857058,MATIC,1
2022-03-22,4533.3234689899955,1.6473232229043273,202.5732464794305,1.1525796767938288,MATIC,1
2022-03-23,4500.412000903708,1.637570674785334,197.8484738058545,1.1482931274809993,MATIC,1
2022-03-24,4477.893628002564,1.6229052849512189,199.08154157423735,1.1356229722765676,MATIC,1
2022-03-25,4477.893628002564,1.5996617420028492,195.4262776564107,1.1206123733769295,MATIC,1
2022-03-26,4433.2899278329905,1.5852535245231336,195.4262776564107,1.1099085925544812,MATIC,1
