date,volatility_dcl,volume_adi,gspc_open,trend_visual_ichimoku_b,btc_open,close,nya_open,symbol,is_predicted
2020-09-12,0.0,284478.2052425536,3366.499687576186,19.19659216965742,11813.476669642481,5.612,12866.847783115523,ATOM,0
2020-09-13,0.0,-602352.4891718681,3369.2331304276618,19.19659216965742,11817.060033481766,5.304999999999999,12880.814934212409,ATOM,0
2020-09-14,0.0,-1166866.2155390747,3374.115611648451,19.19659216965742,11813.004870535338,5.377,12895.097348458019,ATOM,0
2020-09-15,0.0,-71723.6246222155,3380.2973670413435,19.19659216965742,11801.736962053199,4.869,12908.472155107358,ATOM,0
2020-09-16,0.0,-2136567.7596530123,3386.876469475775,19.19659216965742,11816.242729910338,5.123,12924.40026484857,ATOM,0
2020-09-17,0.0,-2278438.449640695,3391.941096877944,19.19659216965742,11778.364100446053,5.063000000000001,12932.024297659322,ATOM,0
2020-09-18,0.0,-1995229.849412408,3396.559106063735,19.19659216965742,11766.97613616034,4.968,12933.58161664649,ATOM,0
2020-09-19,0.0,-208687.4504865775,3407.896385955702,19.19659216965742,11792.729694196054,4.939,12947.395437403675,ATOM,0
2020-09-20,0.0,-2251802.8038985906,3421.88286972035,19.19659216965742,11806.913015624623,4.664,12972.393913050648,ATOM,0
2020-09-21,0.0,-483591.3898832255,3434.398580551038,19.19659216965742,11818.43563839248,4.078,12987.450489152767,ATOM,0
2020-09-22,0.0,1284759.0423631247,3445.638131005314,19.19659216965742,11796.869544642483,4.204,13002.792141941201,ATOM,0
2020-09-23,0.0,1648725.9668307581,3454.9092649731224,19.19659216965742,11761.053464285342,3.841,13012.447446768212,ATOM,0
2020-09-24,0.0,1877912.788178054,3462.281202479662,19.19659216965742,11718.087147321054,4.481,13015.228604779511,ATOM,0
2020-09-25,0.0,306863.63968582277,3466.656770215606,19.19659216965742,11666.713361606775,4.798,13019.53390241309,ATOM,0
2020-09-26,0.0,-87126.14568176858,3471.5526545932207,19.19659216965742,11570.912897321057,4.598,13029.449487958225,ATOM,0
2020-09-27,0.0,293183.27762204636,3474.644720077404,19.19659216965742,11468.63127008892,4.722,13029.310948180739,ATOM,0
2020-09-28,0.0,-1335094.2275877232,3475.5927522385723,19.19659216965742,11367.550124999636,4.827,13024.392667715474,ATOM,0
2020-09-29,0.0,-1027309.4427956026,3475.302368981387,19.19659216965742,11266.709308035357,5.309,13021.369398934085,ATOM,0
2020-09-30,0.0,-2222044.7337433957,3471.414764077213,19.19659216965742,11152.081696428213,5.374,13011.032799420624,ATOM,0
2020-10-01,5.304,-2608745.195317879,3466.3551629746567,19.19659216965742,11040.518678571074,5.140999999999999,13001.607941981309,ATOM,0
2020-10-02,5.304,-3048597.0374509944,3463.3756992883946,19.19659216965742,10952.656738838938,4.904,13000.88635210268,ATOM,0
2020-10-03,4.932,-3829892.3831310715,3458.345810699352,19.19659216965742,10864.073982142507,5.01,12994.035151671947,ATOM,0
2020-10-04,4.761,-3416092.520349206,3452.835848562948,19.19659216965742,10778.465180803227,5.321,12989.722893196784,ATOM,0
2020-10-05,4.575,-3585855.4274796722,3445.553482927485,19.19659216965742,10704.528915178229,5.362,12978.63110068144,ATOM,0
2020-10-06,4.468,-3432340.941140543,3437.4241970061166,19.19659216965742,10634.394283481804,4.733,12966.887169319829,ATOM,0
2020-10-07,4.468,-3257691.6195263653,3426.813048444367,19.19659216965742,10603.06433258895,4.878,12951.410355267793,ATOM,0
2020-10-08,4.468,-3286046.2778663402,3413.428774315861,6.0055,10570.185629463951,5.032,12927.743736702645,ATOM,0
2020-10-09,4.468,-3058956.556548253,3403.8330582753856,6.0255,10563.367345981807,5.158,12920.146969168114,ATOM,0
2020-10-10,4.468,-3238251.195405793,3392.3514362334126,6.0255,10516.004638392522,5.544,12905.00362156418,ATOM,0
2020-10-11,4.468,-2787677.1434714333,3377.2206387655006,6.0255,10486.565872767524,6.085,12871.398601422581,ATOM,0
2020-10-12,4.468,-2435540.704372157,3363.41871386926,6.0255,10457.584078124666,5.968,12841.154750060627,ATOM,0
2020-10-13,4.468,-2706364.7726641046,3351.6085100445357,6.0255,10447.860642856811,6.013999999999999,12813.835734775681,ATOM,0
2020-10-14,4.468,-2593306.245822281,3340.633732495882,5.9445,10452.66035714252,5.738,12788.72073189831,ATOM,0
2020-10-15,4.468,-2965027.092582944,3332.0842290059795,5.9445,10478.212310267523,5.764,12767.716708591597,ATOM,0
2020-10-16,4.468,-2623432.2985700793,3323.556836754829,5.9985,10523.068774553232,5.409,12739.407622854644,ATOM,0
2020-10-17,4.468,-2562622.062208541,3322.0357631137326,5.9985,10609.494399553232,5.439000000000001,12729.866986301557,ATOM,0
2020-10-18,4.468,-2623402.8644049983,3323.4929659161185,6.9535,10689.157187499659,5.769,12718.351390511243,ATOM,0
2020-10-19,4.468,-2710733.8645594884,3322.383878762276,6.9535,10711.514167410372,5.503,12703.572696576397,ATOM,0
2020-10-20,4.468,-3043281.823703689,3318.6779108863866,7.0825000000000005,10738.341263392515,5.032,12681.058231026384,ATOM,0
2020-10-21,3.961,-3486543.1617015055,3314.0782643998323,7.0825000000000005,10741.647857142516,5.241999999999999,12654.59398280512,ATOM,0
2020-10-22,3.961,-3194655.5347802825,3312.007657786672,7.0825000000000005,10753.9222053568,5.448,12634.894294738366,ATOM,0
2020-10-23,3.806,-3792693.3351497035,3308.9294889721496,7.0825000000000005,10763.709223213942,5.367,12612.106273323747,ATOM,0
2020-10-24,3.8,-3189019.2078466346,3306.5115237643686,7.0825000000000005,10744.130921874657,5.548,12591.364169529103,ATOM,0
2020-10-25,3.8,-2450523.445947269,3307.052908652064,7.0825000000000005,10720.444779017515,5.297,12584.833515929771,ATOM,0
2020-10-26,3.8,-2604746.496149214,3307.5032417296306,7.0825000000000005,10691.758805803229,5.150999999999999,12580.530179704536,ATOM,0
2020-10-27,3.8,-2235273.295220843,3310.863422175711,7.0825000000000005,10666.377926338948,5.150999999999999,12589.187470571931,ATOM,0
2020-10-28,3.8,-2667096.3811595184,3315.089037431884,7.0825000000000005,10641.328229910378,4.815,12607.380893379895,ATOM,0
2020-10-29,3.8,-2073164.944701827,3322.7749926429783,6.8965000000000005,10620.912299106805,4.641,12635.644888523246,ATOM,0
2020-10-30,3.8,-2175778.0083376374,3337.8671560013927,6.811,10622.460522321091,4.628,12689.582295008666,ATOM,0
2020-10-31,3.8,-2566110.582491271,3353.339971542252,6.718,10633.712455356803,4.619,12739.897175161776,ATOM,0
2020-11-01,3.8,-2725620.0284515503,3367.498173141372,6.6645,10671.668058035375,4.748,12790.562226431306,ATOM,0
2020-11-02,3.8,-2691778.2486364567,3383.5228644778667,6.6645,10715.546698660373,4.618,12850.820067705019,ATOM,0
2020-11-03,3.8,-2029552.8308241586,3396.586494500187,6.6645,10761.2479241068,4.477,12898.532694570946,ATOM,0
2020-11-04,3.8,-1548258.982820243,3411.7762353623525,6.6645,10815.332381696086,4.388,12952.952803911072,ATOM,0
2020-11-05,3.8,-2299438.0899830726,3425.699419130488,6.6645,10868.764140624653,4.508,13001.638608659601,ATOM,0
2020-11-06,3.8,-1700737.6523622388,3438.874394879912,6.6645,10869.682883928224,4.884,13048.10513044043,ATOM,0
2020-11-07,3.8,-1162925.9742737783,3450.951053891753,6.6645,10888.588111606798,4.625,13089.348308453827,ATOM,0
2020-11-08,3.8,-967039.2215189871,3457.7488480703078,6.6645,10913.016729910365,4.816,13113.538286045201,ATOM,0
2020-11-09,3.8,-671428.2208498,3462.228165980638,6.6645,10971.126640624652,5.14,13127.109550693642,ATOM,0
2020-11-10,3.8,-261823.41393113788,3469.446881212397,6.6645,11050.794718749648,5.091000000000001,13151.06371438121,ATOM,0
2020-11-11,3.8,-403720.09142722347,3476.7971981047476,6.6645,11147.631604910357,5.042,13175.927315847792,ATOM,0
2020-11-12,3.8,-369325.47827067826,3484.5061434608447,6.6645,11237.460767856785,5.037,13207.59260580838,ATOM,0
2020-11-13,4.352,-713979.0657289999,3492.747183009445,6.6645,11359.399622767494,5.22,13233.41090305831,ATOM,0
2020-11-14,4.457,-540205.7338604131,3495.771046611129,6.6645,11493.773984374635,5.053000000000001,13240.704672022808,ATOM,0
2020-11-15,4.521,-926783.69351507,3497.5297929490207,6.6645,11634.015988838915,4.979,13234.354675292547,ATOM,0
2020-11-16,4.567,-782818.3479726721,3493.6276672907125,6.4110000000000005,11766.49300223177,5.089,13204.899482944613,ATOM,0
2020-11-17,4.567,-352358.6953763324,3487.761688341302,6.4110000000000005,11907.295475446048,5.294999999999999,13177.98210383782,ATOM,0
2020-11-18,4.567,-714154.6160301571,3477.126388767676,6.333500000000001,12058.945084821045,5.118,13132.969483293387,ATOM,0
2020-11-19,4.567,-1120521.82731164,3461.1544985633827,6.330500000000001,12196.070254463897,5.101000000000001,13076.479321942594,ATOM,0
2020-11-20,4.567,-1131619.7035306296,3443.038791547393,6.330500000000001,12337.788562499605,5.279999999999999,13016.592316545344,ATOM,0
2020-11-21,4.567,-1043613.4378060403,3423.2373442512508,6.330500000000001,12411.085241071032,5.936,12951.817789131845,ATOM,0
2020-11-22,4.567,-968436.9217047027,3403.7424143108915,6.330500000000001,12507.882104910315,5.488999999999999,12879.070068576943,ATOM,0
2020-11-23,4.567,-723462.4132373643,3388.18856517236,6.330500000000001,12666.114238838882,5.814,12828.011579458642,ATOM,0
2020-11-24,4.567,-968416.1851575488,3377.74474449147,6.330500000000001,12806.445504463878,5.963,12794.111774117195,ATOM,0
2020-11-25,4.567,-1028609.1791433053,3372.294246237511,6.330500000000001,12977.554189731733,5.911,12778.161622837202,ATOM,0
2020-11-26,4.622,-1169140.6061048694,3368.60257034291,6.330500000000001,13160.922698660293,5.34,12771.104453386168,ATOM,0
2020-11-27,4.729,-1366407.4247723476,3369.8015798840133,6.330500000000001,13340.865738838862,5.366,12783.867849731034,ATOM,0
2020-11-28,4.541,-1495334.7251317874,3373.7264716011064,6.330500000000001,13497.065546874574,5.447,12806.021612984383,ATOM,0
2020-11-29,4.349,-1305836.1816526602,3374.8762912749185,6.330500000000001,13663.154174106707,5.434000000000001,12811.790731157162,ATOM,0
2020-11-30,4.349,-1593309.6317126572,3380.8412614003873,6.330500000000001,13850.619026785276,5.574,12840.658579580711,ATOM,0
2020-12-01,4.349,-1644110.8575385483,3389.833545303237,6.330500000000001,14029.855131695982,5.267,12882.094515554834,ATOM,0
2020-12-02,4.349,-1903602.3476376804,3401.2993257793964,6.330500000000001,14167.32433035669,5.516,12938.592612565855,ATOM,0
2020-12-03,4.33,-1895525.9210353738,3415.6314515793943,6.330500000000001,14267.980950892405,5.503,13001.050972420417,ATOM,0
2020-12-04,4.216,-1764277.392451596,3431.826441083527,6.330500000000001,14385.304854910253,5.061,13075.212329319129,ATOM,0
2020-12-05,4.216,-1570301.4773954884,3448.127599879564,6.330500000000001,14516.562223213823,5.264,13154.232980564242,ATOM,0
2020-12-06,4.216,-1259303.8007860293,3465.973511396024,6.330500000000001,14667.213310267389,5.216,13237.354564775316,ATOM,0
2020-12-07,4.216,-1550110.6434751952,3486.1001331873185,6.330500000000001,14852.213982142384,5.097,13330.588740539128,ATOM,0
2020-12-08,4.216,-1394479.1383446318,3505.8963274818393,6.330500000000001,15067.968265624519,4.739,13423.87313537555,ATOM,0
2020-12-09,4.216,-1071437.238664981,3525.0441087449176,6.330500000000001,15307.493479910221,4.804,13505.826391819117,ATOM,0
2020-12-10,4.216,-1097295.1609917628,3543.2760819570226,6.330500000000001,15516.757598213788,4.663,13590.943501281306,ATOM,0
2020-12-11,4.216,-1493150.8763248178,3560.406660079842,6.239000000000001,15757.83867633878,4.71,13677.294505309621,ATOM,0
2020-12-12,4.216,-1765582.435895486,3574.3921793800314,5.8565000000000005,16097.175560267338,5.07,13745.67538016139,ATOM,0
2020-12-13,4.216,-1379784.0803270424,3583.797452708539,5.8495,16394.833212053054,5.196,13801.216489736935,ATOM,0
2020-12-14,4.216,-1762608.03095327,3591.6893916537633,5.8495,16646.162212053045,5.229,13848.351564679386,ATOM,0
2020-12-15,4.216,-1865605.8242347902,3597.1489433832376,5.8495,16860.158814731603,5.289999999999999,13890.864583260229,ATOM,0
2020-12-16,4.216,-1673837.9301417605,3599.195614787396,5.808,17005.575178570885,5.491,13919.954364449193,ATOM,0
2020-12-17,4.216,-1473137.9073299859,3597.7943355014195,5.7225,17188.78592857088,5.363,13939.67766636395,ATOM,0
2020-12-18,4.216,-1570731.0615934422,3594.7605138505064,5.557,17323.663194195884,5.331,13951.402705164874,ATOM,0
2020-12-19,4.216,-1608665.9787457786,3592.913591112295,5.272,17454.807314731588,5.293,13955.246626935243,ATOM,0
2020-12-20,4.216,-1558474.810918239,3592.8213674271665,5.032,17611.114183035155,5.033,13958.349332754507,ATOM,0
2020-12-21,4.216,-642323.2661461945,3593.639673287413,5.032,17799.97204464229,5.035,13961.304401070285,ATOM,0
2020-12-22,4.216,-995366.9248851158,3598.609004047824,5.032,17975.634281249422,4.945,13987.33119419598,ATOM,0
2020-12-23,4.216,-468338.748627031,3604.946048681962,5.032,18111.345140624424,4.396,14017.929315839045,ATOM,0
2020-12-24,4.289,-662194.7598284573,3610.8835506983023,5.032,18296.86260044585,4.958,14041.414206804104,ATOM,0
2020-12-25,4.471,-1118126.7516713312,3617.2678366523683,5.032,18432.462107142266,4.906,14069.355513653989,ATOM,0
2020-12-26,4.513,-1537728.9527943882,3624.191873768283,5.032,18545.738879463694,4.807,14100.444342258546,ATOM,0
2020-12-27,4.566,-1100311.1931888475,3629.6882528031415,5.032,18648.943339285117,4.834,14117.801884677985,ATOM,0
2020-12-28,4.678,-779484.8939284324,3634.190175083589,5.032,18712.590895088684,5.378,14132.802292305634,ATOM,0
2020-12-29,4.867,-762189.0617936364,3640.791187776721,5.032,18741.177669642257,5.622999999999999,14162.325000653496,ATOM,0
2020-12-30,4.867,-476176.88921935216,3647.773551886306,5.032,18731.697287945826,5.434000000000001,14199.108878216975,ATOM,0
2020-12-31,4.867,-837752.015530585,3653.2823354992383,5.032,18684.030404017256,6.4830000000000005,14229.177194431399,ATOM,0
2021-01-01,4.867,-319599.0001835697,3658.832804216541,5.032,18572.85597767798,5.879999999999999,14252.751332527798,ATOM,0
2021-01-02,4.867,-356258.1414858618,3664.642941720028,5.032,18468.202457588694,5.412,14280.260500662213,ATOM,0
2021-01-03,4.867,-796442.771011231,3669.5329780577445,5.032,18403.40654241012,5.830000000000001,14307.120928300676,ATOM,0
2021-01-04,4.935,-402038.29322633176,3674.512921578427,5.032,18358.891772320843,6.049,14331.470840889613,ATOM,0
2021-01-05,4.944,-273287.14248315373,3677.890063585437,5.032,18434.021979910125,6.221,14347.623793465296,ATOM,0
2021-01-06,4.944,-626441.8955884068,3679.4780422754484,5.032,18598.469618302974,6.698,14351.525399779817,ATOM,0
2021-01-07,4.645,-885357.4009582439,3680.1401796067303,5.032,18740.461299106544,6.263,14347.901998682923,ATOM,0
2021-01-08,4.572,-661045.5093677635,3681.0671443938036,5.032,18952.099236606537,5.946,14357.273205347965,ATOM,0
2021-01-09,4.572,-1134391.7754968326,3682.206691632835,5.032,19220.465116070813,6.560999999999999,14367.543058994377,ATOM,0
2021-01-10,4.487,-1025042.864832972,3683.620952224614,5.24,19469.555187499376,6.421,14375.795524160741,ATOM,0
2021-01-11,4.487,-527700.641035353,3685.086966541717,5.24,19604.22184821366,5.724000000000001,14384.156274413603,ATOM,0
2021-01-12,4.487,-621266.2701651603,3686.252924128824,5.24,19788.964698660086,5.712,14389.323939949665,ATOM,0
2021-01-13,4.487,-423234.14270436537,3686.0658083233343,5.24,20004.070178570797,6.243,14392.061111231753,ATOM,0
2021-01-14,4.487,-128993.68930716818,3686.5692703245886,5.24,20274.55958705293,6.463000000000001,14395.559213256376,ATOM,0
2021-01-15,4.487,345105.9794654479,3687.647132927913,5.24,20612.932497767197,7.912999999999999,14398.024009704131,ATOM,0
2021-01-16,4.487,6048.050949879575,3687.680564934749,5.24,20980.02560491005,9.029,14388.317578560509,ATOM,0
2021-01-17,4.487,10986.689117616303,3688.9134635379155,5.24,21415.118294642176,8.543,14383.313931055973,ATOM,0
2021-01-18,4.487,-400330.8656876103,3690.783343560237,5.24,21807.44991294573,9.538,14383.327497645329,ATOM,0
2021-01-19,4.487,-694661.6496856321,3694.4753603797817,5.316000000000001,22216.833323660005,8.913,14388.748811775838,ATOM,0
2021-01-20,4.487,-457626.6954164358,3701.717149843371,5.349,22783.4794754457,8.909,14405.515078952872,ATOM,0
2021-01-21,4.487,-339182.1815891525,3707.9827654156184,5.349,23339.788303570684,7.16,14411.393213544112,ATOM,0
2021-01-22,4.242,-859868.0213628022,3711.1847647529507,5.349,23848.089062499243,8.006,14403.152858624679,ATOM,0
2021-01-23,4.227,36700.88427005806,3714.0466021945313,5.349,24301.189227677787,8.337,14403.560979134236,ATOM,0
2021-01-24,4.227,65799.79462356934,3716.1873111178716,5.349,24831.16283705277,8.24,14410.165960256938,ATOM,0
2021-01-25,4.227,-332809.9777982898,3718.541085433841,5.349,25471.19018973133,7.744000000000001,14420.712133788606,ATOM,0
2021-01-26,4.227,-69489.22590684905,3722.203295353363,5.349,26258.947749999163,7.744000000000001,14440.317851910813,ATOM,0
2021-01-27,4.227,717621.7354036603,3726.285768835767,5.349,27221.26145535627,6.989999999999999,14457.792282539998,ATOM,0
2021-01-28,4.227,2038723.2198042467,3730.5322033472244,5.349,28228.653944195536,8.057,14479.010354395812,ATOM,0
2021-01-29,4.227,679143.4373418874,3733.7768367766143,5.349,29030.912183034798,7.992,14495.70815233457,ATOM,0
2021-01-30,4.227,2230413.232275593,3739.8448350087747,5.349,29734.144508927628,8.067,14527.853753443662,ATOM,0
2021-01-31,4.227,1425809.1023404303,3747.141569954889,5.349,30626.22903794545,8.162,14563.369646562383,ATOM,0
2021-02-01,4.227,487257.7931332529,3754.968202372841,5.349,31588.857283481142,9.286,14605.752526855002,ATOM,0
2021-02-02,4.227,2006782.6717196938,3760.6438590457265,5.349,32526.505830356105,8.901,14637.086883544454,ATOM,0
2021-02-03,4.227,3189678.3610855276,3765.6673714227845,5.349,33409.562654016794,9.317,14667.82122105143,ATOM,0
2021-02-04,4.227,4464104.877186021,3768.481088638186,5.349,34246.88623214176,9.164,14695.358383396226,ATOM,0
2021-02-05,4.227,5732721.473532726,3770.0347736902395,5.349,34974.41809598102,12.220000000000002,14726.291648210332,ATOM,0
2021-02-06,4.227,4734893.296307431,3772.2816725593457,5.349,35844.93091517744,12.08,14767.570194134922,ATOM,0
2021-02-07,4.227,4201296.079628616,3774.1931058609985,5.349,36403.8225714274,13.86,14802.978535024993,ATOM,0
2021-02-08,4.227,5999859.879125785,3777.714739826627,5.349,36859.12347321313,14.19,14839.71823468842,ATOM,0
2021-02-09,4.227,5417397.28932631,3781.4795544759368,5.349,37178.48262053454,15.09,14873.97939910841,ATOM,0
2021-02-10,4.227,5452995.074725343,3784.8680910926714,5.349,37425.09033705238,15.01,14905.929542105065,ATOM,0
2021-02-11,4.227,4412330.357640857,3789.491248321413,5.349,37496.88285937381,17.68,14936.946568733829,ATOM,0
2021-02-12,4.554,7286443.435892641,3798.692678015452,5.349,37544.25134151667,21.150000000000002,14980.003163582463,ATOM,0
2021-02-13,4.554,8586667.5614218,3804.794642639039,5.349,37298.213203123814,20.26,15001.004748752664,ATOM,0
2021-02-14,4.554,9865794.564005723,3811.4532560074827,5.349,36972.43118749883,19.14,15025.341665430953,ATOM,0
2021-02-15,4.793,11091066.448911276,3817.878293881976,5.349,36546.154830355976,22.5,15043.964132035999,ATOM,0
2021-02-16,5.001,10796319.888230218,3822.7849179402915,5.349,36087.899066963146,25.13,15051.51236354235,ATOM,0
2021-02-17,5.001,12157489.044754991,3823.650927189297,5.349,35655.98194642743,23.87,15039.81987021262,ATOM,0
2021-02-18,5.001,9933752.938900363,3821.9779994963387,5.349,35120.09352008816,23.06,15013.3449700487,ATOM,0
2021-02-19,5.001,10455116.410058303,3816.763842337351,5.349,34406.69658705249,22.87,14965.960750034401,ATOM,0
2021-02-20,5.001,8458448.099524677,3809.5291643958913,5.3545,33827.5215714275,21.61,14917.666446576324,ATOM,0
2021-02-21,5.001,9475859.357691146,3804.4356428417627,5.3545,33363.39483705251,21.63,14879.051433235785,ATOM,0
2021-02-22,5.001,9798147.68109355,3802.933849334595,5.3545,33086.85288392751,21.150000000000002,14851.228812952928,ATOM,0
2021-02-23,5.001,9380985.526213322,3802.111672701033,5.3545,33028.54869419537,20.27,14819.320708356112,ATOM,0
2021-02-24,5.001,7713303.645217963,3801.6165877204767,5.3545,32775.3397321418,19.56,14783.288635689401,ATOM,0
2021-02-25,5.001,8247143.072316555,3801.9494886669586,5.3665,32660.229852677538,17.8,14751.1896525787,ATOM,0
2021-02-26,5.001,7138968.830274852,3803.6806864601012,5.371,32674.374053570384,18.87,14730.774924141551,ATOM,0
2021-02-27,5.001,7940632.832854753,3806.724408558315,5.371,32606.324205356104,19.18,14719.168782260973,ATOM,0
2021-02-28,5.001,7424794.759786241,3810.2246633255972,5.371,32906.722194195376,17.67,14715.131822204125,ATOM,0
2021-03-01,5.001,7688454.098042844,3813.605243955218,5.371,33504.1309308025,18.71,14713.93701564197,ATOM,0
2021-03-02,5.506,7187142.911409498,3817.401512854319,5.371,34102.36962499891,18.88,14724.488442338747,ATOM,0
2021-03-03,5.532,9473314.365802282,3821.726420320662,5.599500000000001,34857.43604240961,21.43,14743.141556875576,ATOM,0
2021-03-04,6.134,8401142.359786548,3827.2945108139998,5.599500000000001,35682.49090178458,18.83,14767.28540758358,ATOM,0
2021-03-05,6.447,10291767.871587833,3832.8206885200375,5.599500000000001,36564.88996874883,18.7,14800.450900704045,ATOM,0
2021-03-06,6.602,10855073.579900855,3839.7998836516113,5.599500000000001,37612.36652455238,18.93,14848.166532679492,ATOM,0
2021-03-07,6.602,13124536.533198474,3850.9110680170193,5.695,38594.77507142734,19.49,14900.851009041446,ATOM,0
2021-03-08,6.602,11874551.314810662,3861.505606623935,5.695,39490.07744642731,19.4,14948.810767690999,ATOM,0
2021-03-09,6.602,15405942.987416947,3872.5335371288697,5.695,40526.564584820146,21.110000000000003,15003.555460030213,ATOM,0
2021-03-10,6.602,15517690.87746733,3884.8446847096975,5.695,41766.14787276652,19.61,15063.196869113986,ATOM,0
2021-03-11,6.602,17642334.67110902,3896.052753557353,5.695,43255.63515848076,19.33,15125.204596600728,ATOM,0
2021-03-12,6.602,19822796.221690804,3906.002762113173,6.347,44625.38001339144,18.56,15181.642451694543,ATOM,0
2021-03-13,6.78,22485230.42885975,3918.312534931603,6.912,46031.95230133782,19.36,15253.194078281456,ATOM,0
2021-03-14,6.78,25038064.721269842,3924.6962669916256,6.912,47201.0727031235,18.46,15308.64325670466,ATOM,0
2021-03-15,6.78,23817620.79439458,3929.959755924645,7.033,48342.25085490919,19.86,15362.573392813056,ATOM,0
2021-03-16,6.78,21854666.6313473,3930.3276975902945,7.2035,49392.85101115915,21.030000000000005,15390.887346321704,ATOM,0
2021-03-17,6.78,24149177.77338407,3925.0746669223076,7.2035,50071.00940401625,20.89,15391.003051103373,ATOM,0
2021-03-18,6.829,25464234.981344055,3919.283202034963,7.2035,50593.230629462676,22.11,15382.720965139715,ATOM,0
2021-03-19,7.7,24701035.27961056,3915.961602456105,7.2035,50868.46228348052,22.190000000000005,15377.07751464795,ATOM,0
2021-03-20,7.704,21692588.201831594,3913.748149871701,7.2035,51175.546571426945,20.89,15380.693930489184,ATOM,0
2021-03-21,7.704,23148973.537299253,3906.825273350182,7.2035,51406.21187946265,20.52,15363.770972551129,ATOM,0
2021-03-22,7.844,21642418.92586644,3900.784590639264,7.2035,51435.65709821265,19.21,15348.142590331543,ATOM,0
2021-03-23,8.666,21175425.595090408,3894.7493462152606,7.2035,51277.58650446266,18.73,15333.296485900391,ATOM,0
2021-03-24,8.666,24117846.6790202,3887.8523785181173,7.2035,50979.56129464124,17.45,15313.51453857373,ATOM,0
2021-03-25,8.666,24746069.53241129,3878.893357195049,7.2035,50441.528901784106,17.12,15287.025542340474,ATOM,0
2021-03-26,9.03,23306621.8486384,3870.2949320110724,7.2035,50216.392562498404,18.95,15261.713649422294,ATOM,0
2021-03-27,11.28,20669205.209829547,3862.9116197312346,7.2035,49954.558832587696,18.7,15234.967376054548,ATOM,0
2021-03-28,11.47,23300807.84203277,3855.798263004725,7.2035,49679.1183794627,19.31,15211.923169380798,ATOM,0
2021-03-29,13.29,21866829.429290947,3849.9167342048504,7.2035,49433.60795758771,20.26,15196.171073477124,ATOM,0
2021-03-30,13.57,21496197.84571381,3847.0801346368935,7.2035,49359.972455355586,19.98,15190.57557089621,ATOM,0
2021-03-31,13.57,23021064.236260936,3844.8129459924826,7.2035,49468.94621428413,19.1,15189.122974940228,ATOM,0
2021-04-01,14.8,22394146.77593762,3845.895578384277,7.2035,49594.78504017699,19.48,15199.394090488497,ATOM,0
2021-04-02,14.8,23654226.160469852,3848.735656356689,8.5735,49616.24165624842,20.32,15212.18757542153,ATOM,0
2021-04-03,14.8,22416136.400880136,3854.0079666136467,8.938500000000001,49795.150917409126,20.07,15239.850792366631,ATOM,0
2021-04-04,14.8,22404007.220172457,3859.934235545444,9.1135,50152.279354909115,21.56,15271.525526645719,ATOM,0
2021-04-05,14.8,23476044.810279828,3867.134278324549,9.6335,50545.36464062338,21.43,15299.71848035491,ATOM,0
2021-04-06,15.22,25069635.079713304,3873.291294206769,9.8635,51279.83358705192,21.65,15333.095254516113,ATOM,0
2021-04-07,15.22,25517823.009233482,3878.982049342441,9.8635,52264.534919641184,19.55,15368.844022477886,ATOM,0
2021-04-08,15.22,26796916.926009722,3886.1384906222597,11.3035,53391.09157142687,20.53,15414.775169808032,ATOM,0
2021-04-09,15.22,25943006.503590498,3893.7150694709617,13.2235,54501.35752008755,21.38,15460.465895080066,ATOM,0
2021-04-10,15.22,26370204.676890403,3899.883248737756,13.2235,55350.731502230374,21.030000000000005,15498.256172833633,ATOM,0
2021-04-11,15.22,26280844.38274242,3906.397452872016,13.387,55992.39547767679,23.430000000000003,15534.328920200398,ATOM,0
2021-04-12,15.22,27033889.619100507,3910.010934502613,14.767,56413.60206473034,22.0,15557.348521422846,ATOM,0
2021-04-13,15.22,25567112.373332452,3913.959109006484,15.612000000000002,56723.00371874818,23.89,15569.259964860694,ATOM,0
2021-04-14,16.12,25910896.753458787,3918.232078116155,15.7315,56851.4817455339,27.07,15580.571343121712,ATOM,0
2021-04-15,16.12,26484888.76554439,3922.1782355716005,15.835500000000001,56797.04837723033,27.83,15585.847189548542,ATOM,0
2021-04-16,16.12,26870929.31545733,3928.414016723507,15.835500000000001,56909.19045981962,25.52,15604.965124947188,ATOM,0
2021-04-17,16.52,26585579.265252158,3931.6714263914764,15.835500000000001,56929.71906696247,24.4,15613.45735299197,ATOM,0
2021-04-18,16.52,26367868.682150338,3933.2090290613296,15.835500000000001,56991.95324106961,21.46,15617.216901288215,ATOM,0
2021-04-19,17.54,25172213.408290483,3933.233430971293,15.835500000000001,56982.79526785532,19.28,15604.78003300208,ATOM,0
2021-04-20,17.76,24992278.51235815,3935.5225411550077,15.835500000000001,56841.36773660533,21.3,15602.609511674655,ATOM,0
2021-04-21,17.76,23979353.462149538,3935.9855339049036,15.835500000000001,56576.15190178392,19.62,15592.828051103364,ATOM,0
2021-04-22,17.76,22758258.046046127,3936.8421364919222,15.835500000000001,56392.68152678391,18.78,15581.383317783402,ATOM,0
2021-04-23,16.5,22213201.49068297,3937.5440048216515,15.835500000000001,56302.08620535535,20.51,15571.829344394735,ATOM,0
2021-04-24,16.5,21794924.75850472,3940.5310231343783,15.835500000000001,56177.07789285533,18.47,15562.833859252438,ATOM,0
2021-04-25,16.5,23035946.72907806,3944.4295442852385,15.835500000000001,56089.22929687319,18.69,15558.628060476622,ATOM,0
2021-04-26,16.5,23205212.09891007,3950.22714233386,15.835500000000001,56038.819395087485,22.100000000000005,15564.107022094233,ATOM,0
2021-04-27,16.5,23470214.093990542,3958.4081874846156,15.835500000000001,56000.834558033916,23.08,15577.564786420053,ATOM,0
2021-04-28,16.5,23747688.63993702,3967.7645023344694,15.835500000000001,56243.994037944634,22.95,15595.007053483734,ATOM,0
2021-04-29,16.5,23651035.397647075,3977.920546504303,16.088,56311.17631249821,22.22,15618.021807860832,ATOM,0
2021-04-30,16.5,23590133.08706795,3991.2129286628533,16.101,56336.69200669463,22.74,15647.39990147132,ATOM,0
2021-05-01,16.5,23857896.756392173,4003.1908273423146,16.402,56480.93842856962,23.78,15671.39376983593,ATOM,0
2021-05-02,16.5,24955546.404627223,4016.635755048351,16.558500000000002,56893.109122766036,23.14,15701.576402936165,ATOM,0
2021-05-03,16.5,23907492.6355521,4029.0845037186573,16.636000000000003,57362.45987053391,22.97,15730.549960108661,ATOM,0
2021-05-04,16.5,24809897.185894728,4042.1389804838805,16.636000000000003,58044.8003191946,21.0,15762.061997549372,ATOM,0
2021-05-05,16.5,25130947.56317716,4056.2342822482315,16.636000000000003,58726.424944194565,24.88,15799.868564496219,ATOM,0
2021-05-06,16.5,24486988.900283597,4071.1821511948524,16.636000000000003,59297.67741294452,25.54,15845.596013531858,ATOM,0
2021-05-07,16.5,23687289.712566786,4084.4044035774014,16.636000000000003,59758.60734374809,28.67,15881.11872318762,ATOM,0
2021-05-08,16.5,25005942.672191784,4097.522735432085,16.636000000000003,60192.52967856953,29.48,15908.43676387191,ATOM,0
2021-05-09,16.5,26349080.20464455,4104.828413935939,16.636000000000003,60370.32886606951,28.78,15918.553144181971,ATOM,0
2021-05-10,16.5,25279835.195583835,4112.644421168606,16.725,60335.87569642665,25.37,15931.60258156862,ATOM,0
2021-05-11,16.5,27226640.484573707,4122.153384508275,16.725,60329.892546873074,26.98,15957.090548487566,ATOM,0
2021-05-12,16.5,26415189.998447955,4130.776929364754,16.725,59982.62796205165,22.93,15981.46523742625,ATOM,0
2021-05-13,16.67,27094747.335649822,4138.591663142481,16.725,59505.64310044452,23.519999999999996,16004.823803274467,ATOM,0
2021-05-14,17.06,29271458.57452628,4143.9357049123255,16.725,59079.78320981956,25.879999999999995,16022.17498016306,ATOM,0
2021-05-15,18.03,30492819.163725715,4148.597025298941,16.7495,58741.53142187315,24.500000000000004,16037.149900599374,ATOM,0
2021-05-16,18.21,29793848.594028052,4153.441882269591,17.185000000000002,58196.08450669458,24.3,16056.659191458051,ATOM,0
2021-05-17,18.21,27623689.646148216,4159.265215682853,17.187,57682.88472767673,21.08,16080.678107996837,ATOM,0
2021-05-18,17.75,27760156.50728729,4164.133672060153,17.187,57277.1973191946,22.87,16102.336125836542,ATOM,0
2021-05-19,17.75,25965505.77437629,4168.417329243119,17.257,56762.11439508748,13.83,16116.643854631186,ATOM,0
2021-05-20,17.7,27813504.9350143,4171.275801358771,17.668,56486.004850444624,16.91,16130.720433697867,ATOM,0
2021-05-21,17.7,26167929.247386,4175.191098076823,17.668,56046.51892856964,13.57,16146.311243983164,ATOM,0
2021-05-22,17.7,24447680.665571563,4176.043358666423,17.668,55638.24656026609,12.260000000000002,16157.143707710846,ATOM,0
2021-05-23,16.63,26394217.5428695,4176.3281253268415,17.85,55086.34560044467,11.680000000000001,16160.975324357745,ATOM,0
2021-05-24,16.63,24581048.541351903,4176.6511222838035,18.975,54590.49074999826,14.51,16169.138354273686,ATOM,0
2021-05-25,16.63,24611617.08316736,4178.290318625181,19.07,54180.903803569694,13.93,16182.948299952403,ATOM,0
2021-05-26,16.63,25961306.538284518,4183.212068830085,19.98,54019.33828124828,15.27,16201.857356697657,ATOM,0
2021-05-27,16.63,27130292.510888252,4187.629166739195,20.12,53871.03139955185,14.48,16227.703936549084,ATOM,0
2021-05-28,16.63,27013585.936226733,4193.030458668166,20.12,54080.69330133756,12.69,16264.975308009036,ATOM,0
2021-05-29,16.63,27323689.44212975,4194.349474062104,20.735,54449.19730133754,12.08,16287.543856593027,ATOM,0
2021-05-30,16.63,27653797.202879384,4192.5231044223,20.735,54804.039854908966,12.56,16296.341422380201,ATOM,0
2021-05-31,16.63,28343440.516599458,4191.99763881125,20.735,55343.077558033954,13.94,16309.95973336304,ATOM,0
2021-06-01,16.63,28396422.71110035,4191.660881532808,20.735,55794.86981249823,13.75,16327.234408350832,ATOM,0
2021-06-02,16.63,27841664.53310093,4191.452997425489,20.735,56279.75155803392,14.86,16344.659580557167,ATOM,0
2021-06-03,16.63,25888405.886970773,4194.002144186704,20.944999999999997,56503.99424776606,16.67,16366.014717973467,ATOM,0
2021-06-04,16.63,28040173.188933086,4193.214703369006,20.54,56828.504015623184,15.080000000000002,16385.87362191284,ATOM,0
2021-06-05,16.63,27903104.874861415,4187.60782770416,20.095,56824.68698214105,14.89,16386.720853096573,ATOM,0
2021-06-06,16.63,27950135.041442487,4183.594724873,19.855,56679.59710267677,15.1,16391.274844359832,ATOM,0
2021-06-07,16.63,28297864.94954829,4177.6266543795755,19.855,56205.00134151604,13.47,16387.870367649106,ATOM,0
2021-06-08,16.63,29148040.086285837,4173.73054733263,20.205000000000002,55598.33969196253,13.59,16390.29660688076,ATOM,0
2021-06-09,16.63,27828871.097858574,4168.462367738863,21.154999999999998,54500.80498660541,13.94,16387.1823333735,ATOM,0
2021-06-10,16.63,30465050.344509386,4164.512624740469,21.8,53172.99541964115,12.830000000000002,16386.6670713147,ATOM,0
2021-06-11,16.63,28105482.19607957,4160.7814840042965,22.25,51895.21693526619,11.94,16383.62396174788,ATOM,0
2021-06-12,17.69,28096686.237268303,4157.171951511796,22.25,50620.471357141236,11.61,16378.489555140382,ATOM,0
2021-06-13,17.69,31277714.55657177,4155.301885604725,22.25,49389.0344107127,12.54,16376.211190141432,ATOM,0
2021-06-14,18.53,28092285.071929123,4154.138815361979,22.439999999999998,48030.88768080204,13.24,16379.040364074184,ATOM,0
2021-06-15,20.67,27522258.120191365,4153.6407222201515,22.439999999999998,46760.64776339136,12.96,16375.271583120639,ATOM,0
2021-06-16,20.63,25063037.0525984,4154.038410186635,22.439999999999998,45425.046495534276,13.420000000000002,16371.138991219132,ATOM,0
2021-06-17,20.63,26921193.8829755,4155.713717814722,22.439999999999998,44093.126729909316,13.61,16362.569057137103,ATOM,0
2021-06-18,9.891,25643213.614003904,4157.965182658472,22.439999999999998,42798.79636383792,12.41,16359.202748107387,ATOM,0
2021-06-19,9.891,28018159.033807203,4159.684547206201,22.439999999999998,41289.93958705227,11.9,16357.624578202955,ATOM,0
2021-06-20,9.891,27080937.99051852,4160.3352428979915,22.439999999999998,40197.378419641565,11.99,16356.778429957281,ATOM,0
2021-06-21,9.891,25971071.269075837,4163.984492874014,22.439999999999998,39217.827886159466,9.53,16364.821555654822,ATOM,0
2021-06-22,8.62,27118994.34054062,4169.930758503373,22.439999999999998,38385.54508258806,9.006,16384.494721112413,ATOM,0
2021-06-23,8.62,30105503.81511865,4177.227007075587,22.439999999999998,37886.52874999878,9.606,16411.142097908596,ATOM,0
2021-06-24,8.62,30694472.980046853,4186.165087563518,22.439999999999998,37521.40737723096,10.37,16443.252953447092,ATOM,0
2021-06-25,8.62,32420978.15346418,4192.284847531865,22.439999999999998,37024.256890623816,9.084,16479.166568210625,ATOM,0
2021-06-26,8.62,32452149.50398106,4196.755286679815,22.439999999999998,36834.332852677406,9.584,16507.188297598175,ATOM,0
2021-06-27,8.62,31251926.11728,4197.628631591663,22.439999999999998,36440.469225445275,10.08,16515.38195168578,ATOM,0
2021-06-28,8.62,30035585.10109483,4200.591103035929,22.439999999999998,36288.11255803455,10.9,16526.944272721987,ATOM,0
2021-06-29,8.62,30853624.83789034,4205.584339904651,22.439999999999998,36143.223464284565,11.640000000000002,16549.226001194012,ATOM,0
2021-06-30,8.62,32620134.426751107,4210.524980708396,22.439999999999998,35967.74449999885,12.04,16573.42615944946,ATOM,0
2021-07-01,8.62,32076460.78426561,4215.998881639619,22.439999999999998,35987.52275892742,11.050000000000002,16597.63208923287,ATOM,0
2021-07-02,8.62,32651919.107553896,4222.5080252509815,24.329999999999995,36103.59778571314,11.8,16626.403227887302,ATOM,0
2021-07-03,8.62,33380360.30244777,4225.160747527942,24.329999999999995,36310.55723437384,11.8,16653.131926399794,ATOM,0
2021-07-04,8.62,32992002.81348156,4228.476724678994,24.329999999999995,36361.06818749885,12.319999999999999,16678.74611772757,ATOM,0
2021-07-05,8.62,32555209.002208404,4232.305542863984,24.329999999999995,36620.13277008812,13.56,16698.87745535661,ATOM,0
2021-07-06,8.62,32885031.123551495,4234.765602438656,24.329999999999995,36718.469225445275,13.13,16710.261676024864,ATOM,0
2021-07-07,8.62,32064271.027857576,4233.62746440329,24.329999999999995,36975.07238839169,12.939999999999998,16700.813425772,ATOM,0
2021-07-08,8.62,32758291.49363706,4230.807738494738,24.329999999999995,36956.9181450881,11.88,16684.723899404806,ATOM,0
2021-07-09,8.62,33645049.8898158,4229.454919869425,24.329999999999995,37030.34556249882,13.17,16669.857899256585,ATOM,0
2021-07-10,8.62,32998113.1513937,4226.873289489611,24.394999999999992,37026.98838169525,14.42,16642.29693647059,ATOM,0
2021-07-11,8.62,32549765.60197634,4224.774903760504,24.394999999999992,37209.665419641664,14.07,16611.539853558694,ATOM,0
2021-07-12,10.93,32736042.111099567,4223.7666588918155,24.394999999999992,37293.92831249882,13.01,16585.36629660417,ATOM,0
2021-07-13,10.93,33834489.08404373,4223.732141004155,24.394999999999992,37090.74499553454,12.11,16561.657449340295,ATOM,0
2021-07-14,10.93,34636718.08465032,4224.001874542101,21.025499999999997,36810.12181026668,11.749999999999998,16542.88672877668,ATOM,0
2021-07-15,10.93,34288629.4460129,4225.087970406534,21.025499999999997,36486.22008482026,11.46,16525.124240765726,ATOM,0
2021-07-16,10.93,35297170.83423733,4226.3315804616395,21.025499999999997,36289.375611606,11.11,16506.509819902167,ATOM,0
2021-07-17,10.93,34690878.78400222,4226.56971075862,21.025499999999997,36131.64798883813,11.02,16489.056195503803,ATOM,0
2021-07-18,10.93,34145118.11968545,4225.435791015492,20.389999999999997,35994.60984374886,10.98,16474.488721138565,ATOM,0
2021-07-19,10.93,33088234.609572377,4226.01599993011,20.389999999999997,35920.52070982029,9.955,16461.05809304321,ATOM,0
2021-07-20,10.93,33565935.41927099,4228.89815216051,20.389999999999997,35731.40848214171,9.462,16454.974923051584,ATOM,0
2021-07-21,9.495,32370793.85912438,4232.957824052949,20.389999999999997,35553.50191740958,10.45,16453.05389404245,ATOM,0
2021-07-22,7.855,32178722.270577107,4238.283070591383,20.389999999999997,35344.022194195306,11.38,16460.905782644564,ATOM,0
2021-07-23,7.855,32269307.39370807,4245.943441881316,20.389999999999997,35009.74143080246,11.45,16468.84206521118,ATOM,0
2021-07-24,7.855,33046966.551635087,4253.4897529600685,20.389999999999997,34655.02314508817,11.43,16487.415763200504,ATOM,0
2021-07-25,7.855,32054317.339407828,4259.2623087200445,20.389999999999997,34423.87839508818,11.46,16489.81218545044,ATOM,0
2021-07-26,7.855,33341175.60746943,4266.66819926657,20.389999999999997,34177.43537053464,11.38,16496.75394287057,ATOM,0
2021-07-27,7.855,34664387.812652424,4275.27673252637,20.389999999999997,33940.05247321321,11.719999999999999,16509.498721530934,ATOM,0
2021-07-28,7.855,35958074.97736443,4284.35583321694,20.389999999999997,33673.638183034636,11.6,16524.59940403477,ATOM,0
2021-07-29,7.855,35682071.533042446,4294.308132171494,20.389999999999997,33608.00944419536,11.789999999999997,16548.535856627892,ATOM,0
2021-07-30,7.855,36939559.1786875,4305.808531079836,20.389999999999997,33668.298042409646,12.14,16575.136965069923,ATOM,0
2021-07-31,7.855,36349408.65359366,4317.4719026836665,20.389999999999997,33823.036502231065,12.58,16605.51859893746,ATOM,0
2021-08-01,7.855,37562014.86574841,4330.659771510394,20.389999999999997,33953.31533035607,12.329999999999998,16636.507418822708,ATOM,0
2021-08-02,7.855,37303467.914217174,4341.38519810254,20.389999999999997,34094.45576339176,12.48,16657.425415256515,ATOM,0
2021-08-03,7.855,38219360.971687146,4348.354473331859,20.389999999999997,34129.727450891776,12.12,16658.081019373774,ATOM,0
2021-08-04,7.855,38959363.076288864,4354.074207741735,20.389999999999997,34195.81958705249,12.810000000000002,16662.681903947574,ATOM,0
2021-08-05,7.855,38305889.75997545,4353.812949589181,20.389999999999997,34304.23026562391,13.03,16641.588959829613,ATOM,0
2021-08-06,7.855,37349166.22856109,4353.031319209368,20.389999999999997,34064.15089285606,13.59,16618.605236815874,ATOM,0
2021-08-07,7.855,36332647.85915348,4351.804872567174,20.389999999999997,33825.18783258821,14.020000000000001,16597.206549943665,ATOM,0
2021-08-08,7.855,37197420.743979655,4349.37695781149,20.389999999999997,33570.47574107035,13.14,16568.280925423227,ATOM,0
2021-08-09,7.855,38665614.98606386,4347.954855673515,20.389999999999997,33360.830220981086,13.63,16544.99431348475,ATOM,0
2021-08-10,7.855,37718878.243745856,4347.266101183071,20.389999999999997,32967.7184397311,14.1,16528.152353776677,ATOM,0
2021-08-11,8.589,36639690.23736494,4346.443828582626,20.389999999999997,32541.833343748956,14.579999999999998,16513.10241568376,ATOM,0
2021-08-12,8.667,35497730.25221072,4346.308564540179,20.389999999999997,32207.327078123977,14.08,16502.581755065392,ATOM,0
2021-08-13,8.667,35829950.16743236,4346.399878910472,20.389999999999997,31952.724477677548,15.22,16486.898735917788,ATOM,0
2021-08-14,8.667,36080172.494570106,4346.488148825371,20.389999999999997,31896.152124998982,15.56,16465.98743852835,ATOM,0
2021-08-15,9.427,34547731.5672854,4346.164405713623,20.389999999999997,31830.7023236597,15.92,16452.526521954693,ATOM,0
2021-08-16,9.924,34124672.4348019,4347.101243264196,20.389999999999997,31856.501254463263,15.8,16445.590895516005,ATOM,0
2021-08-17,10.53,33365099.607791778,4349.877289363178,20.0075,32066.9955223204,16.0,16443.609002903002,ATOM,0
2021-08-18,9.92,31837330.640218355,4353.772252981865,20.0075,32431.670810266824,17.99,16446.332319422603,ATOM,0
2021-08-19,8.966,31556902.217609715,4356.9344229560575,20.0075,32943.05678794538,18.71,16446.543951851458,ATOM,0
2021-08-20,8.966,32645867.736657564,4360.964257158414,20.0075,33356.49930357036,18.98,16457.308242143376,ATOM,0
2021-08-21,8.966,33655602.36689674,4364.211670466693,20.0075,33806.45199776677,22.09,16459.65733620727,ATOM,0
2021-08-22,8.966,34808280.144441776,4365.879059055734,20.0075,34226.78696205247,21.89,16463.704310389403,ATOM,0
2021-08-23,8.966,34787106.85370979,4368.101658412248,19.627499999999998,34604.46070089175,21.76,16459.87555236764,ATOM,0
2021-08-24,8.966,35472195.015024215,4372.943629346436,18.8925,35161.04630357031,19.68,16472.281555829206,ATOM,0
2021-08-25,8.966,34268633.78875357,4378.6002163476915,18.872500000000002,35678.52767187386,20.02,16490.143152290908,ATOM,0
2021-08-26,8.966,35289609.070801646,4384.614421626361,18.2925,36372.52966517741,17.96,16509.333405630405,ATOM,0
2021-08-27,8.966,34939510.88100191,4391.63071321746,18.2925,37092.12322098097,20.48,16532.416138566725,ATOM,0
2021-08-28,8.966,35728120.36654356,4398.593024226457,18.2925,37896.78584374879,21.329999999999995,16556.79531358939,ATOM,0
2021-08-29,8.966,36725452.703298055,4406.0338414872,18.2925,38582.76683258805,21.219999999999995,16584.239265659355,ATOM,0
2021-08-30,8.966,37117103.91673596,4414.035970306254,18.2925,39305.27577678446,22.18,16612.92303401349,ATOM,0
2021-08-31,8.966,36286545.643921606,4418.375613730153,17.247500000000002,40020.634176338004,22.87,16636.40128304564,ATOM,0
2021-09-01,8.966,36425844.17874791,4421.845093427245,16.0775,40780.449401784426,25.41,16661.10552956664,ATOM,0
2021-09-02,8.966,36203963.34130762,4425.180701555384,15.6675,41566.15245535583,24.17,16690.12825535312,ATOM,0
2021-09-03,8.966,36864181.91137749,4427.5970950533965,15.6675,42221.40153794509,24.12,16703.681384930762,ATOM,0
2021-09-04,8.966,37311393.880603515,4429.540200260567,12.7075,42624.593142855796,24.420000000000005,16726.108915055967,ATOM,0
2021-09-05,8.966,37598795.334395,4429.8932328359015,12.7075,42951.290479909345,25.76,16745.79521091953,ATOM,0
2021-09-06,8.966,37825838.771658085,4430.8009908402255,12.5325,43264.35087053433,25.12,16757.423674228678,ATOM,0
2021-09-07,8.966,37023098.356247395,4433.017946733606,12.5325,43571.99704017719,21.010000000000005,16768.61684657452,ATOM,0
2021-09-08,9.122,37480338.72420824,4433.862379128451,12.5325,43853.38067857003,20.63,16769.781815446597,ATOM,0
2021-09-09,10.190000000000001,38014675.24778309,4435.005582536829,12.5325,44219.234129462886,26.83,16764.675265502396,ATOM,0
2021-09-10,10.69,37549126.8530929,4436.975327518868,12.5325,44558.91083035573,29.37,16756.281784929015,ATOM,0
2021-09-11,11.0,37318557.73835584,4439.630437469341,12.5325,45077.84179687356,27.28,16750.39020734461,ATOM,0
2021-09-12,11.0,39130057.41484378,4440.664679608885,12.5325,45484.60477455212,35.05,16738.4472311832,ATOM,0
2021-09-13,11.03,40525655.88513881,4441.766089956959,12.5325,45885.51624330211,35.77,16734.07814766966,ATOM,0
2021-09-14,11.03,42882621.33705176,4443.851381247242,12.5325,46395.64220981995,34.17,16726.315212576195,ATOM,0
2021-09-15,11.33,41494873.21743095,4445.631387001986,12.5325,46938.80807812351,34.05,16719.949086215984,ATOM,0
2021-09-16,11.33,40834771.36411218,4447.951321084018,12.5325,47333.14778794492,37.18,16713.81347699793,ATOM,0
2021-09-17,11.44,42975460.40824937,4449.54741418007,12.5325,47535.09577455205,33.43,16703.697892542714,ATOM,0
2021-09-18,11.79,41968220.18022973,4452.646509660852,12.5325,47587.22831249848,40.71,16697.414211599633,ATOM,0
2021-09-19,11.79,41044900.27400883,4455.475355965608,12.4875,47604.15936160563,44.24000000000001,16687.397356305268,ATOM,0
2021-09-20,11.79,42139199.27644108,4459.557241494173,12.0925,47623.88662946277,33.71,16683.266135514958,ATOM,0
2021-09-21,11.79,40367512.973205045,4464.433598981442,11.817499999999999,47620.58684821278,30.379999999999995,16683.61817103741,ATOM,0
2021-09-22,11.96,38793660.70226643,4469.628449358114,11.817499999999999,47676.08601339135,39.81,16686.0548383435,ATOM,0
2021-09-23,12.41,36278593.19851784,4475.762276567589,11.3225,47960.13601562347,41.5,16694.97480904662,ATOM,0
2021-09-24,12.67,36996238.80034908,4481.823766435753,11.3225,48337.00467410561,42.59,16705.636499458866,ATOM,0
2021-09-25,12.67,34678036.888177775,4488.145407213341,11.3225,48602.58897544487,39.49,16721.53816048705,ATOM,0
2021-09-26,12.67,37177705.521422125,4495.6103413171695,11.3225,48866.34831919486,39.87,16745.116545758392,ATOM,0
2021-09-27,12.67,39364033.1047298,4503.2352747234545,11.3225,48960.33952455201,37.23,16767.111326816568,ATOM,0
2021-09-28,13.47,39000862.56533361,4510.029673657954,11.3225,49113.4200133913,33.69,16787.868692452033,ATOM,0
2021-09-29,13.57,39392749.98756935,4515.922737775388,11.3225,49238.861571427005,33.85,16804.82189505387,ATOM,0
2021-09-30,13.57,38674182.170887865,4522.504336438716,11.3225,49208.951787944876,36.22,16828.296859740673,ATOM,0
2021-10-01,13.88,39630330.05248737,4526.692971910605,11.3225,49047.944176337725,37.88,16843.24776872853,ATOM,0
2021-10-02,14.73,39119519.719411075,4529.258306557647,11.3225,48802.309520087736,38.62,16853.34871433749,ATOM,0
2021-10-03,14.9,39206136.83181405,4529.999017224849,11.3225,48519.87506473059,38.77,16856.93209054076,ATOM,0
2021-10-04,15.03,38955757.50132403,4529.081418500483,11.3225,48246.823116069885,36.77,16846.710397338327,ATOM,0
2021-10-05,15.03,39544223.55275148,4527.668917083598,11.3225,48151.3358303556,36.72,16832.92044721277,ATOM,0
2021-10-06,15.03,39326226.96871,4525.340582820203,11.6525,48219.5062410699,35.16,16824.258384922035,ATOM,0
2021-10-07,17.28,38916241.24802209,4520.7977511813215,11.6525,48341.13248660561,36.68,16803.206515502396,ATOM,0
2021-10-08,17.28,39381383.251363784,4514.070460401118,12.0195,48270.11629017701,35.0,16771.794871738446,ATOM,0
2021-10-09,17.28,40693732.35689127,4505.1599111283085,12.218499999999999,48008.79356249848,35.17,16731.05568498831,ATOM,0
2021-10-10,17.28,42452199.638495155,4495.735551888459,12.313500000000001,47878.40967187348,32.42,16695.360290090845,ATOM,0
2021-10-11,17.28,40007265.087184176,4484.798287309776,12.6735,47589.178464284196,32.04,16653.34952523315,ATOM,0
2021-10-12,17.28,43732575.173773944,4475.549877166606,13.203,47340.22675446278,33.45,16619.06122044102,ATOM,0
2021-10-13,17.28,44946957.15526256,4467.349731227189,13.748000000000001,47104.89576339135,34.61,16583.932000295925,ATOM,0
2021-10-14,17.28,42775274.76465781,4461.382560620847,14.678,46878.42364955208,33.82,16563.241792296834,ATOM,0
2021-10-15,17.28,42976655.05192913,4455.0445227485325,14.678,46481.58373214138,33.07,16539.436445399162,ATOM,0
2021-10-16,17.66,48567430.87764676,4450.5267601011765,16.428,45938.05541294496,33.1,16522.713693018795,ATOM,0
2021-10-17,17.66,44563488.792278476,4443.950547790386,16.798,45295.65619196285,32.43,16497.37110944423,ATOM,0
2021-10-18,17.66,49727654.84614928,4437.028883470666,16.798,44786.55955133784,31.88,16477.617971147283,ATOM,0
2021-10-19,17.66,55423490.74485998,4430.2279906135245,16.798,44384.47635714144,35.02,16459.71964503645,ATOM,0
2021-10-20,17.66,49560003.24631841,4425.275223214146,16.798,44044.57150669503,35.92,16450.32837393572,ATOM,0
2021-10-21,17.66,45590013.51205568,4419.716629573137,16.798,43847.5715982129,34.31,16437.43877585223,ATOM,0
2021-10-22,17.66,51387975.36712442,4411.657902417724,16.798,43738.66390178433,34.05,16428.795537021662,ATOM,0
2021-10-23,17.66,52386129.80747501,4403.069260733328,16.798,43624.05899330219,35.69,16411.99685516305,ATOM,0
2021-10-24,17.66,55775602.30434936,4396.7371652874235,16.798,43598.50615624861,34.26,16397.798123604392,ATOM,0
2021-10-25,17.66,51760546.4466184,4391.416803087367,16.798,43671.10576339147,35.29,16385.713989911234,ATOM,0
2021-10-26,17.66,54039281.40989619,4385.608913966448,17.588,43799.40862946288,43.24,16372.901083373503,ATOM,0
2021-10-27,18.53,50442190.048707694,4381.490543147355,17.588,43921.98334598075,36.77,16367.291597856276,ATOM,0
2021-10-28,20.45,46490731.10173904,4378.605656323974,17.588,44291.61543973073,38.05,16363.405468313515,ATOM,0
2021-10-29,24.62,44856152.28051155,4375.5315090723,17.588,44650.63548214143,39.53,16363.291768754712,ATOM,0
2021-10-30,26.01,48516347.81636513,4369.427179717878,17.588,45239.57127455213,37.3,16350.368974521662,ATOM,0
2021-10-31,26.01,50686509.59562494,4366.294778006278,17.588,45832.44397767711,37.22,16346.073344420867,ATOM,0
2021-11-01,28.86,49616123.93141796,4365.412031010079,18.023,46637.4744575878,37.33,16349.219498552076,ATOM,0
2021-11-02,28.86,48632367.67953033,4363.159877558977,18.193,47554.053488837766,37.06,16354.731840514618,ATOM,0
2021-11-03,28.86,47571125.12552401,4360.869870648924,18.193,48661.81000669488,38.48,16367.473610577741,ATOM,0
2021-11-04,28.86,47352255.87463724,4359.275380597656,18.693,49775.878736605555,37.53,16381.100178527313,ATOM,0
2021-11-05,28.86,47603061.63375478,4357.827245112689,19.781,50726.116696426965,36.79,16380.554221452461,ATOM,0
2021-11-06,28.86,48680853.96831244,4357.013305554933,20.52,51798.704412944775,36.24,16385.306888034844,ATOM,0
2021-11-07,28.86,46968115.70432229,4359.745919036727,22.954999999999995,53078.84177678403,35.72,16400.951891653356,ATOM,0
2021-11-08,28.86,46331082.09017987,4366.492241232598,24.919999999999998,54384.289470980424,36.65,16434.533673313163,ATOM,0
2021-11-09,28.86,44464416.15314632,4376.043583243094,24.919999999999998,55576.06592187323,35.82,16474.70269906128,ATOM,0
2021-11-10,29.38,43642083.705095276,4387.048609379219,24.935000000000002,56592.52571651606,32.17,16520.01841931972,ATOM,0
2021-11-11,29.93,44807064.734212905,4400.763553837226,24.935000000000002,57692.69852678387,32.96,16573.546549769282,ATOM,0
2021-11-12,29.93,46439708.72765729,4416.527086530271,25.084999999999997,58692.13890848028,32.07,16646.256999206023,ATOM,0
2021-11-13,29.93,44953576.20398032,4430.3179367064,26.375,59349.225486605246,32.51,16699.410892159067,ATOM,0
2021-11-14,29.93,44663663.23437011,4443.796610695833,27.99,59774.16738839095,31.92,16756.341123961873,ATOM,0
2021-11-15,29.93,42765334.286329895,4455.418147604664,28.259999999999998,60173.423185265936,31.459999999999997,16800.26421225358,ATOM,0
2021-11-16,29.93,42278542.43970737,4468.979307120044,28.259999999999998,60685.539591515924,28.29,16849.181360080725,ATOM,0
2021-11-17,29.93,42344418.74710509,4482.736698477465,28.259999999999998,61068.18095535519,29.42,16889.937879071378,ATOM,0
2021-11-18,29.93,44526490.92663448,4495.82512228815,28.259999999999998,61240.803968748056,26.670000000000005,16929.061264691492,ATOM,0
2021-11-19,29.93,45709834.78976619,4505.29186107076,28.345,61373.663437498064,28.129999999999995,16953.363847350534,ATOM,0
2021-11-20,29.93,43703285.782044865,4513.328075626774,28.57,61581.82669642663,29.47,16981.870361109603,ATOM,0
2021-11-21,29.93,41627380.99157041,4524.9288503372945,28.699999999999996,61917.24367633732,30.89,17003.37955409404,ATOM,0
2021-11-22,29.93,42041004.900180824,4538.5060111998055,28.699999999999996,62073.66985714088,32.18,17030.948910085957,ATOM,0
2021-11-23,29.93,40802058.55817503,4551.527713557507,28.699999999999996,62072.01934151589,32.07,17056.769244820185,ATOM,0
2021-11-24,29.93,42757552.60304632,4564.2866946627655,28.699999999999996,61880.76703124803,29.65,17076.92751508386,ATOM,0
2021-11-25,29.93,45645716.020807475,4578.324336024547,29.099999999999998,61703.074017855186,29.75,17095.549978201183,ATOM,0
2021-11-26,29.93,43477544.85684041,4590.592099652825,29.149999999999995,61750.48415401588,27.04,17109.253488158633,ATOM,0
2021-11-27,29.93,42985488.89457989,4600.41534707191,29.149999999999995,61694.77085044446,26.780000000000005,17114.764469691137,ATOM,0
2021-11-28,29.93,43016328.751633696,4607.909076472544,29.305,61690.73407589088,27.4,17113.342703246526,ATOM,0
2021-11-29,29.93,41918053.5694604,4617.121327536299,29.729999999999993,61623.08452231946,28.109999999999996,17119.272343226297,ATOM,0
2021-11-30,29.93,43662873.507821836,4626.156183733112,29.814999999999994,61707.8158727659,27.52,17129.695552716395,ATOM,0
2021-12-01,31.07,45090931.953777745,4634.502412523394,29.88,61855.338303569464,26.690000000000005,17139.270992605485,ATOM,0
2021-12-02,31.07,44333431.38269269,4640.405566951059,29.88,62170.73306026588,28.38,17146.095992605482,ATOM,0
2021-12-03,31.07,46708564.819925405,4646.915469142221,29.88,62441.577779015875,32.94,17154.777383858273,ATOM,0
2021-12-04,31.07,46438183.31543037,4653.610966709533,31.005,62940.282089283704,28.23,17169.462425013404,ATOM,0
2021-12-05,31.07,44744725.02805748,4659.909801700987,31.005,63429.39590624797,24.6,17192.878942870546,ATOM,0
2021-12-06,31.07,45715911.36841342,4666.309140777438,31.005,63626.34782589083,24.45,17211.06263689259,ATOM,0
2021-12-07,31.45,44559944.04158817,4672.484371512127,31.005,63739.230524551545,24.3,17227.116433279305,ATOM,0
2021-12-08,33.49,45986044.776646905,4679.353582436549,31.005,63912.039345980105,25.24,17240.745632498056,ATOM,0
2021-12-09,33.49,44575966.09088081,4684.916126578046,31.005,63903.13777008725,22.5,17247.86574009432,ATOM,0
2021-12-10,28.54,44241157.25966486,4690.820225088788,31.005,63957.289779015795,22.56,17253.80505719811,ATOM,0
2021-12-11,28.54,44393443.99198117,4695.348404366481,31.005,63725.1112767837,24.39,17257.029618616914,ATOM,0
2021-12-12,28.54,44928737.54720343,4698.831380898463,31.005,63540.089982140846,24.560000000000002,17262.802891757958,ATOM,0
2021-12-13,28.54,44766062.339695565,4700.405548095553,31.194999999999997,63263.913156247974,21.77,17265.891377039767,ATOM,0
2021-12-14,28.54,44233228.900891565,4701.809941427898,31.194999999999997,62864.42744419443,21.79,17256.62184186608,ATOM,0
2021-12-15,28.54,42310272.07336946,4700.946592276287,31.194999999999997,62381.02656026587,22.299999999999997,17235.49364885548,ATOM,0
2021-12-16,27.56,40886593.30907138,4700.039195687281,31.194999999999997,61869.16493080159,21.79,17221.760050091874,ATOM,0
2021-12-17,26.91,42782517.27551594,4701.189185442095,31.194999999999997,61272.10393526589,21.229999999999997,17209.25527779661,ATOM,0
2021-12-18,25.329999999999995,41940194.54642422,4696.066978890406,31.194999999999997,60790.52960714092,23.16,17168.009423173626,ATOM,0
2021-12-19,25.329999999999995,43283511.41748179,4692.620031084183,31.194999999999997,60394.59428794449,22.160000000000004,17130.471077836715,ATOM,0
2021-12-20,25.329999999999995,44571875.14453705,4689.332076263278,31.194999999999997,60039.222874998086,21.51,17083.69669908742,ATOM,0
2021-12-21,25.329999999999995,45373246.570855394,4684.969697570652,31.194999999999997,59505.440741069535,23.59,17034.657916259224,ATOM,0
2021-12-22,25.329999999999995,46135657.03946714,4676.08323211655,31.194999999999997,58821.5099308017,27.28,16970.954680524013,ATOM,0
2021-12-23,25.329999999999995,46370461.178428225,4665.19228504711,31.194999999999997,58143.33538392672,28.37,16896.661137389598,ATOM,0
2021-12-24,25.329999999999995,44523543.5305119,4656.113099016314,31.63,57670.27624330175,26.869999999999997,16829.687525503447,ATOM,0
2021-12-25,25.329999999999995,43163939.79958387,4646.590608106191,32.589999999999996,57322.34583258746,29.68,16773.996886770532,ATOM,0
2021-12-26,25.19,42274637.10108517,4636.371461704652,34.675,56873.196955355335,32.14,16715.30688040544,ATOM,0
2021-12-27,25.19,40175324.0247499,4626.948157501074,35.37,56304.50135267677,29.7,16664.1550739828,ATOM,0
2021-12-28,24.73,43086158.91388979,4620.441400909277,35.37,55698.804620533934,26.58,16624.30238582013,ATOM,0
2021-12-29,24.73,45204928.66555585,4618.230488804263,36.795,55299.22414508752,27.970000000000002,16598.764293561133,ATOM,0
2021-12-30,24.73,43237705.87082365,4616.676145062981,36.795,54910.590357141096,30.210000000000004,16582.935355049693,ATOM,0
2021-12-31,24.73,41100209.42935185,4611.382678331501,36.795,54470.599361605404,32.47,16566.082523236422,ATOM,0
2022-01-01,24.73,43980902.630095184,4611.706293051437,36.795,53951.087412944704,36.29,16558.247697884166,ATOM,0
2022-01-02,24.73,45438830.2727605,4615.52313461289,36.795,53517.4574218733,35.61,16562.426077269974,ATOM,0
2022-01-03,23.58,45389931.98442128,4619.640136718604,36.795,52856.1599419626,39.23,16568.800029209153,ATOM,0
2022-01-04,23.58,43295909.504181504,4624.075943864948,36.795,52242.42512276618,42.129999999999995,16572.558756582544,ATOM,0
2022-01-05,22.08,45395654.49075245,4628.521024431357,36.635,51715.594415176914,38.65,16589.65700792532,ATOM,0
2022-01-06,22.08,44261873.01742841,4631.184859248423,36.489999999999995,51086.33230580196,40.09,16594.611940219893,ATOM,0
2022-01-07,22.08,45645742.750346914,4631.164339228892,36.489999999999995,50400.20327901625,38.57,16598.3030478336,ATOM,0
2022-01-08,22.08,43237464.61985592,4631.577709088859,36.489999999999995,49730.12082365913,35.85,16609.619752065948,ATOM,0
2022-01-09,21.88,42553208.704820946,4633.586509595451,36.489999999999995,49137.338238837736,35.0,16632.913206481404,ATOM,0
2022-01-10,21.88,44062150.93925358,4637.583716147139,36.004999999999995,48768.87848214131,37.89,16667.045651244585,ATOM,0
2022-01-11,21.88,44419523.035771586,4641.3775674001035,35.515,48214.25259151632,38.65,16687.823855154318,ATOM,0
2022-01-12,21.08,43414929.66469718,4643.769759041774,35.19,47779.586999998486,40.24,16704.75410177995,ATOM,0
2022-01-13,20.99,43902545.47718299,4648.487292698304,34.4,47705.02487499848,37.59,16728.021281868536,ATOM,0
2022-01-14,20.25,44470111.083266,4655.389910125584,34.4,47782.482040177034,40.48,16759.466702705933,ATOM,0
2022-01-15,20.25,43908334.352524295,4662.7467042104045,34.4,47861.78425223062,39.18,16774.892560685847,ATOM,0
2022-01-16,20.25,43901966.34571838,4664.919627053248,34.4,48083.37113615918,43.64,16778.695773968848,ATOM,0
2022-01-17,20.25,44340975.331082605,4670.909170423087,34.4,48287.42678124846,39.18,16797.64401811819,ATOM,0
2022-01-18,20.25,43855639.17215451,4674.505814579406,34.4,48453.933178569874,38.32,16809.060998534624,ATOM,0
2022-01-19,20.25,43814947.89120394,4676.075405992632,34.4,48460.86634821273,37.03,16814.79524209105,ATOM,0
2022-01-20,20.25,44488772.540361665,4677.582916804575,34.4,48486.893957587745,39.02,16812.84983651244,ATOM,0
2022-01-21,20.25,44863566.456734546,4686.704817417541,34.33,48654.79386383775,34.6,16832.483410643996,ATOM,0
2022-01-22,20.25,45366470.005817845,4697.561172485202,34.33,48804.66520981988,29.3,16863.17029375295,ATOM,0
2022-01-23,20.25,44497886.0947522,4709.705257742594,34.1,48979.97538839129,34.65,16898.443853759225,ATOM,0
2022-01-24,20.25,45495452.715232074,4720.479092952032,34.1,48926.3610290163,36.01,16929.58759765571,ATOM,0
2022-01-25,20.25,46468587.225049905,4731.395773642254,34.1,48750.53952455201,35.78,16965.698208617625,ATOM,0
2022-01-26,20.25,45433932.59247743,4740.9784844533215,34.1,48617.85126339131,32.33,17005.188037544798,ATOM,0
2022-01-27,20.25,44541054.4184363,4747.578359549234,34.1,48444.964296873455,30.08,17037.628660800932,ATOM,0
2022-01-28,20.25,45620072.98462762,4750.502134486455,34.1,48014.97461830205,29.51,17062.26741986901,ATOM,0
2022-01-29,20.25,46712988.44685878,4756.428269304397,33.525,47697.234633927044,29.090000000000003,17087.717762101853,ATOM,0
2022-01-30,20.25,47356701.09946857,4765.112957327555,33.525,47356.75221874851,27.18,17121.71879577582,ATOM,0
2022-01-31,20.25,48294879.611530185,4768.90029318658,32.775,46935.751665177086,28.080000000000002,17156.764578682487,ATOM,0
2022-02-01,20.25,48356833.12589728,4766.817044939163,32.775,46404.72127901638,28.87,17180.310102189746,ATOM,0
2022-02-02,20.25,49416640.82503253,4761.539042227458,32.775,45907.91283258783,26.34,17199.35375976508,ATOM,0
2022-02-03,20.42,49987696.98288653,4754.8819264001695,32.775,45353.50410937356,29.73,17224.593838064466,ATOM,0
2022-02-04,20.42,49905357.896686785,4746.372507367664,32.675,44804.20157812356,31.13,17232.142060197555,ATOM,0
2022-02-05,20.73,50564576.427127466,4739.838509586729,32.675,44374.93204687358,30.74,17247.693880789073,ATOM,0
2022-02-06,20.73,49663140.486846454,4736.678361293096,32.675,44093.241194195005,31.31,17268.390631538932,ATOM,0
2022-02-07,20.73,49241152.6743,4730.008115822779,32.275,43925.63606473076,31.63,17278.773427472246,ATOM,0
2022-02-08,21.49,48826205.397478655,4718.9823781693185,32.23,43663.59241294504,30.41,17275.73801051494,ATOM,0
2022-02-09,23.38,49523062.17440195,4703.587267303317,31.860000000000003,43352.77940178433,30.94,17259.214573886868,ATOM,0
2022-02-10,25.18,49775688.94010249,4683.077916172422,31.860000000000003,43059.84130133792,29.099999999999998,17233.903522599896,ATOM,0
2022-02-11,25.18,49676555.96106868,4665.079333495945,31.860000000000003,42802.83806249863,26.56,17211.008380998337,ATOM,0
2022-02-12,25.18,48705143.23209708,4647.28793334946,30.63,42389.33642410579,27.07,17181.07852368982,ATOM,0
2022-02-13,25.18,49830076.490929626,4624.178096008154,30.63,41900.06425892723,26.18,17131.09151327896,ATOM,0
2022-02-14,25.18,48255392.595277585,4600.431263405789,29.909999999999997,41442.5780424094,27.15,17076.54580034474,ATOM,0
2022-02-15,25.18,50012439.0021677,4577.405794851975,29.739999999999995,40981.76053794511,28.99,17017.686549158923,ATOM,0
2022-02-16,25.18,48696604.020526916,4551.661415317934,29.739999999999995,40615.92839732014,28.5,16944.324252972747,ATOM,0
2022-02-17,26.48,48883187.34885405,4526.684213147701,29.739999999999995,40290.007723213006,28.080000000000002,16865.285991341192,ATOM,0
2022-02-18,30.17,49002133.745653495,4508.330463082307,29.739999999999995,40070.78320312373,26.869999999999997,16791.456124005465,ATOM,0
2022-02-19,32.39,48448637.87215289,4495.20886361244,29.739999999999995,39844.50459821303,26.690000000000005,16741.09008440237,ATOM,0
2022-02-20,32.19,47048814.55758561,4478.712857382495,29.609999999999996,39350.51171428446,26.09,16682.640987940667,ATOM,0
2022-02-21,27.37,45367988.98633013,4464.64742965684,29.095,38930.25584821305,23.82,16630.037906537204,ATOM,0
2022-02-22,27.37,48825596.500478536,4450.552748870708,29.095,38456.396343748755,24.83,16582.510842459014,ATOM,0
2022-02-23,27.37,51467601.79212802,4439.466639709331,29.095,37999.27718080235,25.12,16539.273175048304,ATOM,0
2022-02-24,27.37,50856850.48462749,4427.242822701451,29.095,37637.34991964165,24.85,16496.543489946118,ATOM,0
2022-02-25,27.37,48435196.58118198,4418.4992190768335,28.754999999999995,37356.696006695245,27.3,16450.52397439087,ATOM,0
2022-02-26,27.37,47096718.35020217,4418.635551888461,28.614999999999995,37267.436060266664,29.89,16435.293516757985,ATOM,0
2022-02-27,27.37,48678486.75328576,4426.868199266564,28.614999999999995,37394.88428794523,26.770000000000003,16442.913073729942,ATOM,0
2022-02-28,27.37,47905926.35800478,4432.194631194928,30.02,37551.89578348093,31.390000000000004,16454.816450499962,ATOM,0
2022-03-01,26.38,46104350.95012072,4438.559400939801,32.065,37823.56105357023,31.14,16473.308753966765,ATOM,0
2022-03-02,25.51,48072467.153047875,4445.746947479106,32.065,38158.938707588066,32.26,16506.333747645265,ATOM,0
2022-03-03,25.51,48222478.73006547,4453.849411664549,32.065,38502.39809821306,34.06,16537.73141392246,ATOM,0
2022-03-04,25.51,45206374.85152483,4464.610540553358,32.435,38948.142921873754,30.489999999999995,16579.636411611846,ATOM,0
2022-03-05,25.51,47882460.36522313,4478.655970764017,32.435,39641.3158102666,30.92,16629.934424045576,ATOM,0
2022-03-06,25.51,50287362.48493926,4493.654454040382,32.435,40362.30489732014,28.149999999999995,16680.482788957335,ATOM,0
2022-03-07,25.51,49387367.55922297,4504.030624716478,32.435,41047.63105580226,28.37,16722.300140380325,ATOM,0
2022-03-08,25.51,50042222.12779153,4506.363883100094,32.435,41568.83049776653,27.870000000000005,16746.537075587144,ATOM,0
2022-03-09,25.51,49653309.187229715,4505.534641919674,32.435,41976.607857141535,30.05,16764.43919917462,ATOM,0
2022-03-10,25.51,48486717.84663919,4501.898704528667,32.435,42266.95177455223,28.029999999999998,16783.466652787898,ATOM,0
2022-03-11,25.51,49319311.74082903,4502.775473785258,32.435,42525.50614062365,27.51,16802.66003047345,ATOM,0
2022-03-12,25.51,47905691.962571606,4494.442814963061,32.435,42645.81836830223,27.21,16806.86061074339,ATOM,0
2022-03-13,25.51,46369949.329078555,4479.6695215496275,32.435,42632.606828123615,26.31,16773.828529357375,ATOM,0
2022-03-14,25.51,46170525.91315212,4460.331775120186,32.435,42567.25615401651,26.840000000000003,16728.21207558716,ATOM,0
2022-03-15,25.51,44858705.25823221,4443.915794808383,32.435,42518.80117857008,26.889999999999997,16687.744643074595,ATOM,0
2022-03-16,25.38,46171896.103676625,4426.096650150703,32.435,42175.17897990935,28.98,16646.837893894208,ATOM,0
2022-03-17,25.38,47601476.00115597,4409.191533333773,32.435,41766.27951115939,28.16,16609.18801160487,ATOM,0
2022-03-18,25.38,47756881.73307747,4392.781498500138,32.435,41424.84827455225,28.68,16563.022326877606,ATOM,0
2022-03-19,25.38,46538852.41924095,4383.192077091621,32.435,41166.02691964154,28.65,16529.929846844825,ATOM,0
2022-03-20,25.38,44799109.71410228,4374.022221810337,32.435,40923.75827232013,27.81,16508.907066344695,ATOM,0
2022-03-21,25.38,44615177.38248681,4362.820230538365,32.435,40589.51201785584,27.930000000000003,16474.978125217458,ATOM,0
2022-03-22,25.38,44440850.5784478,4353.332874079974,32.435,40450.938698659425,28.029999999999998,16439.761780438577,ATOM,0
2022-03-23,23.64,42475997.6064034,4350.037015097343,32.435,40280.797665177284,28.23,16420.654907879987,ATOM,0
2022-03-24,23.0,44140879.81371006,4345.080868639126,32.435,40094.96157365944,29.28,16397.4039714263,ATOM,0
2022-03-25,23.0,42710654.21413232,4337.225748225482,32.435,39847.64392410587,28.14,16352.77413330026,ATOM,0
2022-03-26,21.55,44395177.93395225,4332.356512778007,32.435,39788.46055357016,28.81,16317.164431108225,ATOM,0
2022-03-27,21.55,46796590.07432122,4333.139748709404,32.435,39814.71097098088,28.523524874567986,16303.399007088276,ATOM,1
2022-03-28,21.55,48392538.40107632,4332.412712750977,32.435,39821.64367410588,28.249086348593234,16280.880077470527,ATOM,1
2022-03-29,21.55,46164427.46680578,4326.976451655658,32.435,39831.7621183023,28.145849534630777,16248.59964904733,ATOM,1
2022-03-30,21.55,48740442.485048205,4321.604151153427,32.435,39748.93489062375,27.534562766909602,16218.135215976745,ATOM,1
2022-03-31,21.55,47767626.905068606,4311.534615870747,32.435,39700.833321427315,28.145849534630777,16178.579436601394,ATOM,1
2022-04-01,21.55,49648781.64482917,4301.338491385186,32.435,39626.89220758802,26.78683812183142,16119.343436322379,ATOM,1
2022-04-02,21.55,51893110.57241145,4292.698124258723,32.519999999999996,39742.25525669517,26.93055287861824,16071.198124912293,ATOM,1
2022-04-03,21.55,49159632.5983392,4285.913380431993,32.519999999999996,39879.88819865944,26.78683812183142,16034.473745727031,ATOM,1
2022-04-04,21.55,50032505.86807312,4279.995896802495,32.675,39903.76715624873,26.78683812183142,15999.516520254443,ATOM,1
2022-04-05,21.55,47596479.21877033,4274.82056001922,32.675,39988.962178570175,27.398124889552594,15972.056031362843,ATOM,1
2022-04-06,21.55,47629500.60728944,4272.146556963103,32.675,40113.88561160587,27.398124889552594,15956.305654034784,ATOM,1
2022-04-07,21.55,46434885.441385895,4271.204033224786,33.055,40103.87387276659,27.398124889552594,15946.240118843654,ATOM,1
2022-04-08,21.55,47089056.69528254,4274.203681400708,34.0,40003.117457588,27.398124889552594,15956.532183619394,ATOM,1
2022-04-09,21.55,45720818.72092009,4276.9366692677895,34.9,39919.30024107016,27.398124889552594,15960.111087689575,ATOM,1
2022-04-10,21.55,45035184.549638495,4271.89530160073,34.9,39786.65048883802,27.15789877355099,15956.942073276556,ATOM,1
2022-04-11,21.55,43107098.28818883,4275.261076572829,34.9,39713.379147320156,27.18168708986044,15958.403843252492,ATOM,1
2022-04-12,21.55,41966536.56281703,4284.034386225972,34.9,39614.52629464159,27.201287949740887,15990.057713099377,ATOM,1
2022-04-13,21.55,42871363.75387208,4293.047049604008,34.9,39561.474749998735,27.18168708986044,16033.022984749416,ATOM,1
2022-04-14,21.55,42715438.81709224,4304.761234719276,34.9,39469.59003794517,27.18168708986044,16078.120568411176,ATOM,1
2022-04-15,24.26,44244682.03255027,4321.72401439108,34.9,39745.58012723089,27.398124889552594,16134.16374489869,ATOM,1
2022-04-16,25.76,43119866.43677502,4341.894955553189,35.0,40268.975613838,27.621035307347775,16197.0672716408,ATOM,1
2022-04-17,25.76,44573527.980315685,4367.601750291958,35.0,40834.06070982012,29.478243268668653,16274.4954559321,ATOM,1
2022-04-18,25.76,43769049.66855769,4392.321297672676,34.129999999999995,41438.84127008796,30.113785498499873,16354.222384861016,ATOM,1
2022-04-19,25.76,42810624.147434734,4417.430498504499,33.81,41892.46485490938,30.22523348349333,16430.33018471802,ATOM,1
2022-04-20,25.76,42558078.38554046,4442.287463923721,33.81,42368.4304665165,29.735525022327902,16506.920781598245,ATOM,1
2022-04-21,25.76,41689027.345338106,4471.3632841926255,33.085,42848.635770087916,28.130556529581547,16593.598768833177,ATOM,1
2022-04-22,25.76,43095432.68389077,4493.354207937915,33.085,43375.735524552176,28.357627916157245,16656.445345414857,ATOM,1
2022-04-23,25.76,44616625.42799986,4512.43422775254,33.085,43853.98587946289,32.780834048569204,16702.12284916416,ATOM,1
2022-04-24,25.76,43128299.5218238,4531.652377210199,33.085,44504.570729909305,32.90459156620503,16753.846498761326,ATOM,1
2022-04-25,25.76,44647767.77996701,4549.2630820136665,33.03,44951.888261159285,32.58312783229351,16796.607533917573,ATOM,1
