date,volatility_dcl,volume_adi,gspc_open,volatility_dcm,close,trend_ichimoku_b,trend_ichimoku_base,symbol,is_predicted
2021-01-17,0.0,267225.32664537255,3688.9134635379155,0.0,1233.73,646.915,0.0,ETH,0
2021-01-18,0.0,295948.1065495143,3690.783343560237,0.0,1258.31,649.71,0.0,ETH,0
2021-01-19,0.0,211166.2083040708,3694.475360379782,0.0,1367.65,645.815,0.0,ETH,0
2021-01-20,0.0,-82270.57138233795,3701.717149843371,0.0,1377.75,633.1949999999999,0.0,ETH,0
2021-01-21,0.0,447564.58447817044,3707.9827654156184,0.0,1111.49,628.865,0.0,ETH,0
2021-01-22,0.0,302466.5513757305,3711.1847647529503,0.0,1234.56,611.115,0.0,ETH,0
2021-01-23,0.0,929741.050322172,3714.0466021945313,0.0,1234.1,611.115,0.0,ETH,0
2021-01-24,0.0,1351981.4468777583,3716.1873111178716,0.0,1392.45,611.115,0.0,ETH,0
2021-01-25,0.0,1463331.488579148,3718.541085433841,0.0,1318.47,611.115,0.0,ETH,0
2021-01-26,0.0,1741379.926370022,3722.2032953533626,0.0,1368.22,633.24,0.0,ETH,0
2021-01-27,0.0,2199759.763207934,3726.2857688357667,0.0,1241.51,649.6600000000001,0.0,ETH,0
2021-01-28,0.0,2940849.2756948834,3730.532203347224,0.0,1330.78,649.6600000000001,0.0,ETH,0
2021-01-29,0.0,3779019.4337164727,3733.7768367766143,0.0,1379.13,655.355,0.0,ETH,0
2021-01-30,0.0,3613143.337250352,3739.8448350087747,0.0,1379.35,655.355,0.0,ETH,0
2021-01-31,0.0,3369582.6687289616,3747.141569954889,0.0,1314.18,655.355,0.0,ETH,0
2021-02-01,0.0,4312282.564523911,3754.968202372841,0.0,1374.57,670.355,0.0,ETH,0
2021-02-02,0.0,5467763.059644117,3760.6438590457265,0.0,1513.9,782.125,0.0,ETH,0
2021-02-03,0.0,5663618.299413784,3765.6673714227845,0.0,1667.22,857.9,0.0,ETH,0
2021-02-04,0.0,6678751.041974265,3768.4810886381856,0.0,1597.44,857.9,0.0,ETH,0
2021-02-05,552.44,8262502.550294778,3770.0347736902395,883.28,1721.48,883.28,0.0,ETH,0
2021-02-06,552.44,8370659.713941128,3772.2816725593457,921.4500000000002,1679.14,921.45,0.0,ETH,0
2021-02-07,552.44,9149024.460977724,3774.1931058609985,921.4500000000002,1614.64,921.45,0.0,ETH,0
2021-02-08,552.44,10157967.263114061,3777.714739826627,930.105,1752.87,930.1049999999999,0.0,ETH,0
2021-02-09,552.44,10136977.377102159,3781.4795544759363,951.265,1772.05,951.265,0.0,ETH,0
2021-02-10,552.44,10160351.272372706,3784.868091092671,951.265,1743.0,951.265,0.0,ETH,0
2021-02-11,565.82,9480252.237058263,3789.491248321413,957.9549999999999,1787.69,951.265,951.265,ETH,0
2021-02-12,604.38,10986786.285370883,3798.692678015452,977.2349999999999,1844.84,951.265,951.265,ETH,0
2021-02-13,615.66,12285873.557389988,3804.794642639039,982.875,1817.48,951.265,951.265,ETH,0
2021-02-14,625.57,12397934.779997095,3811.453256007482,987.8299999999999,1802.96,951.265,951.265,ETH,0
2021-02-15,681.29,12511231.096669674,3817.878293881976,1015.6899999999999,1779.4,951.265,951.265,ETH,0
2021-02-16,688.87,12927426.159920532,3822.784917940291,1019.48,1782.83,951.265,951.265,ETH,0
2021-02-17,716.71,14143312.483748164,3823.650927189297,1033.4,1851.14,951.265,957.9549999999999,ETH,0
2021-02-18,716.71,14440713.144355929,3821.9779994963387,1078.04,1939.61,995.905,1021.875,ETH,0
2021-02-19,716.71,15252394.305654444,3816.763842337351,1078.04,1957.47,995.905,1027.5149999999999,ETH,0
2021-02-20,716.71,14205381.795210851,3809.5291643958917,1078.04,1915.12,995.905,1032.47,ETH,0
2021-02-21,770.07,14998627.33377473,3804.4356428417627,1104.72,1935.14,995.905,1060.33,ETH,0
2021-02-22,889.78,14967786.616571127,3802.9338493345954,1164.5749999999998,1778.07,995.905,1064.12,ETH,0
2021-02-23,912.42,15998673.77983735,3802.1116727010326,1175.895,1578.19,995.905,1078.04,ETH,0
2021-02-24,912.42,15182333.380153947,3801.616587720477,1193.955,1625.17,1013.965,1096.1,ETH,0
2021-02-25,912.42,16178447.351240799,3801.9494886669586,1193.955,1481.88,1013.965,1096.1,ETH,0
2021-02-26,912.42,15474371.188478164,3803.6806864601012,1193.955,1446.1,1013.965,1096.1,ETH,0
2021-02-27,912.42,16134672.687002463,3806.724408558315,1193.955,1460.23,1013.965,1122.78,ETH,0
2021-02-28,912.42,16348275.65566367,3810.2246633255972,1193.955,1422.58,1013.965,1182.635,ETH,0
2021-03-01,912.42,16714286.191172928,3813.605243955218,1193.955,1571.49,1013.965,1193.955,ETH,0
2021-03-02,985.32,16297538.543848189,3817.401512854319,1230.405,1488.67,1013.965,1193.955,ETH,0
2021-03-03,985.32,17284849.595637932,3821.726420320662,1230.405,1568.65,1013.965,1193.955,ETH,0
2021-03-04,1044.92,17896903.434473008,3827.2945108139998,1297.06,1538.37,1050.8200000000002,1230.81,ETH,0
2021-03-05,1044.92,18806571.352569785,3832.8206885200375,1357.895,1529.75,1111.655,1291.645,ETH,0
2021-03-06,1044.92,18406917.480721388,3839.7998836516113,1371.4450000000002,1651.48,1125.205,1305.195,ETH,0
2021-03-07,1044.92,18871178.575743385,3850.911068017019,1403.575,1726.33,1157.335,1337.325,ETH,0
2021-03-08,1044.92,18544565.442178037,3861.5056066239354,1403.575,1834.48,1157.335,1373.775,ETH,0
2021-03-09,1044.92,18706919.96293671,3872.5335371288697,1403.575,1872.1,1157.335,1373.775,ETH,0
2021-03-10,1044.92,19242426.138955157,3884.844684709698,1412.085,1795.63,1165.845,1412.085,ETH,0
2021-03-11,1044.92,19298922.49435797,3896.052753557353,1434.79,1827.06,1188.5500000000002,1434.79,ETH,0
2021-03-12,1044.92,19142433.931880802,3906.002762113173,1441.9250000000002,1767.77,1195.685,1441.9250000000002,ETH,0
2021-03-13,1197.55,19487724.09574696,3918.312534931603,1518.24,1921.18,1195.685,1441.9250000000002,ETH,0
2021-03-14,1207.77,19997007.698333565,3924.6962669916256,1537.435,1848.69,1209.77,1456.0100000000002,ETH,0
2021-03-15,1207.77,19948540.84459807,3929.959755924645,1541.66,1794.83,1220.685,1460.2350000000001,ETH,0
2021-03-16,1207.77,19531215.831030767,3930.3276975902945,1541.66,1805.64,1239.965,1460.2350000000001,ETH,0
2021-03-17,1207.77,19822059.626121826,3925.0746669223076,1541.66,1823.03,1245.605,1460.2350000000001,ETH,0
2021-03-18,1220.48,19931274.681754712,3919.2832020349624,1548.0149999999999,1776.16,1250.56,1460.2350000000001,ETH,0
2021-03-19,1271.68,20704408.254417762,3915.9616024561055,1573.615,1809.76,1278.42,1536.55,ETH,0
2021-03-20,1271.68,21392332.890740827,3913.748149871701,1610.855,1805.49,1319.45,1578.9,ETH,0
2021-03-21,1271.68,21928556.91344785,3906.825273350182,1622.8000000000002,1783.94,1345.315,1590.845,ETH,0
2021-03-22,1271.68,21813241.62656594,3900.7845906392636,1655.1,1682.05,1377.615,1623.145,ETH,0
2021-03-23,1361.84,21901922.146462034,3894.7493462152606,1700.1799999999998,1668.69,1377.615,1623.145,ETH,0
2021-03-24,1446.99,22224616.09036235,3887.8523785181173,1742.755,1583.24,1377.615,1629.5,ETH,0
2021-03-25,1360.96,22255558.607307572,3878.8933571950492,1699.74,1586.98,1404.295,1655.0999999999997,ETH,0
2021-03-26,1360.96,22416499.767469425,3870.2949320110724,1699.74,1699.89,1464.15,1655.0999999999997,ETH,0
2021-03-27,1360.96,21661370.62342956,3862.911619731235,1699.74,1713.94,1475.47,1655.0999999999997,ETH,0
2021-03-28,1360.96,21247283.569643516,3855.798263004725,1699.74,1686.74,1475.47,1655.0999999999997,ETH,0
2021-03-29,1360.96,20938757.6609655,3849.9167342048504,1699.74,1816.48,1475.47,1699.74,ETH,0
2021-03-30,1294.05,21357449.375247188,3847.080134636893,1666.2849999999999,1841.4,1475.47,1666.2849999999999,ETH,0
2021-03-31,1294.05,22203895.679930568,3844.812945992483,1666.2849999999999,1919.08,1475.47,1666.2849999999999,ETH,0
2021-04-01,1294.05,21727413.964351103,3845.8955783842775,1666.2849999999999,1967.67,1475.47,1666.2849999999999,ETH,0
2021-04-02,1294.05,21738140.065977454,3848.735656356689,1666.2849999999999,2134.46,1475.47,1666.2849999999999,ETH,0
2021-04-03,1294.05,21388669.504556373,3854.0079666136467,1666.2849999999999,2009.19,1511.92,1666.2849999999999,ETH,0
2021-04-04,1294.05,21850102.314732797,3859.934235545444,1666.2849999999999,2076.62,1511.92,1666.2849999999999,ETH,0
2021-04-05,1294.05,22361678.538485896,3867.1342783245486,1666.2849999999999,2107.73,1541.72,1666.2849999999999,ETH,0
2021-04-06,1294.05,22889718.86860804,3873.2912942067687,1666.2849999999999,2112.29,1541.72,1666.2849999999999,ETH,0
2021-04-07,1294.05,23388107.480875697,3878.982049342441,1666.2849999999999,1964.18,1541.72,1666.2849999999999,ETH,0
2021-04-08,1294.05,23900552.1119672,3886.1384906222597,1666.2849999999999,2081.11,1541.72,1666.2849999999999,ETH,0
2021-04-09,1294.05,23690734.63092258,3893.7150694709617,1666.2849999999999,2066.55,1541.72,1666.2849999999999,ETH,0
2021-04-10,1294.05,24068006.941253074,3899.883248737756,1666.2849999999999,2133.82,1541.72,1666.2849999999999,ETH,0
2021-04-11,1294.05,23938357.073540594,3906.397452872016,1634.9650000000001,2150.54,1541.72,1666.2849999999999,ETH,0
2021-04-12,1294.05,24375338.1402121,3910.010934502613,1618.71,2137.79,1541.72,1666.2849999999999,ETH,0
2021-04-13,1294.05,23975904.10738669,3913.959109006484,1618.71,2298.66,1541.72,1666.2849999999999,ETH,0
2021-04-14,1294.05,23849964.211386733,3918.232078116155,1618.71,2431.86,1618.0349999999999,1666.2849999999999,ETH,0
2021-04-15,1294.05,24224485.07597909,3922.1782355716005,1618.71,2517.08,1623.145,1666.2849999999999,ETH,0
2021-04-16,1294.05,24561070.726905167,3928.4140167235073,1618.71,2425.96,1623.145,1666.2849999999999,ETH,0
2021-04-17,1294.05,24261664.940201644,3931.671426391476,1618.71,2318.01,1623.145,1634.9650000000001,ETH,0
2021-04-18,1294.05,24454814.22380658,3933.2090290613296,1618.71,2240.96,1623.145,1618.71,ETH,0
2021-04-19,1413.28,24053365.947096687,3933.233430971293,1678.3249999999998,2163.36,1629.5,1618.71,ETH,0
2021-04-20,1443.48,24070780.346000027,3935.5225411550077,1693.425,2332.45,1655.1,1618.71,ETH,0
2021-04-21,1443.48,23772567.827848934,3935.985533904904,1693.425,2357.59,1655.1,1618.71,ETH,0
2021-04-22,1443.48,23546576.576866157,3936.8421364919222,1693.425,2401.35,1655.1,1618.71,ETH,0
2021-04-23,1443.48,23280226.381301984,3937.544004821652,1693.425,2369.67,1655.1,1618.71,ETH,0
2021-04-24,1514.5,23299895.568371136,3940.5310231343783,1728.935,2216.56,1666.2849999999999,1618.71,ETH,0
2021-04-25,1546.93,23724109.750064664,3944.429544285239,1745.15,2322.14,1666.2849999999999,1678.3249999999998,ETH,0
2021-04-26,1546.93,23910937.437520057,3950.2271423338593,1745.15,2534.9,1666.2849999999999,1693.425,ETH,0
2021-04-27,1546.93,23814504.486411203,3958.4081874846156,1745.15,2667.93,1666.2849999999999,1693.425,ETH,0
2021-04-28,1546.93,24099754.021523435,3967.764502334469,1745.15,2750.91,1666.2849999999999,1693.425,ETH,0
2021-04-29,1546.93,24300797.351631667,3977.9205465043024,1745.15,2758.4600000000005,1666.2849999999999,1693.425,ETH,0
2021-04-30,1546.93,24575588.91533368,3991.2129286628533,1747.1,2775.9600000000005,1666.2849999999999,1730.885,ETH,0
2021-05-01,1546.93,24857623.201978844,4003.190827342315,1764.47,2947.8,1666.2849999999999,1764.47,ETH,0
2021-05-02,1546.93,25231382.673999418,4016.635755048351,1845.4850000000001,2951.98,1719.045,1845.4850000000001,ETH,0
2021-05-03,1546.93,24883681.889787707,4029.084503718657,1845.4850000000001,3431.4100000000003,1719.045,1845.4850000000001,ETH,0
2021-05-04,1546.93,25157186.45417288,4042.1389804838805,1845.4850000000001,3241.0900000000006,1719.045,1845.4850000000001,ETH,0
2021-05-05,1546.93,25399799.83735079,4056.234282248232,1845.4850000000001,3528.8600000000006,1719.045,1845.4850000000001,ETH,0
2021-05-06,1546.93,25502934.792676944,4071.182151194852,1848.835,3491.7400000000002,1722.395,1848.835,ETH,0
2021-05-07,1546.93,25253432.710914433,4084.4044035774014,1848.835,3483.9600000000005,1722.395,1848.835,ETH,0
2021-05-08,1546.93,25623459.52815722,4097.522735432085,1848.835,3916.25,1722.395,1848.835,ETH,0
2021-05-09,1546.93,25473657.50991626,4104.828413935939,1848.835,3927.0600000000004,1722.395,1848.835,ETH,0
2021-05-10,1546.93,25525088.999598555,4112.644421168606,1871.2400000000002,3949.7700000000004,1744.8000000000002,1871.2400000000002,ETH,0
2021-05-11,1546.93,25776273.242750794,4122.153384508275,1871.2400000000002,4178.02,1744.8000000000002,1871.2400000000002,ETH,0
2021-05-12,1546.93,25618897.503429946,4130.776929364754,1873.5100000000002,3811.29,1747.0700000000002,1873.5100000000002,ETH,0
2021-05-13,1549.08,26110562.17784111,4138.591663142481,1931.55,3718.9900000000002,1804.0349999999999,1930.475,ETH,0
2021-05-14,1586.8,26629822.33613628,4143.9357049123255,2016.4349999999997,4080.13,1870.0600000000002,1996.5,ETH,0
2021-05-15,1662.16,27039796.340177853,4148.597025298941,2104.025,3644.04,1919.9699999999996,2046.4099999999999,ETH,0
2021-05-16,1662.16,27034779.345103465,4153.441882269591,2104.78,3586.1800000000003,1920.7250000000001,2047.165,ETH,0
2021-05-17,1676.68,26287563.656278502,4159.265215682853,2112.04,3280.73,1920.7250000000001,2047.165,ETH,0
2021-05-18,1772.26,26638347.1935312,4164.133672060153,2159.83,3377.65,1920.7250000000001,2047.165,ETH,0
2021-05-19,1772.26,26545811.199054025,4168.417329243119,2159.83,2442.89,1920.7250000000001,2048.24,ETH,0
2021-05-20,1888.82,27228823.98602171,4171.275801358771,2218.11,2772.84,1920.7250000000001,2067.1,ETH,0
2021-05-21,1931.07,27255092.692963317,4175.191098076823,2239.235,2435.86,1980.3400000000004,2104.78,ETH,0
2021-05-22,1931.07,26875684.33687053,4176.043358666423,2287.785,2297.03,2043.99,2153.33,ETH,0
2021-05-23,1931.07,27367850.488134798,4176.3281253268415,2287.785,2098.57,2043.99,2160.59,ETH,0
2021-05-24,1931.07,26974529.211631667,4176.6511222838035,2287.785,2648.77,2043.99,2208.38,ETH,0
2021-05-25,1931.07,27504496.657566514,4178.290318625181,2287.785,2707.49,2043.99,2208.38,ETH,0
2021-05-26,1931.07,28278665.704805408,4183.212068830085,2287.785,2888.94,2079.5,2266.66,ETH,0
2021-05-27,1950.13,28959430.21273066,4187.629166739195,2315.8,2742.48,2114.2,2306.27,ETH,0
2021-05-28,1976.71,29632603.622895747,4193.030458668166,2369.245,2412.36,2154.355,2346.425,ETH,0
2021-05-29,1976.71,29908695.872145418,4194.349474062104,2388.13,2278.58,2173.2400000000002,2365.31,ETH,0
2021-05-30,1976.71,30176942.672231182,4192.5231044223,2388.1549999999997,2386.91,2173.265,2365.335,ETH,0
2021-05-31,1976.71,30901466.508217327,4191.99763881125,2465.625,2707.3800000000006,2250.735,2442.805,ETH,0
2021-06-01,1976.71,31260563.721759472,4191.660881532808,2480.88,2634.23,2265.9900000000002,2458.06,ETH,0
2021-06-02,1976.71,31955923.290045038,4191.452997425489,2716.185,2706.5200000000004,2501.295,2702.895,ETH,0
2021-06-03,1976.71,31504170.414163496,4194.002144186704,2753.875,2856.0100000000007,2538.985,2753.8750000000005,ETH,0
2021-06-04,1976.71,32100714.296454888,4193.214703369006,2762.895,2691.17,2548.005,2762.895,ETH,0
2021-06-05,1976.71,32082105.33978033,4187.60782770416,2792.3450000000003,2629.76,2577.455,2792.3450000000003,ETH,0
2021-06-06,1976.71,32133222.681764573,4183.594724873,2792.3450000000003,2710.9900000000002,2577.455,2792.3450000000003,ETH,0
2021-06-07,2055.51,32849630.674966425,4177.6266543795755,3007.715,2593.12,2753.425,2968.315,ETH,0
2021-06-08,2055.51,33371785.164642405,4173.73054733263,3018.92,2509.23,2764.63,2979.52,ETH,0
2021-06-09,2096.0,33324510.55467354,4168.462367738863,3153.025,2610.64,2878.4900000000002,3093.3799999999997,ETH,0
2021-06-10,2096.0,34436144.20510512,4164.512624740469,3153.025,2471.56,2878.4900000000002,3093.3799999999997,ETH,0
2021-06-11,2096.0,33334729.895626783,4160.7814840042965,3237.895,2355.09,2963.36,3178.25,ETH,0
2021-06-12,2159.64,32926228.750970103,4157.171951511796,3269.715,2369.6199999999994,2963.36,3178.25,ETH,0
2021-06-13,2166.7,33765453.445386104,4155.301885604725,3273.245,2509.7,2963.36,3217.65,ETH,0
2021-06-14,2306.94,32362419.542233393,4154.138815361979,3343.365,2582.12,2964.435,3217.65,ETH,0
2021-06-15,2485.34,32199207.668467272,4153.6407222201515,3432.565,2543.6,2983.295,3237.895,ETH,0
2021-06-16,2560.07,31725488.16388715,4154.038410186635,3469.9300000000003,2367.7,3020.975,3237.895,ETH,0
2021-06-17,2672.02,31468383.02418255,4155.713717814722,3525.9049999999993,2372.31,3020.975,3237.895,ETH,0
2021-06-18,1947.97,30912525.15474513,4157.965182658472,3163.88,2233.57,3028.235,3163.88,ETH,0
2021-06-19,1947.97,31685099.724015005,4159.684547206201,3163.88,2166.61,3076.025,3163.88,ETH,0
2021-06-20,1947.97,31332778.23570433,4160.3352428979915,3163.88,2243.6,3076.025,3163.88,ETH,0
2021-06-21,1947.97,31079080.82415823,4163.984492874014,3163.88,1887.89,3134.305,3163.88,ETH,0
2021-06-22,1736.21,31274377.38456798,4169.930758503373,3058.0,1880.83,3058.0,3058.0,ETH,0
2021-06-23,1736.21,32657206.158209905,4177.227007075587,3058.0,1968.56,3058.0,3058.0,ETH,0
2021-06-24,1736.21,33739250.51772275,4186.165087563518,3058.0,1989.01,3058.0,3058.0,ETH,0
2021-06-25,1736.21,34892266.91165928,4192.284847531865,3058.0,1810.27,3058.0,3058.0,ETH,0
2021-06-26,1736.21,34634730.59991025,4196.755286679815,3058.0,1830.94,3058.0,3058.0,ETH,0
2021-06-27,1736.21,33814416.30999685,4197.628631591663,3058.0,1983.33,3058.0,3058.0,ETH,0
2021-06-28,1736.21,33082298.4653119,4200.591103035929,3058.0,2083.8,3058.0,3058.0,ETH,0
2021-06-29,1736.21,33500155.16477413,4205.584339904651,3058.0,2165.61,3058.0,3058.0,ETH,0
2021-06-30,1736.21,34393877.63430836,4210.524980708396,3058.0,2276.14,3058.0,3058.0,ETH,0
2021-07-01,1736.21,34380945.060626246,4215.998881639619,2956.315,2109.29,3058.0,3058.0,ETH,0
2021-07-02,1736.21,34542813.168756045,4222.5080252509815,2956.315,2155.6500000000005,3058.0,3058.0,ETH,0
2021-07-03,1736.21,35022989.196765244,4225.160747527942,2934.885,2227.18,3058.0,3058.0,ETH,0
2021-07-04,1736.21,34957054.83016378,4228.476724678994,2807.645,2323.27,3058.0,3058.0,ETH,0
2021-07-05,1736.21,34710293.960438356,4232.305542863984,2663.11,2196.71,3058.0,3058.0,ETH,0
2021-07-06,1736.21,34936424.38198608,4234.765602438656,2650.59,2322.63,3058.0,3058.0,ETH,0
2021-07-07,1736.21,34553258.505153246,4233.62746440329,2588.705,2317.12,3058.0,2956.315,ETH,0
2021-07-08,1736.21,34681414.916146494,4230.807738494738,2366.3,2114.5100000000007,3058.0,2956.315,ETH,0
2021-07-09,1736.21,35095851.00483906,4229.454919869425,2338.065,2145.67,3058.0,2934.885,ETH,0
2021-07-10,1736.21,34829098.89122154,4226.873289489611,2324.1400000000003,2110.47,3058.0,2807.6449999999995,ETH,0
2021-07-11,1736.21,34533395.800095305,4224.774903760504,2324.1400000000003,2140.45,3058.0,2663.11,ETH,0
2021-07-12,2081.99,34605576.19543548,4223.7666588918155,2497.03,2032.88,3058.0,2650.59,ETH,0
2021-07-13,2182.6,34953756.70938635,4223.732141004155,2547.335,1940.61,3058.0,2588.705,ETH,0
2021-07-14,2182.6,35305714.67808135,4224.001874542101,2547.335,1994.22,3058.0,2366.3,ETH,0
2021-07-15,2182.6,35040315.04884777,4225.087970406534,2537.045,1918.17,3058.0,2338.065,ETH,0
2021-07-16,2182.6,34537689.04470224,4226.3315804616395,2536.13,1877.05,3058.0,2324.1400000000003,ETH,0
2021-07-17,2182.6,34454201.5619837,4226.56971075862,2536.13,1899.96,3058.0,2324.1400000000003,ETH,0
2021-07-18,2135.22,34334830.17805799,4225.435791015492,2512.4399999999996,1891.96,3058.0,2497.0299999999997,ETH,0
2021-07-19,2135.22,33708928.38999891,4226.01599993011,2512.4399999999996,1818.6,3058.0,2523.645,ETH,0
2021-07-20,2043.7400000000002,34182760.45712363,4228.89815216051,2466.7,1786.52,3058.0,2477.905,ETH,0
2021-07-21,1870.01,33591836.695265815,4232.957824052949,2379.835,1994.98,3058.0,2380.75,ETH,0
2021-07-22,1705.78,33719009.35068664,4238.283070591383,2297.72,2024.74,3042.785,2297.72,ETH,0
2021-07-23,1705.78,33915211.80145033,4245.943441881316,2282.49,2125.57,3042.785,2297.72,ETH,0
2021-07-24,1705.78,34170726.228439175,4253.4897529600685,2276.85,2185.98,3042.785,2297.72,ETH,0
2021-07-25,1705.78,33611292.613146804,4259.2623087200445,2276.85,2194.34,3042.785,2297.72,ETH,0
2021-07-26,1705.78,34075275.25621579,4266.66819926657,2276.85,2228.67,3042.785,2297.72,ETH,0
2021-07-27,1705.78,34718985.6602741,4275.27673252637,2172.835,2301.98,3042.785,2297.72,ETH,0
2021-07-28,1705.78,34933879.59158106,4284.35583321694,2172.835,2301.12,3042.785,2297.72,ETH,0
2021-07-29,1705.78,34970002.5620785,4294.308132171494,2172.835,2383.24,3042.785,2282.49,ETH,0
2021-07-30,1705.78,35472077.681688376,4305.808531079836,2172.835,2463.61,3042.785,2276.85,ETH,0
2021-07-31,1705.78,35123206.062888205,4317.4719026836665,2172.835,2531.75,3042.785,2276.85,ETH,0
2021-08-01,1705.78,35590352.793516114,4330.659771510394,2172.835,2556.41,3042.785,2276.85,ETH,0
2021-08-02,1705.78,35962797.63730254,4341.38519810254,2172.835,2608.44,2941.1,2172.835,ETH,0
2021-08-03,1705.78,36101094.357296176,4348.354473331859,2172.835,2508.21,2941.1,2172.835,ETH,0
2021-08-04,1705.78,35915643.12377571,4354.074207741735,2130.145,2725.7200000000003,2919.67,2172.835,ETH,0
2021-08-05,1705.78,36133499.901810005,4353.812949589181,2082.375,2829.23,2792.43,2172.835,ETH,0
2021-08-06,1705.78,35906972.43633833,4353.031319209368,2057.155,2892.36,2647.895,2172.835,ETH,0
2021-08-07,1705.78,35625180.24934821,4351.804872567174,2057.155,3162.43,2635.375,2172.835,ETH,0
2021-08-08,1705.78,35774957.82141818,4349.37695781149,2057.155,3013.7500000000005,2573.49,2172.835,ETH,0
2021-08-09,1705.78,35624468.717603125,4347.954855673515,2057.155,3164.94,2351.085,2172.835,ETH,0
2021-08-10,1705.78,35727585.908619955,4347.266101183071,2057.155,3141.6700000000005,2322.85,2130.145,ETH,0
2021-08-11,1717.91,35475327.89775285,4346.443828582626,2063.2200000000003,3163.4200000000005,2308.925,2082.375,ETH,0
2021-08-12,1717.91,35228898.95683093,4346.308564540179,2063.2200000000003,3047.2900000000004,2308.925,2057.155,ETH,0
2021-08-13,1717.91,35492413.801618785,4346.399878910472,2063.2200000000003,3324.26,2308.925,2057.155,ETH,0
2021-08-14,1717.91,35278277.63697964,4346.488148825371,2063.2200000000003,3266.7100000000005,2308.925,2057.155,ETH,0
2021-08-15,1808.2,35055906.03966991,4346.164405713623,2108.3650000000002,3311.12,2308.925,2057.155,ETH,0
2021-08-16,1849.84,35243072.77258497,4347.101243264196,2129.185,3147.63,2298.6349999999998,2057.155,ETH,0
2021-08-17,1849.84,34909508.13647692,4349.877289363178,2129.185,3011.9600000000005,2297.72,2063.2200000000003,ETH,0
2021-08-18,1806.49,34593883.31612002,4353.772252981865,2107.51,3013.52,2297.72,2063.2200000000003,ETH,0
2021-08-19,1720.11,34635077.65073849,4356.9344229560575,2064.32,3184.7400000000002,2297.72,2063.2200000000003,ETH,0
2021-08-20,1720.11,34926525.96909104,4360.964257158414,2064.32,3286.5,2297.72,2063.2200000000003,ETH,0
2021-08-21,1720.11,35142094.25221966,4364.211670466693,2064.32,3226.59,2297.72,2064.32,ETH,0
2021-08-22,1720.11,35514921.81965603,4365.879059055734,2064.32,3241.6500000000005,2297.72,2064.32,ETH,0
2021-08-23,1720.11,35817069.71952983,4368.101658412248,2064.32,3322.71,2297.72,2064.32,ETH,0
2021-08-24,1720.11,36225348.00050157,4372.943629346436,2064.32,3172.57,2282.49,2064.32,ETH,0
2021-08-25,1720.11,35972722.10617088,4378.6002163476915,2075.19,3228.8600000000006,2276.85,2075.19,ETH,0
2021-08-26,1720.11,36322417.88284248,4384.614421626361,2075.19,3093.62,2276.85,2075.19,ETH,0
2021-08-27,1720.11,36366957.36981824,4391.63071321746,2075.19,3275.87,2276.85,2075.19,ETH,0
2021-08-28,1720.11,36716781.95641337,4398.593024226457,2075.19,3246.78,2172.835,2075.19,ETH,0
2021-08-29,1720.11,37147415.73810145,4406.0338414872,2095.93,3225.3,2172.835,2095.93,ETH,0
2021-08-30,1720.11,37473811.19357158,4414.035970306255,2136.91,3228.4600000000005,2172.835,2136.91,ETH,0
2021-08-31,1720.11,37212123.62972195,4418.375613730153,2209.1,3435.1700000000005,2201.935,2209.1,ETH,0
2021-09-01,1720.11,37341381.31802338,4421.845093427245,2209.1,3829.18,2201.935,2209.1,ETH,0
2021-09-02,1720.11,37179158.79038533,4425.180701555384,2209.1,3787.7,2201.935,2209.1,ETH,0
2021-09-03,1720.11,37527232.05784056,4427.5970950533965,2245.1749999999997,3939.79,2238.0099999999998,2245.1749999999997,ETH,0
2021-09-04,1720.11,37975507.61127796,4429.540200260567,2282.07,3887.01,2274.905,2282.07,ETH,0
2021-09-05,1720.11,38225647.76405767,4429.8932328359015,2334.575,3952.33,2327.41,2334.575,ETH,0
2021-09-06,1720.11,38693150.96874723,4430.8009908402255,2446.315,3928.4000000000005,2439.15,2446.315,ETH,0
2021-09-07,1720.11,38464726.4667391,4433.017946733606,2455.245,3433.4800000000005,2448.08,2455.245,ETH,0
2021-09-08,1755.61,38860823.12755367,4433.862379128451,2472.995,3499.69,2448.08,2455.245,ETH,0
2021-09-09,1949.15,38851779.14247807,4435.005582536829,2591.46,3424.2400000000002,2469.775,2476.94,ETH,0
2021-09-10,1997.36,38632191.20879076,4436.975327518867,2635.79,3209.4100000000003,2490.0,2497.165,ETH,0
2021-09-11,2107.47,38408701.71945398,4439.630437469341,2690.845,3266.4300000000003,2490.0,2497.165,ETH,0
2021-09-12,2109.21,38840230.59258648,4440.664679608885,2719.02,3405.3199999999997,2523.37,2524.47,ETH,0
2021-09-13,2152.97,38813715.53706584,4441.766089956959,2742.58,3285.3999999999996,2525.05,2526.15,ETH,0
2021-09-14,2152.97,39164076.55100076,4443.851381247242,2742.58,3436.0500000000006,2525.05,2543.9,ETH,0
2021-09-15,2245.77,38831966.19978772,4445.631387001986,2791.6099999999997,3615.22,2527.68,2643.3,ETH,0
2021-09-16,2268.67,38529657.10133487,4447.951321084018,2803.06,3569.2600000000007,2528.7799999999997,2667.4049999999997,ETH,0
2021-09-17,2318.5,38430975.00771645,4449.547414180069,2827.975,3398.82,2528.7799999999997,2722.46,ETH,0
2021-09-18,2422.41,38733594.5772358,4452.646509660852,2879.93,3435.7600000000007,2528.7799999999997,2723.33,ETH,0
2021-09-19,2447.32,38974127.678647935,4455.475355965608,2892.385,3328.8500000000004,2528.7799999999997,2745.21,ETH,0
2021-09-20,2447.32,38765035.91039712,4459.557241494173,2892.385,2966.51,2528.7799999999997,2745.21,ETH,0
2021-09-21,2447.32,38944385.1085051,4464.433598981442,2892.385,2760.2000000000003,2528.7799999999997,2791.6099999999997,ETH,0
2021-09-22,2458.12,39009171.44241947,4469.628449358114,2918.4049999999997,3078.8800000000006,2549.4,2823.6800000000003,ETH,0
2021-09-23,2536.51,38778125.365050636,4475.762276567589,2957.6000000000004,3154.6200000000003,2549.4,2848.5950000000003,ETH,0
2021-09-24,2722.76,39010060.178082325,4481.823766435753,3050.7250000000004,2930.86,2549.4,2900.55,ETH,0
2021-09-25,2866.96,38808077.363176785,4488.145407213341,3122.825,2925.3400000000006,2549.4,2913.005,ETH,0
2021-09-26,2895.74,39126919.33035434,4495.6103413171695,3137.215,3064.2100000000005,2549.4,2913.005,ETH,0
2021-09-27,2895.74,39091567.856614575,4503.2352747234545,3137.215,2927.73,2549.4,2913.005,ETH,0
2021-09-28,2952.86,39115001.45481279,4510.029673657954,3165.775,2807.4400000000005,2549.4,2918.4049999999997,ETH,0
2021-09-29,2952.86,39043318.171554565,4515.922737775388,3165.775,2850.8700000000003,2549.4,2957.6000000000004,ETH,0
2021-09-30,2952.86,39312686.41316017,4522.504336438716,3216.485,3000.83,2600.11,3101.4350000000004,ETH,0
2021-10-01,2952.86,39697647.61883637,4526.692971910605,3397.3249999999994,3310.63,2780.95,3354.3750000000005,ETH,0
2021-10-02,2952.86,39748918.595988564,4529.258306557647,3397.3249999999994,3389.48,2780.95,3368.765,ETH,0
2021-10-03,2952.86,39944283.550409034,4529.999017224848,3489.86,3420.14,2873.485,3461.3,ETH,0
2021-10-04,2952.86,39840052.85397467,4529.081418500484,3489.86,3384.500000000001,2873.485,3489.86,ETH,0
2021-10-05,2952.86,40092695.38717117,4527.668917083598,3489.86,3516.0900000000006,2873.485,3489.86,ETH,0
2021-10-06,2952.86,40143257.867533304,4525.340582820203,3489.86,3576.08,2873.485,3489.86,ETH,0
2021-10-07,2963.91,40006039.815650836,4520.7977511813215,3495.385,3588.1200000000003,2873.485,3489.86,ETH,0
2021-10-08,3057.59,40290204.09442793,4514.070460401118,3542.2250000000004,3562.84,2873.485,3489.86,ETH,0
2021-10-09,3057.59,39997380.31089211,4505.1599111283085,3542.2250000000004,3576.4000000000005,2873.485,3489.86,ETH,0
2021-10-10,3057.59,39692324.81531631,4495.735551888459,3542.2250000000004,3416.4900000000002,2891.235,3489.86,ETH,0
2021-10-11,3057.59,39640454.277702175,4484.798287309776,3542.2250000000004,3544.14,2988.005,3489.86,ETH,0
2021-10-12,3057.59,39848308.318445235,4475.549877166606,3542.2250000000004,3490.6100000000006,3012.11,3489.86,ETH,0
2021-10-13,3057.59,39878614.387598455,4467.349731227189,3542.2250000000004,3607.55,3067.165,3495.385,ETH,0
2021-10-14,3057.59,40330477.29554807,4461.382560620847,3542.2250000000004,3791.230000000001,3068.035,3542.2250000000004,ETH,0
2021-10-15,3057.59,40789623.68974289,4455.044522748533,3542.2250000000004,3868.1600000000003,3089.915,3542.2250000000004,ETH,0
2021-10-16,3121.17,40739744.60807875,4450.5267601011765,3574.0150000000003,3829.6100000000006,3089.915,3542.2250000000004,ETH,0
2021-10-17,3121.17,40438497.24411059,4443.950547790386,3574.0150000000003,3846.66,3136.315,3542.2250000000004,ETH,0
2021-10-18,3121.17,40321950.10961389,4437.028883470666,3574.0150000000003,3746.14,3147.7650000000003,3542.2250000000004,ETH,0
2021-10-19,3121.17,40100406.57770907,4430.2279906135245,3574.0150000000003,3877.4500000000007,3172.6800000000003,3542.2250000000004,ETH,0
2021-10-20,2926.56,39728342.821000464,4425.275223214146,3476.71,4162.49,3224.635,3476.71,ETH,0
2021-10-21,2677.64,39464150.906180464,4419.716629573137,3352.25,4062.76,3237.09,3352.25,ETH,0
2021-10-22,2677.64,39888014.345097676,4411.657902417724,3352.25,3971.95,3237.09,3352.25,ETH,0
2021-10-23,2677.64,40199818.764280684,4403.069260733328,3330.135,4168.960000000001,3237.09,3352.25,ETH,0
2021-10-24,2677.64,40149920.4169207,4396.7371652874235,3330.135,4082.08,3242.49,3352.25,ETH,0
2021-10-25,2677.64,40369023.67681909,4391.416803087367,3324.6899999999996,4220.260000000001,3281.6850000000004,3352.25,ETH,0
2021-10-26,2677.64,40696530.2232667,4385.608913966448,3312.545,4129.950000000001,3352.25,3352.25,ETH,0
2021-10-27,2677.64,40270446.092685156,4381.490543147355,3175.7200000000003,3924.3100000000004,3352.25,3352.25,ETH,0
2021-10-28,2677.64,39922995.96847536,4378.605656323974,3175.7200000000003,4288.22,3352.25,3352.25,ETH,0
2021-10-29,2677.64,39845873.842533134,4375.5315090723,3175.7200000000003,4417.4,3352.25,3330.135,ETH,0
2021-10-30,2677.64,40049390.36443397,4369.427179717878,3175.7200000000003,4323.94,3352.25,3330.135,ETH,0
2021-10-31,2677.64,40362314.95675753,4366.294778006278,3175.7200000000003,4290.1,3352.25,3324.6899999999996,ETH,0
2021-11-01,2677.64,40442465.280371726,4365.412031010079,3175.7200000000003,4322.79,3352.25,3312.545,ETH,0
2021-11-02,2677.64,40457245.06515028,4363.159877558977,3175.7200000000003,4593.15,3352.25,3175.7200000000003,ETH,0
2021-11-03,2677.64,40545040.67368431,4360.869870648924,3175.7200000000003,4604.4,3352.25,3175.7200000000003,ETH,0
2021-11-04,2677.64,40726817.53266994,4359.275380597656,3175.7200000000003,4536.99,3352.25,3175.7200000000003,ETH,0
2021-11-05,2677.64,40903236.39976941,4357.827245112689,3152.135,4480.09,3352.25,3175.7200000000003,ETH,0
2021-11-06,2677.64,40978507.54640556,4357.013305554933,3166.34,4521.41,3352.25,3175.7200000000003,ETH,0
2021-11-07,2677.64,40812590.09973315,4359.745919036727,3173.505,4617.13,3352.25,3175.7200000000003,ETH,0
2021-11-08,2677.64,40748541.89291208,4366.492241232598,3173.505,4810.97,3352.25,3175.7200000000003,ETH,0
2021-11-09,2677.64,40470794.04196782,4376.043583243094,3173.505,4732.07,3352.25,3175.7200000000003,ETH,0
2021-11-10,2738.86,40580990.47131784,4387.048609379219,3204.115,4632.98,3352.25,3175.7200000000003,ETH,0
2021-11-11,2742.73,40637466.380963035,4400.763553837226,3206.05,4722.68,3352.25,3173.505,ETH,0
2021-11-12,2742.73,40910532.14171449,4416.527086530271,3206.05,4668.7,3352.25,3173.505,ETH,0
2021-11-13,2742.73,41116540.16018516,4430.3179367064,3284.4700000000003,4645.64,3352.25,3251.9249999999997,ETH,0
2021-11-14,2742.73,41299755.15168983,4443.796610695833,3322.385,4627.5,3352.25,3289.84,ETH,0
2021-11-15,2784.02,41073618.71801206,4455.418147604664,3376.155,4561.38,3352.25,3322.965,ETH,0
2021-11-16,2784.02,41228448.92047718,4468.979307120044,3376.155,4210.14,3352.25,3353.575,ETH,0
2021-11-17,2784.02,41106705.6570665,4482.736698477465,3376.155,4289.75,3352.25,3355.51,ETH,0
2021-11-18,2838.28,41394527.324805304,4495.82512228815,3403.285,3998.17,3352.25,3355.51,ETH,0
2021-11-19,2969.29,41726114.98663035,4505.29186107076,3569.015,4299.27,3423.1899999999996,3455.7349999999997,ETH,0
2021-11-20,3260.49,41459088.89361969,4513.328075626774,3816.85,4415.72,3525.425,3557.9700000000003,ETH,0
2021-11-21,3281.47,41299909.368656,4524.9288503372945,3827.34,4264.610000000001,3525.425,3578.615,ETH,0
2021-11-22,3281.47,41676403.73970761,4538.5060111998055,3827.34,4090.4600000000005,3525.425,3578.615,ETH,0
2021-11-23,3345.21,41701992.91409808,4551.527713557507,3859.21,4341.17,3525.425,3578.615,ETH,0
2021-11-24,3345.21,42004455.6016109,4564.2866946627655,3859.21,4271.96,3525.425,3605.7449999999994,ETH,0
2021-11-25,3374.5,41773256.88544851,4578.324336024547,3873.855,4523.8,3525.425,3671.25,ETH,0
2021-11-26,3374.5,41421189.87196324,4590.592099652825,3873.855,4042.5500000000006,3525.425,3816.85,ETH,0
2021-11-27,3374.5,41758584.085129276,4600.41534707191,3873.855,4100.3,3525.425,3827.34,ETH,0
2021-11-28,3374.5,41955138.385328226,4607.909076472543,3917.2,4297.92,3568.7699999999995,3870.6849999999995,ETH,0
2021-11-29,3374.5,41904948.71661263,4617.121327536299,3917.2,4448.489999999999,3568.7699999999995,3902.555,ETH,0
2021-11-30,3404.55,41926220.86522891,4626.156183733112,3932.225,4631.1,3568.7699999999995,3902.555,ETH,0
2021-12-01,3413.15,42075285.27433443,4634.502412523394,3936.5249999999996,4587.74,3568.7699999999995,3917.2,ETH,0
2021-12-02,3589.52,42362520.5928194,4640.405566951059,4096.58,4514.8,3640.6400000000003,3989.07,ETH,0
2021-12-03,3651.37,42474289.4019784,4646.915469142221,4160.5,4219.32,3673.635,4022.065,ETH,0
2021-12-04,3651.37,42539721.23319187,4653.610966709533,4160.5,4124.26,3673.635,4022.065,ETH,0
2021-12-05,3651.37,42395042.210335225,4659.909801700987,4160.5,4201.09,3673.635,4022.065,ETH,0
2021-12-06,3677.52,42677221.105426334,4666.309140777438,4173.575,4357.17,3673.635,4037.0899999999997,ETH,0
2021-12-07,3733.6,42883202.39958909,4672.484371512127,4201.615,4309.7,3673.635,4041.3900000000003,ETH,0
2021-12-08,3829.95,43141376.34905787,4679.353582436549,4326.95,4439.98,3750.795,4206.735,ETH,0
2021-12-09,3892.38,42948681.91833904,4684.916126578046,4366.75,4111.92,3759.3800000000006,4246.245,ETH,0
2021-12-10,3892.38,42881888.69390263,4690.820225088788,4379.16,3902.4900000000002,3771.7900000000004,4258.655,ETH,0
2021-12-11,3897.1,42999681.35571616,4695.348404366481,4381.5199999999995,4088.68,3771.7900000000004,4258.655,ETH,0
2021-12-12,3897.1,43018876.89313945,4698.831380898463,4381.5199999999995,4135.31,3802.3999999999996,4271.73,ETH,0
2021-12-13,3897.1,43014202.31387944,4700.405548095553,4381.5199999999995,3785.0800000000004,3804.3349999999996,4299.7699999999995,ETH,0
2021-12-14,3897.1,43089193.41923805,4701.809941427898,4381.5199999999995,3862.18,3804.3349999999996,4347.945,ETH,0
2021-12-15,3897.1,42845377.56929836,4700.946592276287,4381.5199999999995,4020.19,3804.3349999999996,4379.16,ETH,0
2021-12-16,3897.1,42671834.59845295,4700.039195687281,4381.5199999999995,3957.03,3804.3349999999996,4379.16,ETH,0
2021-12-17,4072.3099999999995,42952628.2903992,4701.189185442095,4469.125,3876.37,3824.979999999999,4381.5199999999995,ETH,0
2021-12-18,3960.96,42701267.023274735,4696.066978890406,4413.45,3961.9600000000005,3824.979999999999,4381.5199999999995,ETH,0
2021-12-19,3960.96,42980441.49463483,4692.620031084183,4413.45,3924.55,3824.979999999999,4381.5199999999995,ETH,0
2021-12-20,3960.96,43232746.157571785,4689.332076263278,4413.45,3945.570000000001,3852.1099999999997,4381.5199999999995,ETH,0
2021-12-21,3960.96,42972458.27108234,4684.969697570652,4413.45,4017.7000000000003,3917.615,4381.5199999999995,ETH,0
2021-12-22,3960.96,42788821.581167534,4676.08323211655,4413.45,3981.26,4063.2149999999997,4381.5199999999995,ETH,0
2021-12-23,3960.96,43032904.993014865,4665.19228504711,4413.45,4112.35,4073.7049999999995,4413.45,ETH,0
2021-12-24,3960.96,43035022.95194667,4656.113099016314,4413.45,4047.8700000000003,4073.7049999999995,4413.45,ETH,0
2021-12-25,3960.96,43332158.340160355,4646.590608106191,4413.45,4097.06,4105.575,4413.45,ETH,0
2021-12-26,3924.75,43093178.59614835,4636.371461704652,4395.344999999999,4063.44,4105.575,4395.344999999999,ETH,0
2021-12-27,3924.75,43045666.26827247,4626.948157501074,4395.344999999999,4037.8700000000003,4120.219999999999,4395.344999999999,ETH,0
2021-12-28,3924.75,43424200.52848875,4620.441400909277,4395.344999999999,3793.5400000000004,4120.219999999999,4395.344999999999,ETH,0
2021-12-29,3924.75,43753790.75280675,4618.230488804263,4395.344999999999,3629.3100000000004,4120.219999999999,4395.344999999999,ETH,0
2021-12-30,3924.75,43897150.60103239,4616.676145062981,4366.225,3710.08,4120.219999999999,4395.344999999999,ETH,0
2021-12-31,3924.75,43683432.16604141,4611.382678331501,4366.225,3675.7900000000004,4120.219999999999,4395.344999999999,ETH,0
2022-01-01,3924.75,43594819.93152357,4611.706293051437,4353.34,3766.74,4135.245,4395.344999999999,ETH,0
2022-01-02,3924.75,43356536.09744292,4615.52313461289,4353.34,3830.92,4139.545,4395.344999999999,ETH,0
2022-01-03,3692.26,43622709.335908026,4619.640136718604,4237.095,3765.16,4227.73,4279.1,ETH,0
2022-01-04,3692.26,43848371.99925752,4624.075943864948,4237.095,3785.67,4258.655,4279.1,ETH,0
2022-01-05,3692.26,44256102.50653735,4628.521024431357,4237.095,3536.77,4258.655,4249.98,ETH,0
2022-01-06,3692.26,44062025.433428034,4631.184859248423,4237.095,3406.48,4258.655,4249.98,ETH,0
2022-01-07,3692.26,44447726.61612771,4631.164339228892,4237.095,3196.4700000000003,4271.73,4237.095,ETH,0
2022-01-08,3692.26,44081845.92135568,4631.577709088859,4237.095,3080.8100000000004,4279.1,4237.095,ETH,0
2022-01-09,3692.26,43683757.74140659,4633.586509595451,4237.095,3150.83,4279.1,4237.095,ETH,0
2022-01-10,3692.26,44082239.843051545,4637.583716147139,4237.095,3083.68,4279.1,4237.095,ETH,0
2022-01-11,3692.26,44300399.70385234,4641.3775674001035,4237.095,3240.32,4279.1,4237.095,ETH,0
2022-01-12,3672.91,44102616.1608159,4643.769759041774,4227.42,3373.0300000000007,4269.424999999999,4227.42,ETH,0
2022-01-13,3672.91,44377103.36852722,4648.487292698304,4227.42,3242.260000000001,4269.424999999999,4227.42,ETH,0
2022-01-14,3651.32,44599284.68245763,4655.389910125584,4216.625,3309.6600000000008,4258.63,4216.625,ETH,0
2022-01-15,3651.32,44295979.90361736,4662.7467042104045,4216.625,3328.63,4258.63,4216.625,ETH,0
2022-01-16,3651.32,44352727.30186982,4664.919627053248,4216.625,3349.6100000000006,4258.63,4216.625,ETH,0
2022-01-17,3651.32,44545980.3983583,4670.909170423087,4216.625,3210.9,4258.63,4216.625,ETH,0
2022-01-18,3651.32,44405629.27087525,4674.505814579406,4216.625,3161.5000000000005,4258.63,4216.625,ETH,0
2022-01-19,3651.32,44588173.0497089,4676.075405992632,4216.625,3084.78,4258.63,4216.625,ETH,0
2022-01-20,3651.32,44692133.984965935,4677.582916804575,4155.47,3002.43,4258.63,4216.625,ETH,0
2022-01-21,3651.32,44595693.4733984,4686.704817417541,4155.47,2569.59,4258.63,4216.625,ETH,0
2022-01-22,3651.32,44739372.932680584,4697.561172485202,4070.5650000000005,2412.23,4258.63,4216.625,ETH,0
2022-01-23,3651.32,44642269.87689974,4709.705257742594,4070.5650000000005,2541.6,4258.63,4216.625,ETH,0
2022-01-24,3651.32,44696005.809169024,4720.479092952032,4070.5650000000005,2442.27,4258.63,4216.625,ETH,0
2022-01-25,3651.32,44722253.69596706,4731.395773642254,4070.5650000000005,2459.65,4258.63,4216.625,ETH,0
2022-01-26,3651.32,44546146.22898752,4740.9784844533215,4070.5650000000005,2464.13,4258.63,4155.47,ETH,0
2022-01-27,3651.32,44373630.65637037,4747.578359549234,4070.5650000000005,2425.83,4258.63,4155.47,ETH,0
2022-01-28,3604.6,44190949.26913632,4750.502134486455,3916.9449999999997,2547.03,4235.2699999999995,4047.205,ETH,0
2022-01-29,3588.54,44280246.05650124,4756.428269304397,3884.045,2603.1,4227.24,4039.175,ETH,0
2022-01-30,3588.54,44158906.26195075,4765.112957327555,3884.045,2603.24,4227.24,4039.175,ETH,0
2022-01-31,3588.54,44395488.257044494,4768.90029318658,3871.855,2689.14,4198.12,4039.175,ETH,0
2022-02-01,3588.54,44592801.71256975,4766.817044939163,3871.855,2790.15,4198.12,4039.175,ETH,0
2022-02-02,3588.54,44587391.05865193,4761.539042227458,3871.855,2681.11,4185.235000000001,4039.175,ETH,0
2022-02-03,3588.54,44526715.8738994,4754.8819264001695,3871.855,2697.1800000000003,4185.235000000001,3908.915,ETH,0
2022-02-04,3424.77,44380445.44215279,4746.372507367664,3789.9700000000003,2997.18,4103.35,3802.16,ETH,0
2022-02-05,3300.16,44339014.92244308,4739.838509586729,3727.665,3015.2600000000007,4041.045,3739.855,ETH,0
2022-02-06,3081.33,44253143.34052502,4736.678361293096,3618.25,3057.68,3931.63,3618.25,ETH,0
2022-02-07,3000.44,44151972.2860464,4730.008115822779,3577.8050000000003,3141.38,3891.185,3577.805,ETH,0
2022-02-08,3000.44,44208269.52925225,4718.9823781693185,3577.8050000000003,3118.7600000000007,3891.185,3577.805,ETH,0
2022-02-09,2929.63,44274462.804188296,4703.587267303317,3542.4,3246.7200000000003,3855.7799999999997,3542.4,ETH,0
2022-02-10,2929.63,44499856.83569955,4683.077916172421,3542.4,3074.84,3855.7799999999997,3542.4,ETH,0
2022-02-11,2929.63,44689901.12371621,4665.079333495945,3535.625,2928.93,3855.7799999999997,3542.4,ETH,0
2022-02-12,2929.63,44368603.32232593,4647.28793334946,3535.625,2918.3400000000006,3855.7799999999997,3542.4,ETH,0
2022-02-13,2929.63,44579359.56538143,4624.178096008154,3528.87,2872.4400000000005,3855.7799999999997,3542.4,ETH,0
2022-02-14,2929.63,44663177.58081176,4600.431263405789,3528.87,2931.1200000000003,3855.7799999999997,3542.4,ETH,0
2022-02-15,2929.63,44776983.992744036,4577.405794851975,3483.9700000000003,3185.8100000000004,3855.7799999999997,3542.4,ETH,0
2022-02-16,2929.63,44613832.84863347,4551.661415317934,3410.62,3124.33,3855.7799999999997,3542.4,ETH,0
2022-02-17,2929.63,44595395.824183576,4526.684213147701,3410.62,2894.42,3855.7799999999997,3535.625,ETH,0
2022-02-18,2929.63,44405437.2286583,4508.330463082307,3410.62,2780.7200000000003,3855.7799999999997,3535.625,ETH,0
2022-02-19,2929.63,44000292.664884575,4495.20886361244,3410.62,2764.5,3855.7799999999997,3528.8699999999994,ETH,0
2022-02-20,2473.06,43691280.48033611,4478.712857382495,3182.335,2622.7,3627.495,3300.585,ETH,0
2022-02-21,2306.11,43521195.84338942,4464.64742965684,3098.86,2570.15,3482.865,3172.21,ETH,0
2022-02-22,2306.11,43986111.8071494,4450.552748870708,3098.86,2638.81,3482.865,3098.86,ETH,0
2022-02-23,2160.66,44229593.10872413,4439.466639709331,3004.1549999999997,2580.97,3325.235,3026.135,ETH,0
2022-02-24,2160.66,44427170.109411016,4427.242822701451,2854.96,2597.94,3325.235,3026.135,ETH,0
2022-02-25,2160.66,44108117.71333448,4418.4992190768335,2788.12,2769.0000000000005,3325.235,3026.135,ETH,0
2022-02-26,2160.66,44143202.7938598,4418.635551888461,2788.12,2780.32,3325.235,3026.135,ETH,0
2022-02-27,2160.66,44589670.71917142,4426.868199266564,2788.12,2617.32,3325.235,3026.135,ETH,0
2022-02-28,2160.66,44790855.71880792,4432.194631194928,2788.12,2919.85,3325.235,3026.135,ETH,0
2022-03-01,2160.66,44900621.988396645,4438.559400939801,2788.12,2976.5900000000006,3194.975,3004.155,ETH,0
2022-03-02,2160.66,45271670.203522585,4445.746947479106,2788.12,2949.03,3170.105,2854.96,ETH,0
2022-03-03,2160.66,45541113.51268474,4453.849411664549,2786.635,2833.71,3170.105,2788.12,ETH,0
2022-03-04,2160.66,45420095.3122589,4464.610540553358,2776.855,2622.51,3157.915,2788.12,ETH,0
2022-03-05,2160.66,45622428.56943351,4478.655970764017,2776.855,2666.18,3157.915,2788.12,ETH,0
2022-03-06,2160.66,45924221.761156544,4493.654454040382,2776.855,2552.58,3157.915,2788.12,ETH,0
2022-03-07,2160.66,45940279.95915937,4504.030624716478,2759.6000000000004,2496.67,3157.915,2788.12,ETH,0
2022-03-08,2160.66,46149667.357100055,4506.363883100094,2716.6749999999997,2579.18,3157.915,2788.12,ETH,0
2022-03-09,2160.66,46281142.842912614,4505.534641919674,2716.6749999999997,2733.0500000000006,3157.915,2786.635,ETH,0
2022-03-10,2160.66,46245622.52607132,4501.898704528667,2716.6749999999997,2608.64,3157.915,2776.855,ETH,0
2022-03-11,2160.66,46447601.33260064,4502.775473785258,2716.85,2557.57,3157.915,2776.855,ETH,0
2022-03-12,2160.66,46196704.71339734,4494.442814963061,2721.9700000000003,2569.87,3157.915,2776.855,ETH,0
2022-03-13,2160.66,46000116.13534521,4479.6695215496275,2721.9700000000003,2516.83,3157.915,2759.6,ETH,0
2022-03-14,2160.66,45975957.15776519,4460.331775120186,2721.9700000000003,2591.45,3157.915,2721.9700000000003,ETH,0
2022-03-15,2316.47,45838205.141568035,4443.915794808383,2799.875,2619.61,3151.14,2721.9700000000003,ETH,0
2022-03-16,2316.47,45994834.15097828,4426.096650150703,2799.875,2775.15,3151.14,2721.9700000000003,ETH,0
2022-03-17,2316.47,46303819.85570126,4409.191533333774,2799.875,2814.64,3144.3849999999998,2721.9700000000003,ETH,0
2022-03-18,2359.78,46337635.096572205,4392.781498500138,2821.53,2941.32,3144.3849999999998,2721.9700000000003,ETH,0
2022-03-19,2479.42,46069272.64456005,4383.192077091621,2881.3500000000004,2952.64,3099.4849999999997,2721.9700000000003,ETH,0
2022-03-20,2479.42,45795193.612222545,4374.022221810337,2881.3500000000004,2861.2600000000007,3026.135,2721.9700000000003,ETH,0
2022-03-21,2479.42,45788490.97594033,4362.820230538365,2881.3500000000004,2895.01,3026.135,2799.875,ETH,0
2022-03-22,2575.55,45580174.232048966,4353.332874079974,2929.415,2970.47,3026.135,2799.875,ETH,0
2022-03-23,2561.64,45214054.95339984,4350.037015097342,2922.46,3037.3,3026.135,2799.875,ETH,0
2022-03-24,2502.79,45483112.89507935,4345.080868639126,2893.035,3112.8500000000004,3026.135,2821.53,ETH,0
2022-03-25,2502.79,45091750.40812079,4337.225748225482,2893.035,3104.04,3026.135,2881.3500000000004,ETH,0
2022-03-26,2302.3,45276371.238480546,4332.3565127780075,2792.79,3146.3600000000006,3026.135,2792.79,ETH,0
2022-03-27,2302.3,45477916.00590329,4333.139748709404,2792.79,3007.22258910656,3004.1549999999997,2792.79,ETH,1
2022-03-28,2302.3,45351669.191523634,4332.412712750977,2792.79,3004.7756473851205,2854.96,2792.79,ETH,1
2022-03-29,2302.3,45108693.05620046,4326.976451655658,2792.79,2557.0272491395476,2788.12,2792.79,ETH,1
2022-03-30,2302.3,45450025.41175039,4321.604151153427,2792.79,2646.240502637625,2788.12,2792.79,ETH,1
2022-03-31,2302.3,45572248.17400674,4311.534615870747,2792.79,2623.6674337732793,2788.12,2792.79,ETH,1
2022-04-01,2302.3,45407528.41354505,4301.338491385186,2749.94,2646.240502637625,2788.12,2792.79,ETH,1
2022-04-02,2302.3,45230835.038740255,4292.698124258723,2749.94,2557.0272491395476,2788.12,2792.79,ETH,1
2022-04-03,2302.3,45013216.17252894,4285.913380431993,2749.94,2557.0272491395476,2788.12,2792.79,ETH,1
2022-04-04,2302.3,45223672.81590041,4279.995896802495,2749.94,2557.0272491395476,2786.635,2792.79,ETH,1
2022-04-05,2302.3,44928847.888787456,4274.82056001922,2749.94,2515.831480320692,2776.855,2792.79,ETH,1
2022-04-06,2302.3,44781199.60039617,4272.146556963103,2745.7250000000004,2515.831480320692,2776.855,2792.79,ETH,1
2022-04-07,2302.3,44875363.61982962,4271.204033224786,2731.98,2557.0272491395476,2776.855,2749.94,ETH,1
2022-04-08,2302.3,45038579.53976213,4274.203681400708,2668.94,2557.0272491395476,2759.6,2749.94,ETH,1
2022-04-09,2302.3,44923445.320125796,4276.9366692677895,2668.94,2593.009130454064,2721.9700000000003,2749.94,ETH,1
2022-04-10,2302.3,44769121.42476064,4271.89530160073,2668.94,2551.8133616352084,2721.9700000000003,2749.94,ETH,1
2022-04-11,2302.3,44637008.435265616,4275.261076572829,2668.94,2523.1791060435776,2721.9700000000003,2749.94,ETH,1
2022-04-12,2302.3,44472895.46589867,4284.034386225972,2668.94,2514.8953960275653,2721.9700000000003,2745.7250000000004,ETH,1
2022-04-13,2302.3,44642876.00893708,4293.047049604008,2668.94,2556.0911648464207,2721.9700000000003,2731.98,ETH,1
2022-04-14,2302.3,44739643.7840235,4304.761234719276,2668.94,2578.143361299038,2721.9700000000003,2668.94,ETH,1
2022-04-15,2450.51,44967898.36595176,4321.72401439108,2743.045,2593.009130454064,2721.9700000000003,2668.94,ETH,1
2022-04-16,2450.51,45105714.3763974,4341.894955553189,2743.045,2936.083205299378,2792.79,2668.94,ETH,1
2022-04-17,2450.51,45281332.38646765,4367.601750291958,2743.045,2936.083205299378,2792.79,2668.94,ETH,1
2022-04-18,2450.51,45337781.08378202,4392.321297672676,2743.045,2936.083205299378,2792.79,2668.94,ETH,1
2022-04-19,2450.51,45217540.05124084,4417.430498504499,2743.045,2936.083205299378,2792.79,2668.94,ETH,1
2022-04-20,2450.51,45206551.11953271,4442.287463923721,2743.045,2830.909796462059,2792.79,2668.94,ETH,1
2022-04-21,2450.51,45211266.88691976,4471.3632841926255,2749.875,2711.5715797472003,2792.79,2749.875,ETH,1
2022-04-22,2450.51,45475844.04422436,4493.354207937915,2749.875,2709.4933794236185,2792.79,2749.875,ETH,1
2022-04-23,2450.51,45680237.14211168,4512.43422775254,2789.9750000000004,2805.8746735239033,2792.79,2789.9750000000004,ETH,1
2022-04-24,2450.51,45507418.61401187,4531.652377210199,2822.2399999999993,2882.2202627229694,2792.79,2822.24,ETH,1
2022-04-25,2450.51,45743231.85961266,4549.2630820136665,2822.2399999999993,2857.5473324966433,2792.79,2822.24,ETH,1
