date,volatility_dcl,volume_adi,gspc_open,btc_open,close,trend_ichimoku_b,nya_open,symbol,is_predicted
2020-08-08,0.0,-509739.8856698444,3176.6704782757424,9191.667600446135,12.73,6.1080000000000005,12141.484828839597,LINK,0
2020-08-09,0.0,5578430.954022826,3186.8923986161435,9199.993022321136,13.83,6.1080000000000005,12171.371068027654,LINK,0
2020-08-10,0.0,5264830.689226873,3197.5404621668213,9204.670029017567,13.49,6.1080000000000005,12205.508050536722,LINK,0
2020-08-11,0.0,13185889.34961143,3204.1107455116344,9201.91555133899,12.98,6.5535,12231.559120613798,LINK,0
2020-08-12,0.0,7722823.039205716,3208.073730141675,9152.792906249708,16.48,7.115500000000001,12251.945439583526,LINK,0
2020-08-13,0.0,12917641.72152645,3210.3364610398494,9137.574372767565,17.21,7.115500000000001,12267.046715218286,LINK,0
2020-08-14,0.0,17346126.799027164,3211.9218342371328,9139.382714285422,16.98,7.297499999999999,12281.88732256169,LINK,0
2020-08-15,0.0,16068465.571255079,3213.212479019063,9160.741584821137,19.22,7.297499999999999,12300.212948608005,LINK,0
2020-08-16,0.0,9853315.178803913,3215.425446973426,9197.624571428278,18.83,7.297499999999999,12325.682631138001,LINK,0
2020-08-17,0.0,10347598.133767717,3218.5440682546396,9229.436640624705,16.86,7.297499999999999,12355.876952034692,LINK,0
2020-08-18,0.0,13500358.734592427,3221.928448322738,9316.43802232113,16.2,7.297499999999999,12386.519330923502,LINK,0
2020-08-19,0.0,8279733.988291065,3225.3601556504445,9410.617794642556,16.18,7.297499999999999,12415.732395498699,LINK,0
2020-08-20,0.0,7995790.85170282,3227.6286948066772,9514.66580580327,16.05,7.297499999999999,12442.546177018996,LINK,0
2020-08-21,0.0,10444861.950914368,3230.5831421987323,9618.514723213979,13.83,7.297499999999999,12459.000814818937,LINK,0
2020-08-22,0.0,13071893.425455892,3232.4199657984113,9735.050950892542,15.84,7.297499999999999,12475.068507384853,LINK,0
2020-08-23,0.0,8946031.301438587,3235.175909532716,9884.169058035399,15.16,7.297499999999999,12486.516337585048,LINK,0
2020-08-24,0.0,10640474.90840216,3237.2213634489926,10027.068872767539,15.14,7.297499999999999,12489.084160722605,LINK,0
2020-08-25,0.0,8971757.212699981,3242.429208973373,10185.69680133896,14.130000000000003,7.297499999999999,12501.530278232718,LINK,0
2020-08-26,0.0,9695615.301981455,3247.8081917897957,10338.372276785387,15.2,7.297499999999999,12505.293087986138,LINK,0
2020-08-27,5.71,11058705.82869598,3254.644306727714,10521.943361606804,14.519999999999998,7.297499999999999,12511.63131408651,LINK,0
2020-08-28,5.713,8572580.336177602,3257.385336521589,10690.068372767517,15.12,7.297499999999999,12511.868311854376,LINK,0
2020-08-29,5.942,10584053.354996454,3264.6841710225835,10845.250718749656,16.38,7.297499999999999,12533.006934683264,LINK,0
2020-08-30,6.097,14221568.161496015,3270.995305905919,10993.865874999648,16.47,7.297499999999999,12547.932192992761,LINK,0
2020-08-31,6.535,17890616.83719161,3278.5225065502755,11127.552421874643,15.599999999999998,7.297499999999999,12568.399166869718,LINK,0
2020-09-01,6.535,20546453.720904145,3286.4269933971996,11249.868879463926,16.08,7.297499999999999,12591.21226283442,LINK,0
2020-09-02,6.535,26630655.58359684,3294.269928904838,11345.138917410355,14.78,7.4985,12613.96593257319,LINK,0
2020-09-03,6.535,31829935.853700012,3302.00308260226,11448.416700892492,12.050000000000002,7.842499999999999,12639.106426783568,LINK,0
2020-09-04,6.535,29968361.80578644,3313.7187229700407,11539.947214285345,12.39,7.842499999999999,12676.119677080022,LINK,0
2020-09-05,6.535,36265755.11437668,3323.6787727354895,11616.55324107106,10.61,8.005,12710.471871947837,LINK,0
2020-09-06,6.535,41826713.3339998,3333.453015409091,11694.602796874628,12.79,8.005,12741.23310612229,LINK,0
2020-09-07,6.535,45890598.92506258,3340.9337990351023,11744.53666071391,12.47,9.69,12768.175287518774,LINK,0
2020-09-08,6.535,49924140.65808713,3348.211167689625,11766.17078794605,11.74,10.095,12793.693157740592,LINK,0
2020-09-09,6.535,51115021.91825965,3354.2572405677815,11763.684279017483,12.349999999999998,10.095,12812.36580745111,LINK,0
2020-09-10,6.535,52784469.279997915,3359.291810280828,11766.02947991034,12.52,10.095,12831.944489178932,LINK,0
2020-09-11,6.535,60437312.47601772,3363.2508193423696,11795.832337053194,12.449999999999998,11.285,12849.967721339226,LINK,0
2020-09-12,6.535,60718946.640542865,3366.4996875761863,11813.476669642481,12.72,12.024999999999999,12866.847783115523,LINK,0
2020-09-13,6.535,60646486.57861453,3369.2331304276613,11817.060033481766,12.070000000000002,12.024999999999999,12880.814934212409,LINK,0
2020-09-14,6.535,66521515.31798696,3374.1156116484503,11813.004870535338,12.129999999999999,12.75,12895.097348458019,LINK,0
2020-09-15,6.9239999999999995,61406194.5526239,3380.2973670413435,11801.736962053199,10.95,12.855,12908.472155107358,LINK,0
2020-09-16,7.0,57204344.35650928,3386.8764694757747,11816.242729910338,10.74,12.855,12924.40026484857,LINK,0
2020-09-17,7.038000000000001,57148558.36471986,3391.9410968779434,11778.364100446053,11.02,12.855,12932.024297659322,LINK,0
2020-09-18,7.06,57924027.30649895,3396.5591060637357,11766.97613616034,10.09,12.855,12933.581616646494,LINK,0
2020-09-19,7.06,54727050.374360256,3407.8963859557016,11792.729694196054,10.12,12.855,12947.395437403675,LINK,0
2020-09-20,7.06,51976690.876834944,3421.88286972035,11806.913015624623,9.736,12.855,12972.393913050648,LINK,0
2020-09-21,8.134,55709235.37463892,3434.3985805510383,11818.43563839248,8.708,12.855,12987.450489152767,LINK,0
2020-09-22,9.091,54230363.78988247,3445.638131005314,11796.869544642483,8.748,12.855,13002.792141941201,LINK,0
2020-09-23,9.236,52657295.392434254,3454.9092649731224,11761.053464285342,7.64,12.855,13012.44744676821,LINK,0
2020-09-24,9.236,50835134.64319547,3462.2812024796617,11718.087147321054,9.872,12.855,13015.228604779511,LINK,0
2020-09-25,9.236,52881835.61097587,3466.6567702156062,11666.713361606775,10.73,12.855,13019.53390241309,LINK,0
2020-09-26,9.941,51258878.451933816,3471.5526545932207,11570.912897321057,10.33,12.855,13029.449487958225,LINK,0
2020-09-27,12.01,53371371.31042295,3474.644720077404,11468.63127008892,10.79,12.855,13029.310948180737,LINK,0
2020-09-28,12.17,55211946.34364785,3475.5927522385723,11367.550124999636,10.27,12.855,13024.392667715476,LINK,0
2020-09-29,12.17,51171627.15964088,3475.3023689813876,11266.709308035357,10.14,12.8565,13021.369398934085,LINK,0
2020-09-30,12.59,47068973.934422046,3471.414764077213,11152.081696428213,9.867,12.971,13011.032799420624,LINK,0
2020-10-01,12.86,48767331.57866984,3466.3551629746567,11040.518678571074,9.653,13.0485,13001.607941981309,LINK,0
2020-10-02,12.86,46999559.58860146,3463.3756992883946,10952.656738838938,9.218,13.2675,13000.88635210268,LINK,0
2020-10-03,11.07,44815646.20099638,3458.3458106993517,10864.073982142507,9.271,13.2675,12994.03515167195,LINK,0
2020-10-04,11.05,46502632.20487214,3452.835848562948,10778.465180803227,9.396,13.2675,12989.722893196784,LINK,0
2020-10-05,9.275999999999998,45451392.96208995,3445.5534829274848,10704.528915178229,9.607,13.2675,12978.631100681441,LINK,0
2020-10-06,9.275999999999998,48586278.70696297,3437.4241970061166,10634.394283481804,8.772,13.2675,12966.887169319829,LINK,0
2020-10-07,9.275999999999998,49955787.517254524,3426.813048444367,10603.06433258895,8.976,13.2675,12951.410355267793,LINK,0
2020-10-08,9.275999999999998,49026472.696587175,3413.428774315861,10570.185629463951,9.559,13.2675,12927.743736702645,LINK,0
2020-10-09,9.275999999999998,51063339.99183849,3403.8330582753856,10563.367345981807,10.41,13.2675,12920.146969168114,LINK,0
2020-10-10,9.275999999999998,49541870.99468219,3392.3514362334126,10516.004638392522,10.52,13.2675,12905.003621564181,LINK,0
2020-10-11,9.275999999999998,50695892.76696097,3377.2206387655,10486.565872767524,10.86,13.2675,12871.39860142258,LINK,0
2020-10-12,9.275999999999998,54727408.79323736,3363.4187138692605,10457.584078124666,11.43,13.2675,12841.154750060627,LINK,0
2020-10-13,9.275999999999998,52076502.12724842,3351.6085100445353,10447.860642856811,11.01,13.2675,12813.83573477568,LINK,0
2020-10-14,9.275999999999998,53551416.23084755,3340.6337324958827,10452.66035714252,10.9,13.2675,12788.72073189831,LINK,0
2020-10-15,9.275999999999998,50243244.23651337,3332.0842290059795,10478.212310267523,10.75,13.2675,12767.716708591597,LINK,0
2020-10-16,9.275999999999998,48577097.13320414,3323.5568367548294,10523.068774553232,10.59,13.2675,12739.407622854644,LINK,0
2020-10-17,9.275999999999998,47976633.217672974,3322.0357631137326,10609.494399553232,10.63,13.462,12729.866986301558,LINK,0
2020-10-18,9.275999999999998,45530514.75424867,3323.492965916118,10689.157187499659,10.95,13.5,12718.351390511241,LINK,0
2020-10-19,9.275999999999998,44820005.745941974,3322.383878762276,10711.514167410372,10.92,13.519,12703.572696576395,LINK,0
2020-10-20,9.275999999999998,42031581.75192314,3318.677910886386,10738.341263392515,9.87,13.53,12681.058231026384,LINK,0
2020-10-21,8.546,38306339.48904104,3314.078264399832,10741.647857142516,10.82,13.53,12654.59398280512,LINK,0
2020-10-22,8.546,36969268.62541438,3312.007657786672,10753.9222053568,11.98,13.53,12634.894294738368,LINK,0
2020-10-23,7.317,34160020.69237726,3308.929488972149,10763.709223213942,12.170000000000002,13.6585,12612.106273323747,LINK,0
2020-10-24,7.317,37155504.720068924,3306.5115237643686,10744.130921874657,12.72,13.6585,12591.364169529103,LINK,0
2020-10-25,7.317,39444391.78224246,3307.0529086520646,10720.444779017515,12.160000000000002,13.6585,12584.833515929771,LINK,0
2020-10-26,7.317,37694579.669500045,3307.50324172963,10691.758805803229,11.74,13.6585,12580.530179704536,LINK,0
2020-10-27,7.317,40511901.762370504,3310.863422175711,10666.377926338948,11.94,13.6585,12589.187470571931,LINK,0
2020-10-28,7.317,37304228.05615804,3315.089037431884,10641.328229910378,11.46,13.6585,12607.3808933799,LINK,0
2020-10-29,7.317,39365722.58116498,3322.774992642978,10620.912299106805,11.29,13.6585,12635.644888523246,LINK,0
2020-10-30,7.317,38939224.40123046,3337.8671560013922,10622.460522321091,11.09,13.6585,12689.582295008666,LINK,0
2020-10-31,7.317,37412287.953253746,3353.3399715422515,10633.712455356803,11.25,13.6585,12739.897175161776,LINK,0
2020-11-01,7.317,36641695.701923534,3367.498173141372,10671.668058035375,11.57,13.6585,12790.562226431306,LINK,0
2020-11-02,7.317,35596720.72148188,3383.5228644778676,10715.546698660373,10.79,13.6585,12850.820067705019,LINK,0
2020-11-03,7.317,37683097.63851561,3396.586494500187,10761.2479241068,10.39,13.6585,12898.532694570946,LINK,0
2020-11-04,7.317,39107730.158203766,3411.776235362352,10815.332381696086,10.47,13.6585,12952.95280391107,LINK,0
2020-11-05,7.317,37364807.230463795,3425.6994191304884,10868.764140624653,11.01,13.6585,13001.638608659601,LINK,0
2020-11-06,7.317,39348576.653451495,3438.8743948799124,10869.682883928224,12.180000000000001,13.5135,13048.10513044043,LINK,0
2020-11-07,7.317,41201753.58863069,3450.951053891753,10888.588111606798,11.76,12.5285,13089.348308453827,LINK,0
2020-11-08,7.317,43264493.1667232,3457.7488480703078,10913.016729910365,12.72,12.5285,13113.538286045201,LINK,0
2020-11-09,7.317,42121536.803093925,3462.228165980638,10971.126640624652,12.52,12.5285,13127.10955069364,LINK,0
2020-11-10,7.317,43771175.06806195,3469.4468812123964,11050.794718749648,13.02,12.5285,13151.06371438121,LINK,0
2020-11-11,7.317,44648373.60921582,3476.797198104747,11147.631604910357,12.78,12.5285,13175.927315847792,LINK,0
2020-11-12,7.482,44216674.00502614,3484.5061434608447,11237.460767856785,12.419999999999998,12.5285,13207.59260580838,LINK,0
2020-11-13,8.387,43467807.46802449,3492.747183009445,11359.399622767494,12.89,12.5285,13233.41090305831,LINK,0
2020-11-14,8.387,44137115.61744563,3495.771046611129,11493.773984374635,12.56,12.5285,13240.704672022808,LINK,0
2020-11-15,8.387,44087694.97117295,3497.5297929490207,11634.015988838915,12.129999999999999,12.5285,13234.354675292547,LINK,0
2020-11-16,8.387,45282360.606526986,3493.627667290713,11766.49300223177,12.63,12.5285,13204.899482944613,LINK,0
2020-11-17,8.387,47694286.71446686,3487.7616883413025,11907.295475446048,13.399999999999999,12.5285,13177.98210383782,LINK,0
2020-11-18,8.387,47434389.98626707,3477.1263887676755,12058.945084821045,13.58,12.5285,13132.969483293386,LINK,0
2020-11-19,8.387,44964718.25817067,3461.154498563383,12196.070254463897,13.63,12.5285,13076.479321942594,LINK,0
2020-11-20,8.387,46301836.353982024,3443.038791547393,12337.788562499605,14.11,12.1385,13016.592316545344,LINK,0
2020-11-21,8.387,47565577.25664107,3423.2373442512508,12411.085241071032,15.459999999999999,11.9135,12951.817789131845,LINK,0
2020-11-22,8.387,49386414.63994721,3403.7424143108915,12507.882104910315,14.519999999999998,11.8335,12879.070068576943,LINK,0
2020-11-23,8.387,50665893.58068348,3388.18856517236,12666.114238838882,15.28,11.1585,12828.011579458645,LINK,0
2020-11-24,8.387,49435101.25818013,3377.7447444914696,12806.445504463878,15.66,10.3385,12794.111774117195,LINK,0
2020-11-25,8.387,48884280.19958102,3372.294246237511,12977.554189731733,14.230000000000002,10.3385,12778.161622837202,LINK,0
2020-11-26,8.44,48599264.669943355,3368.6025703429095,13160.922698660293,12.57,10.3385,12771.10445338617,LINK,0
2020-11-27,9.377,47544059.735088065,3369.8015798840133,13340.865738838862,12.5,10.2985,12783.867849731034,LINK,0
2020-11-28,9.789,46316970.92246562,3373.726471601107,13497.065546874572,13.1,10.2985,12806.021612984381,LINK,0
2020-11-29,9.789,46058393.435317084,3374.8762912749185,13663.154174106707,13.389999999999999,10.2985,12811.790731157162,LINK,0
2020-11-30,9.789,47154515.144705065,3380.841261400388,13850.619026785274,14.240000000000002,10.2985,12840.658579580711,LINK,0
2020-12-01,9.789,49517839.74339424,3389.8335453032373,14029.85513169598,13.360000000000001,10.278500000000001,12882.094515554834,LINK,0
2020-12-02,9.789,47479670.13123027,3401.2993257793964,14167.324330356692,13.98,10.278500000000001,12938.592612565855,LINK,0
2020-12-03,9.789,47213134.00737877,3415.6314515793943,14267.980950892406,13.99,10.278500000000001,13001.050972420417,LINK,0
2020-12-04,9.765,48350142.17420877,3431.8264410835263,14385.304854910253,12.7,10.1385,13075.212329319129,LINK,0
2020-12-05,9.765,49501339.44630563,3448.127599879564,14516.562223213823,13.18,10.1385,13154.232980564242,LINK,0
2020-12-06,9.765,51366331.32574347,3465.973511396024,14667.21331026739,13.509999999999998,10.1385,13237.354564775316,LINK,0
2020-12-07,9.765,49549754.09188377,3486.100133187319,14852.213982142384,13.07,10.4485,13330.588740539126,LINK,0
2020-12-08,9.765,50880620.03949235,3505.8963274818384,15067.968265624519,12.140000000000002,10.4485,13423.87313537555,LINK,0
2020-12-09,9.765,50823382.37468605,3525.0441087449176,15307.493479910221,12.63,10.4485,13505.826391819117,LINK,0
2020-12-10,9.765,52091186.85554245,3543.276081957023,15516.75759821379,11.9,10.4485,13590.943501281306,LINK,0
2020-12-11,9.765,49436934.82730934,3560.406660079842,15757.83867633878,11.65,10.4485,13677.294505309623,LINK,0
2020-12-12,9.765,47413457.00766085,3574.392179380031,16097.175560267338,12.209999999999999,10.4485,13745.67538016139,LINK,0
2020-12-13,9.765,49544907.03835097,3583.7974527085385,16394.833212053054,12.94,10.4485,13801.216489736935,LINK,0
2020-12-14,9.765,48380711.17216175,3591.6893916537642,16646.162212053045,12.84,10.531,13848.351564679388,LINK,0
2020-12-15,9.765,47230924.85823359,3597.148943383237,16860.158814731603,12.69,10.9835,13890.864583260229,LINK,0
2020-12-16,9.765,49693559.224904165,3599.1956147873957,17005.575178570885,13.509999999999998,10.9835,13919.954364449193,LINK,0
2020-12-17,9.765,54310064.37646794,3597.79433550142,17188.78592857088,13.46,10.9835,13939.67766636395,LINK,0
2020-12-18,9.765,54986894.24303013,3594.7605138505064,17323.663194195884,13.519999999999998,11.3285,13951.402705164874,LINK,0
2020-12-19,9.765,56238581.08738886,3592.9135911122953,17454.807314731588,13.49,11.3285,13955.246626935244,LINK,0
2020-12-20,9.765,57694742.602753304,3592.8213674271665,17611.114183035155,13.07,11.4335,13958.34933275451,LINK,0
2020-12-21,9.765,63057448.37673726,3593.639673287413,17799.97204464229,12.309999999999999,11.938500000000001,13961.304401070285,LINK,0
2020-12-22,9.765,61314131.661928885,3598.6090040478243,17975.634281249422,12.81,12.053499999999998,13987.331194195982,LINK,0
2020-12-23,9.765,65558185.69160566,3604.9460486819617,18111.345140624424,10.98,12.053499999999998,14017.929315839045,LINK,0
2020-12-24,10.1,65242012.69036996,3610.8835506983023,18296.86260044585,11.57,12.3935,14041.414206804104,LINK,0
2020-12-25,10.95,62011981.234968,3617.2678366523687,18432.462107142266,11.55,12.3935,14069.35551365399,LINK,0
2020-12-26,11.33,60877075.077645555,3624.191873768282,18545.738879463694,10.97,12.3935,14100.444342258548,LINK,0
2020-12-27,11.33,61367288.15432729,3629.688252803141,18648.943339285117,12.140000000000002,12.3935,14117.801884677985,LINK,0
2020-12-28,11.33,63322080.88309366,3634.190175083589,18712.590895088684,12.6,12.419999999999998,14132.802292305634,LINK,0
2020-12-29,11.33,66881663.552223384,3640.7911877767206,18741.177669642257,11.76,12.8885,14162.325000653496,LINK,0
2020-12-30,11.33,69815311.23293346,3647.773551886306,18731.697287945826,11.25,13.082500000000001,14199.108878216975,LINK,0
2020-12-31,11.33,66940737.603154756,3653.2823354992383,18684.030404017256,11.26,13.082500000000001,14229.177194431399,LINK,0
2021-01-01,11.33,69409538.35947515,3658.832804216541,18572.85597767798,11.88,13.082500000000001,14252.751332527798,LINK,0
2021-01-02,11.33,69907930.53106219,3664.6429417200284,18468.202457588694,12.229999999999999,13.082500000000001,14280.26050066221,LINK,0
2021-01-03,11.33,67467629.30262652,3669.532978057745,18403.40654241012,13.72,13.082500000000001,14307.120928300676,LINK,0
2021-01-04,11.33,69150187.34562647,3674.5129215784273,18358.891772320843,13.619999999999997,13.082500000000001,14331.470840889613,LINK,0
2021-01-05,11.33,71668264.44121845,3677.890063585437,18434.021979910125,14.56,13.082500000000001,14347.623793465296,LINK,0
2021-01-06,11.33,70583030.43781644,3679.478042275448,18598.469618302974,17.27,13.082500000000001,14351.525399779817,LINK,0
2021-01-07,11.33,69058544.85480645,3680.14017960673,18740.461299106544,16.01,13.082500000000001,14347.901998682923,LINK,0
2021-01-08,11.33,70374786.0239016,3681.0671443938036,18952.099236606537,15.27,13.082500000000001,14357.273205347965,LINK,0
2021-01-09,11.33,68806872.75938343,3682.206691632835,19220.465116070813,17.63,13.082500000000001,14367.543058994377,LINK,0
2021-01-10,11.33,68424520.86807264,3683.6209522246145,19469.555187499376,16.22,13.082500000000001,14375.795524160741,LINK,0
2021-01-11,11.33,69751431.68521547,3685.086966541717,19604.22184821366,14.66,13.082500000000001,14384.156274413604,LINK,0
2021-01-12,11.33,70858057.66685858,3686.252924128823,19788.964698660086,13.97,13.082500000000001,14389.323939949665,LINK,0
2021-01-13,11.33,72315788.81577829,3686.0658083233343,20004.070178570797,15.95,13.082500000000001,14392.061111231755,LINK,0
2021-01-14,11.33,71833246.71776648,3686.569270324589,20274.55958705293,17.97,13.082500000000001,14395.559213256376,LINK,0
2021-01-15,11.42,75237866.38857217,3687.647132927913,20612.932497767197,20.79,13.082500000000001,14398.02400970413,LINK,0
2021-01-16,11.42,73435249.24475443,3687.680564934749,20980.02560491005,20.13,13.082500000000001,14388.317578560509,LINK,0
2021-01-17,11.42,72673508.50176622,3688.9134635379155,21415.118294642176,23.33,13.082500000000001,14383.313931055973,LINK,0
2021-01-18,11.42,70694921.1449302,3690.783343560237,21807.44991294573,22.05,13.082500000000001,14383.327497645329,LINK,0
2021-01-19,11.42,69381568.36392355,3694.475360379782,22216.833323660005,20.56,13.082500000000001,14388.74881177584,LINK,0
2021-01-20,11.42,66722934.7591671,3701.7171498433713,22783.4794754457,21.84,13.082500000000001,14405.515078952872,LINK,0
2021-01-21,11.42,70672100.00738546,3707.9827654156184,23339.788303570684,18.41,13.082500000000001,14411.393213544112,LINK,0
2021-01-22,8.61,71183880.64144783,3711.1847647529503,23848.089062499243,21.61,12.504999999999999,14403.152858624679,LINK,0
2021-01-23,8.61,75592690.07020317,3714.0466021945313,24301.18922767779,24.8,12.504999999999999,14403.560979134236,LINK,0
2021-01-24,8.61,76448975.13653634,3716.1873111178716,24831.162837052772,24.809999999999995,12.504999999999999,14410.16596025694,LINK,0
2021-01-25,8.61,73925993.09401292,3718.5410854338406,25471.190189731333,23.36,12.504999999999999,14420.712133788606,LINK,0
2021-01-26,8.61,75373024.7649318,3722.2032953533626,26258.947749999163,23.13,12.504999999999999,14440.317851910813,LINK,0
2021-01-27,8.61,77603662.87201804,3726.2857688357667,27221.261455356274,21.02,12.504999999999999,14457.792282539998,LINK,0
2021-01-28,8.61,76623843.61202051,3730.532203347224,28228.653944195536,23.07,12.504999999999999,14479.01035439581,LINK,0
2021-01-29,8.61,72086292.27186349,3733.7768367766143,29030.912183034794,22.76,12.504999999999999,14495.708152334568,LINK,0
2021-01-30,8.61,70436110.60087359,3739.844835008775,29734.144508927628,23.67,12.504999999999999,14527.853753443662,LINK,0
2021-01-31,8.61,71488927.43704084,3747.1415699548893,30626.22903794545,22.61,12.504999999999999,14563.369646562383,LINK,0
2021-02-01,8.61,76237735.95964485,3754.9682023728415,31588.857283481146,22.9,12.504999999999999,14605.752526855002,LINK,0
2021-02-02,8.61,82361453.42611888,3760.6438590457265,32526.505830356105,23.68,12.504999999999999,14637.086883544456,LINK,0
2021-02-03,8.61,80072261.72610915,3765.6673714227845,33409.562654016794,25.11,12.504999999999999,14667.82122105143,LINK,0
2021-02-04,8.61,85753766.19808844,3768.481088638186,34246.88623214176,24.529999999999998,12.504999999999999,14695.358383396224,LINK,0
2021-02-05,8.61,95070382.30320151,3770.0347736902395,34974.41809598102,26.34,12.98,14726.291648210332,LINK,0
2021-02-06,8.61,92766473.3565837,3772.2816725593457,35844.93091517744,25.059999999999995,13.025,14767.570194134922,LINK,0
2021-02-07,8.61,93914329.67332141,3774.1931058609985,36403.8225714274,24.76,13.025,14802.978535024993,LINK,0
2021-02-08,8.61,102273033.24167049,3777.7147398266275,36859.12347321313,25.47,13.28,14839.71823468842,LINK,0
2021-02-09,8.61,97277526.12421937,3781.4795544759363,37178.48262053454,27.66,13.549999999999999,14873.979399108412,LINK,0
2021-02-10,8.61,98977257.13778985,3784.868091092671,37425.09033705238,26.85,13.549999999999999,14905.929542105065,LINK,0
2021-02-11,9.869,91432204.69513212,3789.491248321413,37496.88285937381,27.88,13.549999999999999,14936.946568733829,LINK,0
2021-02-12,10.43,100712362.55761683,3798.6926780154517,37544.25134151667,30.730000000000004,13.549999999999999,14980.003163582463,LINK,0
2021-02-13,10.43,111997077.57212317,3804.7946426390386,37298.213203123814,34.25,13.549999999999999,15001.004748752664,LINK,0
2021-02-14,10.43,119668336.04543594,3811.453256007482,36972.43118749883,33.19,14.994999999999997,15025.341665430953,LINK,0
2021-02-15,10.809999999999999,112312732.44123633,3817.8782938819763,36546.154830355976,32.58,15.78,15043.964132036,LINK,0
2021-02-16,10.809999999999999,120639693.48558894,3822.784917940291,36087.899066963146,32.01,16.17,15051.512363542348,LINK,0
2021-02-17,10.95,117995787.50050387,3823.6509271892974,35655.98194642743,32.26,16.17,15039.81987021262,LINK,0
2021-02-18,10.95,109998233.61716771,3821.977999496339,35120.09352008816,32.46,16.17,15013.344970048698,LINK,0
2021-02-19,11.09,118226010.24528113,3816.7638423373505,34406.69658705249,34.72,16.17,14965.960750034401,LINK,0
2021-02-20,11.47,111082724.88839613,3809.5291643958917,33827.5215714275,34.0,16.17,14917.666446576324,LINK,0
2021-02-21,11.84,116755994.6330354,3804.4356428417623,33363.39483705251,34.16,16.17,14879.051433235785,LINK,0
2021-02-22,12.36,122176374.99146678,3802.9338493345954,33086.85288392751,31.51,17.055,14851.228812952928,LINK,0
2021-02-23,12.51,128406885.36894782,3802.1116727010326,33028.54869419537,25.97,17.055,14819.320708356112,LINK,0
2021-02-24,12.51,124852496.56709142,3801.616587720477,32775.3397321418,28.12,17.22,14783.288635689401,LINK,0
2021-02-25,12.51,126568002.69728301,3801.949488666959,32660.229852677538,24.679999999999996,17.22,14751.1896525787,LINK,0
2021-02-26,12.51,123562748.6128205,3803.6806864601012,32674.374053570384,25.16,17.22,14730.774924141551,LINK,0
2021-02-27,12.51,125071921.3832921,3806.724408558315,32606.3242053561,26.22,17.22,14719.168782260973,LINK,0
2021-02-28,12.51,123256590.86669874,3810.2246633255972,32906.722194195376,24.729999999999997,17.22,14715.131822204123,LINK,0
2021-03-01,12.51,126500639.66821274,3813.6052439552177,33504.1309308025,27.73,17.22,14713.93701564197,LINK,0
2021-03-02,13.29,123513529.08031139,3817.401512854319,34102.36962499891,28.530000000000005,17.22,14724.488442338747,LINK,0
2021-03-03,13.29,126618117.99033403,3821.726420320662,34857.43604240961,29.86,17.22,14743.141556875576,LINK,0
2021-03-04,15.34,128186244.26966956,3827.2945108139998,35682.49090178458,27.68,17.22,14767.28540758358,LINK,0
2021-03-05,17.12,130962295.22222185,3832.8206885200375,36564.88996874883,27.87,17.22,14800.450900704045,LINK,0
2021-03-06,17.12,130931393.95566247,3839.799883651611,37612.36652455238,28.170000000000005,17.395,14848.166532679492,LINK,0
2021-03-07,17.12,133350019.60628645,3850.9110680170197,38594.77507142734,28.58,17.805,14900.851009041447,LINK,0
2021-03-08,17.12,131417895.43104473,3861.505606623936,39490.07744642731,31.84,17.805,14948.810767690999,LINK,0
2021-03-09,17.12,134341367.4069835,3872.5335371288697,40526.564584820146,31.51,17.805,15003.555460030213,LINK,0
2021-03-10,17.12,136644028.24054736,3884.844684709698,41766.14787276652,29.91,17.805,15063.196869113986,LINK,0
2021-03-11,17.12,140494706.53012756,3896.052753557353,43255.63515848076,30.12,18.314999999999998,15125.204596600728,LINK,0
2021-03-12,17.12,140095541.92024398,3906.002762113173,44625.38001339144,28.38,18.625,15181.64245169454,LINK,0
2021-03-13,20.27,142336966.56158826,3918.312534931603,46031.95230133782,29.75,18.625,15253.194078281456,LINK,0
2021-03-14,20.27,146321486.72120252,3924.6962669916256,47201.0727031235,28.56,20.049999999999997,15308.64325670466,LINK,0
2021-03-15,20.27,151328555.03462052,3929.959755924645,48342.25085490919,27.47,22.3145,15362.573392813056,LINK,0
2021-03-16,20.27,148152951.4098762,3930.3276975902945,49392.85101115915,27.93,23.08,15390.887346321702,LINK,0
2021-03-17,20.27,150461339.92391223,3925.0746669223076,50071.00940401625,31.040000000000003,23.08,15391.003051103375,LINK,0
2021-03-18,20.54,149990677.51326564,3919.2832020349624,50593.230629462676,29.43,23.08,15382.720965139715,LINK,0
2021-03-19,21.660000000000004,154313960.179892,3915.961602456105,50868.46228348052,29.79,23.27,15377.07751464795,LINK,0
2021-03-20,21.660000000000004,152565760.1815135,3913.748149871701,51175.546571426945,29.64,23.27,15380.693930489184,LINK,0
2021-03-21,21.660000000000004,156551352.57445946,3906.825273350182,51406.21187946265,29.239999999999995,23.339999999999996,15363.770972551129,LINK,0
2021-03-22,21.660000000000004,154633747.12692428,3900.784590639263,51435.65709821265,27.25,23.93,15348.142590331541,LINK,0
2021-03-23,22.76,153847588.66079882,3894.74934621526,51277.58650446266,26.799999999999997,24.0,15333.296485900391,LINK,0
2021-03-24,22.9,156789743.67142078,3887.8523785181173,50979.56129464124,24.87,24.189999999999998,15313.51453857373,LINK,0
2021-03-25,21.04,156336294.88603407,3878.8933571950492,50441.528901784106,25.56,24.375,15287.025542340474,LINK,0
2021-03-26,21.04,159416604.943317,3870.294932011073,50216.392562498404,27.41,24.634999999999998,15261.713649422294,LINK,0
2021-03-27,21.04,154052943.52878052,3862.911619731235,49954.558832587696,26.87,24.709999999999997,15234.967376054547,LINK,0
2021-03-28,21.04,153364433.91279817,3855.798263004725,49679.1183794627,26.659999999999997,24.709999999999997,15211.923169380796,LINK,0
2021-03-29,21.04,153744696.82638386,3849.9167342048504,49433.60795758771,28.03,24.709999999999997,15196.171073477126,LINK,0
2021-03-30,21.04,153437532.85737187,3847.080134636893,49359.972455355586,27.84,24.709999999999997,15190.57557089621,LINK,0
2021-03-31,21.04,158870200.0916775,3844.8129459924835,49468.94621428413,29.4,24.709999999999997,15189.122974940228,LINK,0
2021-04-01,21.04,157840581.45669052,3845.895578384277,49594.78504017699,30.09,24.709999999999997,15199.394090488497,LINK,0
2021-04-02,21.04,157965507.74363634,3848.7356563566887,49616.24165624842,32.46,24.709999999999997,15212.18757542153,LINK,0
2021-04-03,21.04,154679175.99719352,3854.0079666136467,49795.150917409126,29.3,25.099999999999998,15239.850792366631,LINK,0
2021-04-04,21.04,157759661.56893086,3859.934235545444,50152.279354909115,30.74,25.099999999999998,15271.525526645719,LINK,0
2021-04-05,21.04,160954863.79064113,3867.134278324549,50545.36464062338,32.36,26.125,15299.71848035491,LINK,0
2021-04-06,21.04,162300429.79890618,3873.2912942067687,51279.83358705192,34.72,27.015,15333.095254516113,LINK,0
2021-04-07,21.04,165535081.45948195,3878.9820493424404,52264.534919641184,31.12,27.015,15368.844022477886,LINK,0
2021-04-08,21.04,166703410.3995288,3886.1384906222597,53391.09157142687,32.8,27.015,15414.775169808032,LINK,0
2021-04-09,21.04,165130016.1280267,3893.715069470961,54501.35752008755,31.58,27.015,15460.465895080068,LINK,0
2021-04-10,21.04,167103136.4027672,3899.8832487377554,55350.73150223036,31.9,27.015,15498.256172833631,LINK,0
2021-04-11,21.04,165585571.39642715,3906.397452872016,55992.395477676786,33.87,27.015,15534.328920200398,LINK,0
2021-04-12,21.04,167234233.79092583,3910.0109345026126,56413.60206473034,33.09,27.015,15557.348521422846,LINK,0
2021-04-13,21.04,164442744.3665779,3913.959109006484,56723.00371874817,35.49,27.015,15569.259964860692,LINK,0
2021-04-14,22.91,163016971.86342958,3918.232078116155,56851.4817455339,41.34,28.589999999999996,15580.57134312171,LINK,0
2021-04-15,22.91,165014303.13911846,3922.1782355716005,56797.04837723033,42.64,28.589999999999996,15585.847189548542,LINK,0
2021-04-16,22.91,167411986.75045848,3928.4140167235073,56909.19045981962,42.04,28.589999999999996,15604.965124947186,LINK,0
2021-04-17,22.91,165683458.66566703,3931.6714263914764,56929.71906696247,39.97,28.589999999999996,15613.45735299197,LINK,0
2021-04-18,22.91,166177769.33525914,3933.2090290613296,56991.95324106961,39.18,28.589999999999996,15617.216901288213,LINK,0
2021-04-19,24.65,163654381.18322772,3933.233430971293,56982.79526785532,35.76,28.724999999999998,15604.780033002078,LINK,0
2021-04-20,25.68,163278040.89775765,3935.5225411550077,56841.36773660533,39.03,28.974999999999994,15602.609511674655,LINK,0
2021-04-21,25.68,160815240.31047875,3935.9855339049036,56576.15190178392,36.29,28.974999999999994,15592.828051103364,LINK,0
2021-04-22,25.68,158968934.5360745,3936.8421364919222,56392.68152678391,35.19,28.974999999999994,15581.383317783402,LINK,0
2021-04-23,23.75,157815957.9626381,3937.544004821652,56302.08620535534,35.24,28.974999999999994,15571.829344394735,LINK,0
2021-04-24,23.75,157921637.82324335,3940.5310231343783,56177.07789285533,31.289999999999996,28.974999999999994,15562.833859252436,LINK,0
2021-04-25,23.75,160482377.46392292,3944.429544285239,56089.2292968732,31.71,28.974999999999994,15558.628060476622,LINK,0
2021-04-26,23.75,160888889.25343436,3950.227142333859,56038.819395087485,35.15,28.974999999999994,15564.107022094233,LINK,0
2021-04-27,23.75,160139077.5586298,3958.4081874846156,56000.83455803392,36.84,28.974999999999994,15577.564786420053,LINK,0
2021-04-28,23.75,161374823.35365605,3967.7645023344694,56243.994037944634,36.27,28.974999999999994,15595.007053483734,LINK,0
2021-04-29,23.75,160568315.41524386,3977.9205465043024,56311.1763124982,36.46,28.974999999999994,15618.02180786083,LINK,0
2021-04-30,23.75,162931506.16897148,3991.2129286628538,56336.69200669463,38.17,28.974999999999994,15647.39990147132,LINK,0
2021-05-01,23.75,162567433.38579196,4003.1908273423146,56480.93842856962,41.25,28.974999999999994,15671.393769835928,LINK,0
2021-05-02,23.75,165044255.38784185,4016.635755048351,56893.10912276603,39.51,28.974999999999994,15701.576402936165,LINK,0
2021-05-03,23.75,162660557.58728093,4029.084503718657,57362.459870533916,42.08,28.974999999999994,15730.549960108661,LINK,0
2021-05-04,23.75,163920689.58552867,4042.1389804838805,58044.8003191946,45.58,28.974999999999994,15762.06199754937,LINK,0
2021-05-05,23.75,166185669.42793316,4056.234282248232,58726.424944194565,49.6,28.974999999999994,15799.868564496217,LINK,0
2021-05-06,23.75,168914593.51069143,4071.1821511948524,59297.677412944526,47.19,28.974999999999994,15845.596013531858,LINK,0
2021-05-07,23.75,166898907.3341418,4084.404403577402,59758.60734374809,49.209999999999994,28.974999999999994,15881.11872318762,LINK,0
2021-05-08,23.75,170029094.14290947,4097.522735432085,60192.529678569525,48.71000000000001,28.974999999999994,15908.43676387191,LINK,0
2021-05-09,23.75,167492263.67489648,4104.828413935939,60370.32886606951,52.3,28.974999999999994,15918.553144181971,LINK,0
2021-05-10,23.75,167130320.82365698,4112.644421168606,60335.87569642665,46.4,28.974999999999994,15931.60258156862,LINK,0
2021-05-11,23.75,169838441.8451101,4122.153384508275,60329.892546873074,48.879999999999995,28.974999999999994,15957.090548487568,LINK,0
2021-05-12,23.75,170275428.7459179,4130.776929364754,59982.62796205166,41.52,28.974999999999994,15981.46523742625,LINK,0
2021-05-13,24.4,174121158.177525,4138.591663142481,59505.64310044453,43.26,28.445,16004.823803274465,LINK,0
2021-05-14,25.359999999999996,178222628.3127905,4143.9357049123255,59079.78320981956,46.61,31.509999999999998,16022.17498016306,LINK,0
2021-05-15,26.01,179587110.513893,4148.597025298941,58741.531421873144,41.49,32.7,16037.149900599374,LINK,0
2021-05-16,26.1,182028445.46191964,4153.441882269591,58196.08450669458,40.71,33.635,16056.659191458051,LINK,0
2021-05-17,26.269999999999996,176873605.7307905,4159.265215682853,57682.884727676734,37.19,33.635,16080.678107996837,LINK,0
2021-05-18,26.269999999999996,180576578.35474303,4164.133672060153,57277.1973191946,42.62,33.635,16102.336125836542,LINK,0
2021-05-19,26.269999999999996,178775930.9457997,4168.417329243119,56762.11439508749,26.300000000000004,33.635,16116.643854631186,LINK,0
2021-05-20,28.73,182833685.04024354,4171.275801358771,56486.00485044463,30.72,33.635,16130.720433697867,LINK,0
2021-05-21,28.73,178914825.14062074,4175.191098076823,56046.51892856963,25.58,34.055,16146.311243983164,LINK,0
2021-05-22,28.73,176027582.47269437,4176.043358666423,55638.24656026608,23.31,34.055,16157.143707710846,LINK,0
2021-05-23,28.73,179863326.48816642,4176.3281253268415,55086.34560044467,19.88,34.055,16160.975324357743,LINK,0
2021-05-24,29.65,175296523.6899923,4176.6511222838035,54590.49074999826,26.419999999999998,34.055,16169.138354273686,LINK,0
2021-05-25,29.9,175406172.5668375,4178.290318625181,54180.903803569694,27.56,34.055,16182.948299952403,LINK,0
2021-05-26,29.9,179833421.79645813,4183.212068830085,54019.33828124828,34.03,34.055,16201.857356697657,LINK,0
2021-05-27,29.9,181971499.15930566,4187.629166739195,53871.03139955186,31.65,34.055,16227.703936549082,LINK,0
2021-05-28,29.9,181444573.0375764,4193.030458668166,54080.69330133757,27.88,34.055,16264.975308009038,LINK,0
2021-05-29,29.9,182202474.90588102,4194.349474062104,54449.19730133754,25.37,34.055,16287.543856593025,LINK,0
2021-05-30,29.9,184939370.99365234,4192.5231044223,54804.039854908966,26.830000000000002,34.055,16296.341422380201,LINK,0
2021-05-31,29.9,189704067.03050816,4191.99763881125,55343.07755803396,32.11,34.055,16309.959733363039,LINK,0
2021-06-01,29.9,187609017.2329581,4191.660881532808,55794.86981249823,30.72,34.055,16327.234408350834,LINK,0
2021-06-02,29.9,190470387.7065681,4191.452997425489,56279.75155803392,30.669999999999998,34.055,16344.659580557167,LINK,0
2021-06-03,29.9,192324477.74592137,4194.002144186704,56503.99424776606,32.18,36.155,16366.014717973467,LINK,0
2021-06-04,29.9,194717697.10760152,4193.214703369006,56828.504015623184,28.839999999999996,37.465,16385.87362191284,LINK,0
2021-06-05,29.9,193722864.2010604,4187.60782770416,56824.68698214106,27.149999999999995,37.465,16386.720853096573,LINK,0
2021-06-06,29.9,194288713.3134065,4183.594724873,56679.59710267678,27.52,37.86,16391.274844359832,LINK,0
2021-06-07,29.9,195057560.647129,4177.6266543795755,56205.00134151605,24.589999999999996,37.86,16387.870367649106,LINK,0
2021-06-08,29.9,200566126.8365528,4173.73054733263,55598.33969196252,24.100000000000005,38.085,16390.29660688076,LINK,0
2021-06-09,29.9,199938581.04905474,4168.462367738863,54500.804986605406,25.59,38.370000000000005,16387.1823333735,LINK,0
2021-06-10,29.9,206562505.83356103,4164.512624740469,53172.99541964115,23.12,38.370000000000005,16386.6670713147,LINK,0
2021-06-11,29.9,200301362.54838398,4160.7814840042965,51895.21693526619,21.48,38.370000000000005,16383.62396174788,LINK,0
2021-06-12,29.9,203231341.26533273,4157.171951511796,50620.471357141236,21.67,38.370000000000005,16378.489555140382,LINK,0
2021-06-13,29.9,207141877.02854854,4155.301885604725,49389.0344107127,23.34,38.370000000000005,16376.211190141434,LINK,0
2021-06-14,31.45,199573213.5905342,4154.138815361979,48030.88768080204,24.989999999999995,38.695,16379.040364074186,LINK,0
2021-06-15,34.54,198185461.78585315,4153.6407222201515,46760.64776339136,24.509999999999998,39.175,16375.271583120642,LINK,0
2021-06-16,35.0,195728094.43162596,4154.038410186635,45425.046495534276,23.03,39.5,16371.138991219132,LINK,0
2021-06-17,35.06,200348074.88470283,4155.713717814722,44093.126729909316,23.39,39.544999999999995,16362.569057137105,LINK,0
2021-06-18,22.24,193896865.99247837,4157.965182658472,42798.79636383792,21.24,37.615,16359.202748107386,LINK,0
2021-06-19,22.24,199558731.66337034,4159.684547206201,41289.93958705227,20.28,37.615,16357.624578202955,LINK,0
2021-06-20,22.1,196308373.86553878,4160.3352428979915,40197.378419641565,21.64,37.54500000000001,16356.778429957281,LINK,0
2021-06-21,22.1,190838557.87773663,4163.984492874014,39217.827886159466,17.4,37.54500000000001,16364.821555654822,LINK,0
2021-06-22,15.02,191271682.7200486,4169.930758503373,38385.54508258806,16.86,34.005,16384.494721112413,LINK,0
2021-06-23,15.02,202109486.2356954,4177.227007075587,37886.52874999878,18.38,34.005,16411.142097908596,LINK,0
2021-06-24,15.02,212406080.31784403,4186.165087563518,37521.40737723096,19.04,34.005,16443.252953447092,LINK,0
2021-06-25,15.02,222152726.73036543,4192.284847531865,37024.256890623816,16.89,34.005,16479.166568210625,LINK,0
2021-06-26,15.02,217913722.7142455,4196.755286679815,36834.332852677406,16.96,34.005,16507.188297598175,LINK,0
2021-06-27,15.02,211774191.16899568,4197.628631591663,36440.469225445275,18.4,34.005,16515.38195168578,LINK,0
2021-06-28,15.02,206568375.18535504,4200.591103035929,36288.11255803455,18.8,34.005,16526.944272721987,LINK,0
2021-06-29,15.02,207761611.30220735,4205.584339904651,36143.223464284565,19.5,34.005,16549.226001194012,LINK,0
2021-06-30,15.02,215598856.7288115,4210.524980708396,35967.74449999885,19.49,34.005,16573.42615944946,LINK,0
2021-07-01,15.02,215117450.3752322,4215.998881639619,35987.52275892742,18.22,34.005,16597.63208923287,LINK,0
2021-07-02,15.02,213828477.51701793,4222.5080252509815,36103.59778571314,18.28,34.005,16626.403227887302,LINK,0
2021-07-03,15.02,217080208.86324537,4225.160747527942,36310.55723437384,18.54,34.005,16653.131926399794,LINK,0
2021-07-04,15.02,215006067.15524355,4228.476724678994,36361.06818749885,19.25,34.005,16678.74611772757,LINK,0
2021-07-05,15.02,212560328.44062752,4232.305542863984,36620.13277008812,18.36,34.005,16698.87745535661,LINK,0
2021-07-06,15.02,212560328.44062752,4234.765602438656,36718.469225445275,20.07,34.005,16710.261676024864,LINK,0
2021-07-07,15.02,209194036.055265,4233.62746440329,36975.07238839169,19.79,34.005,16700.813425772,LINK,0
2021-07-08,15.02,211031896.14348957,4230.807738494738,36956.9181450881,18.37,34.005,16684.723899404806,LINK,0
2021-07-09,15.02,215020312.32713675,4229.454919869425,37030.34556249882,18.66,34.005,16669.857899256585,LINK,0
2021-07-10,15.02,211826952.61297712,4226.873289489611,37026.98838169525,18.21,34.005,16642.29693647059,LINK,0
2021-07-11,15.02,209161307.97852132,4224.774903760504,37209.665419641664,18.37,34.005,16611.539853558694,LINK,0
2021-07-12,19.740000000000002,211334237.32977453,4223.7666588918155,37293.92831249882,17.53,34.005,16585.36629660417,LINK,0
2021-07-13,20.03,214785576.24245596,4223.732141004155,37090.74499553454,16.88,34.005,16561.657449340295,LINK,0
2021-07-14,20.03,218891300.66211033,4224.001874542101,36810.12181026668,16.94,34.005,16542.88672877668,LINK,0
2021-07-15,20.03,213846457.4739937,4225.087970406534,36486.22008482026,15.75,34.005,16525.124240765726,LINK,0
2021-07-16,20.03,208691930.77678603,4226.3315804616395,36289.375611606,15.24,34.005,16506.509819902167,LINK,0
2021-07-17,20.03,206949231.43107128,4226.56971075862,36131.64798883813,15.36,34.005,16489.056195503803,LINK,0
2021-07-18,20.03,203753719.10808617,4225.435791015492,35994.60984374886,15.479999999999999,34.005,16474.488721138565,LINK,0
2021-07-19,20.03,198020207.1558079,4226.01599993011,35920.52070982029,14.519999999999998,34.005,16461.05809304321,LINK,0
2021-07-20,19.09,202506217.47762904,4228.89815216051,35731.40848214171,13.75,34.005,16454.974923051584,LINK,0
2021-07-21,17.01,197428890.43378413,4232.957824052949,35553.50191740958,15.29,34.005,16453.05389404245,LINK,0
2021-07-22,15.01,197253699.91494465,4238.283070591383,35344.022194195306,16.08,34.0,16460.905782644564,LINK,0
2021-07-23,15.01,200113653.21749634,4245.943441881316,35009.74143080246,16.5,34.0,16468.84206521118,LINK,0
2021-07-24,15.01,203668272.57131565,4253.4897529600685,34655.02314508817,16.7,34.0,16487.415763200504,LINK,0
2021-07-25,15.01,197600981.1186764,4259.2623087200445,34423.87839508818,16.78,34.0,16489.81218545044,LINK,0
2021-07-26,15.01,199643351.58336627,4266.66819926657,34177.43537053464,18.06,34.0,16496.75394287057,LINK,0
2021-07-27,15.01,205927509.02428794,4275.27673252637,33940.05247321321,19.51,34.0,16509.498721530934,LINK,0
2021-07-28,15.01,207023026.21067238,4284.35583321694,33673.638183034636,19.09,34.0,16524.59940403477,LINK,0
2021-07-29,15.01,206017679.66712737,4294.308132171494,33608.00944419536,19.36,34.0,16548.535856627892,LINK,0
2021-07-30,15.01,209740964.83757675,4305.808531079836,33668.298042409646,22.29,34.0,16575.136965069923,LINK,0
2021-07-31,15.01,207771861.74856666,4317.4719026836665,33823.036502231065,22.72,32.45,16605.51859893746,LINK,0
2021-08-01,15.01,210778825.74160096,4330.659771510394,33953.31533035607,22.08,32.45,16636.507418822708,LINK,0
2021-08-02,15.01,212232095.94570664,4341.38519810254,34094.45576339176,23.48,31.459999999999997,16657.425415256515,LINK,0
2021-08-03,15.01,213425113.1942665,4348.354473331859,34129.727450891776,23.93,31.459999999999997,16658.081019373774,LINK,0
2021-08-04,15.01,212645469.83973736,4354.074207741735,34195.81958705249,24.2,31.415,16662.681903947574,LINK,0
2021-08-05,15.01,215251918.94251007,4353.812949589181,34304.23026562391,24.07,29.875,16641.588959829613,LINK,0
2021-08-06,15.01,212426653.5604722,4353.031319209368,34064.15089285606,23.89,29.875,16618.605236815874,LINK,0
2021-08-07,15.01,209762980.42680675,4351.804872567174,33825.18783258821,24.71,29.875,16597.206549943665,LINK,0
2021-08-08,15.01,212057719.96990538,4349.37695781149,33570.47574107035,23.05,29.25,16568.280925423227,LINK,0
2021-08-09,15.01,211173618.14434895,4347.954855673515,33360.830220981086,24.24,25.185,16544.99431348475,LINK,0
2021-08-10,15.01,212453524.94085085,4347.266101183071,32967.7184397311,24.560000000000002,25.185,16528.152353776677,LINK,0
2021-08-11,15.95,210986599.90407026,4346.443828582626,32541.833343748956,25.92,25.185,16513.10241568376,LINK,0
2021-08-12,15.95,209080965.12392676,4346.308564540179,32207.32707812398,24.949999999999996,25.185,16502.581755065392,LINK,0
2021-08-13,15.95,210138813.27835014,4346.399878910472,31952.724477677548,27.76,25.185,16486.898735917788,LINK,0
2021-08-14,15.520000000000001,207768538.32622382,4346.488148825371,31896.15212499899,27.17,25.185,16465.98743852835,LINK,0
2021-08-15,15.14,204942668.86044863,4346.164405713623,31830.7023236597,27.91,25.185,16452.526521954693,LINK,0
2021-08-16,15.03,205052971.45735207,4347.101243264196,31856.501254463266,27.96,25.185,16445.590895516005,LINK,0
2021-08-17,15.03,203917571.7095556,4349.877289363178,32066.9955223204,26.14,23.919999999999998,16443.609002903002,LINK,0
2021-08-18,14.42,200763882.9934526,4353.772252981865,32431.670810266824,25.35,23.625,16446.332319422603,LINK,0
2021-08-19,13.4,198787789.78076515,4356.9344229560575,32943.05678794538,27.079999999999995,23.115,16446.543951851458,LINK,0
2021-08-20,13.4,201381481.73897803,4360.964257158414,33356.49930357036,28.709999999999997,23.115,16457.308242143376,LINK,0
2021-08-21,13.4,205477976.06607348,4364.211670466693,33806.45199776677,27.71,23.115,16459.65733620727,LINK,0
2021-08-22,13.4,209903202.201484,4365.879059055734,34226.78696205247,28.02,23.115,16463.704310389403,LINK,0
2021-08-23,13.4,209385076.6904416,4368.101658412248,34604.46070089175,28.56,23.115,16459.87555236764,LINK,0
2021-08-24,13.4,211416140.26291183,4372.943629346436,35161.04630357031,25.78,22.82,16472.281555829206,LINK,0
2021-08-25,13.4,210528595.20211926,4378.6002163476915,35678.52767187386,26.610000000000003,21.785,16490.143152290908,LINK,0
2021-08-26,13.4,215564879.81039706,4384.614421626361,36372.52966517741,24.4,21.045,16509.333405630405,LINK,0
2021-08-27,13.4,213762593.04679662,4391.63071321746,37092.12322098097,26.05,21.045,16532.416138566725,LINK,0
2021-08-28,13.4,218019787.10388327,4398.593024226457,37896.78584374879,25.74,19.93,16556.79531358939,LINK,0
2021-08-29,13.4,222543262.8257442,4406.0338414872,38582.76683258805,25.78,19.93,16584.239265659355,LINK,0
2021-08-30,13.4,224706739.89595026,4414.035970306254,39305.27577678446,25.03,19.93,16612.92303401349,LINK,0
2021-08-31,13.4,220648693.04588923,4418.375613730153,40020.634176338004,26.740000000000002,19.93,16636.40128304564,LINK,0
2021-09-01,13.4,223857072.8397856,4421.845093427245,40780.449401784426,29.74,19.93,16661.10552956664,LINK,0
2021-09-02,13.4,226711053.61130774,4425.180701555384,41566.15245535583,29.97,19.93,16690.12825535312,LINK,0
2021-09-03,13.4,228015787.87752697,4427.5970950533965,42221.40153794509,30.779999999999998,19.93,16703.681384930762,LINK,0
2021-09-04,13.4,231810993.27312228,4429.540200260567,42624.593142855796,29.9,19.93,16726.108915055967,LINK,0
2021-09-05,13.4,232950399.8152362,4429.8932328359015,42951.290479909345,33.57,19.195,16745.79521091953,LINK,0
2021-09-06,13.4,234634539.0218662,4430.8009908402255,43264.35087053433,34.82,19.285,16757.423674228678,LINK,0
2021-09-07,13.4,232293072.59633368,4433.017946733606,43571.99704017719,28.2,19.285,16768.61684657452,LINK,0
2021-09-08,13.46,234771888.73424017,4433.862379128451,43853.38067857003,27.16,19.285,16769.781815446597,LINK,0
2021-09-09,14.98,234394479.78045422,4435.005582536829,44219.234129462886,27.98,19.445,16764.675265502396,LINK,0
2021-09-10,15.24,234467489.3636216,4436.975327518868,44558.91083035573,26.38,20.36,16756.281784929015,LINK,0
2021-09-11,16.17,234677847.26423025,4439.630437469341,45077.84179687356,27.0,20.36,16750.39020734461,LINK,0
2021-09-12,16.17,240706313.7534742,4440.664679608885,45484.60477455212,29.44,20.595,16738.4472311832,LINK,0
2021-09-13,16.7,240576549.24771038,4441.766089956959,45885.51624330211,26.96,20.685,16734.07814766966,LINK,0
2021-09-14,17.61,247165852.9135117,4443.851381247242,46395.64220981995,30.83,20.695,16726.315212576195,LINK,0
2021-09-15,18.63,245201036.78142262,4445.631387001986,46938.80807812351,30.7,21.955000000000002,16719.949086215984,LINK,0
2021-09-16,18.63,238436172.15040427,4447.951321084018,47333.14778794492,29.81,21.955000000000002,16713.81347699793,LINK,0
2021-09-17,18.849999999999998,234129300.7760807,4449.54741418007,47535.09577455205,27.71,21.955000000000002,16703.697892542714,LINK,0
2021-09-18,21.29,242037127.416654,4452.646509660852,47587.22831249848,28.390000000000004,21.955000000000002,16697.414211599633,LINK,0
2021-09-19,21.4,248114329.79696482,4455.475355965608,47604.15936160563,27.39,21.955000000000002,16687.397356305268,LINK,0
2021-09-20,21.4,240533331.6152739,4459.557241494173,47623.88662946277,23.46,21.955000000000002,16683.266135514958,LINK,0
2021-09-21,22.09,243055211.3693744,4464.433598981442,47620.58684821278,21.4,21.955000000000002,16683.61817103741,LINK,0
2021-09-22,22.09,242899476.88001412,4469.628449358114,47676.08601339135,24.479999999999997,21.955000000000002,16686.0548383435,LINK,0
2021-09-23,22.09,235310504.97295773,4475.762276567589,47960.13601562347,25.44,21.955000000000002,16694.97480904662,LINK,0
2021-09-24,22.09,240801297.31443366,4481.823766435753,48337.00467410561,23.28,21.955000000000002,16705.636499458866,LINK,0
2021-09-25,22.09,235177109.43222702,4488.145407213341,48602.58897544487,24.520000000000003,21.955000000000002,16721.53816048705,LINK,0
2021-09-26,22.09,242650141.95124805,4495.6103413171695,48866.34831919486,24.630000000000003,21.955000000000002,16745.116545758392,LINK,0
2021-09-27,22.09,241534335.93332514,4503.2352747234545,48960.33952455201,23.03,21.955000000000002,16767.111326816568,LINK,0
2021-09-28,23.77,240466301.22141907,4510.029673657954,49113.4200133913,22.09,21.955000000000002,16787.868692452033,LINK,0
2021-09-29,23.93,237802694.83671194,4515.922737775388,49238.861571427005,22.86,21.955000000000002,16804.82189505387,LINK,0
2021-09-30,23.93,241133413.8459359,4522.504336438716,49208.951787944876,24.0,21.955000000000002,16828.296859740673,LINK,0
2021-10-01,23.93,248480589.21890357,4526.692971910605,49047.944176337725,26.320000000000004,21.955000000000002,16843.24776872853,LINK,0
2021-10-02,23.93,249467835.4853205,4529.258306557647,48802.309520087736,26.929999999999996,22.14,16853.34871433749,LINK,0
2021-10-03,23.93,251401176.6335907,4529.999017224849,48519.87506473059,27.58,22.575,16856.93209054076,LINK,0
2021-10-04,23.93,248119229.69737792,4529.081418500483,48246.823116069885,26.619999999999997,22.575,16846.710397338327,LINK,0
2021-10-05,23.93,254349922.24311706,4527.668917083598,48151.3358303556,27.23,23.515,16832.92044721277,LINK,0
2021-10-06,23.93,255629402.79381415,4525.340582820203,48219.5062410699,26.810000000000002,24.87,16824.258384922035,LINK,0
2021-10-07,23.93,252972851.96655986,4520.7977511813215,48341.13248660561,26.830000000000002,24.87,16803.206515502396,LINK,0
2021-10-08,23.93,252853439.4703952,4514.070460401118,48270.11629017701,26.38,24.87,16771.794871738446,LINK,0
2021-10-09,23.93,251363862.86582062,4505.1599111283085,48008.79356249848,27.43,24.87,16731.05568498831,LINK,0
2021-10-10,23.93,246340142.2919029,4495.735551888459,47878.40967187348,25.56,24.900000000000002,16695.360290090845,LINK,0
2021-10-11,23.93,246396503.9846042,4484.798287309776,47589.178464284196,25.23,25.660000000000004,16653.34952523315,LINK,0
2021-10-12,23.93,253032775.98540425,4475.549877166606,47340.22675446278,24.619999999999997,25.790000000000003,16619.06122044102,LINK,0
2021-10-13,23.93,250688592.9323212,4467.349731227189,47104.89576339135,25.66,26.255000000000003,16583.932000295925,LINK,0
2021-10-14,23.93,258471719.7320004,4461.382560620847,46878.42364955208,26.720000000000002,26.255000000000003,16563.241792296834,LINK,0
2021-10-15,24.01,259963080.1867792,4455.0445227485325,46481.58373214138,26.989999999999995,26.520000000000003,16539.436445399162,LINK,0
2021-10-16,24.329999999999995,256087544.05058476,4450.5267601011765,45938.05541294496,27.23,26.975000000000005,16522.713693018795,LINK,0
2021-10-17,24.329999999999995,250309021.56702065,4443.950547790386,45295.65619196285,26.529999999999998,27.485,16497.37110944423,LINK,0
2021-10-18,24.329999999999995,249982514.75498897,4437.028883470666,44786.55955133784,25.7,27.485,16477.617971147283,LINK,0
2021-10-19,24.72,246424830.99806905,4430.2279906135245,44384.47635714144,25.92,27.595000000000002,16459.71964503645,LINK,0
2021-10-20,23.07,240942975.4718356,4425.275223214146,44044.57150669503,27.49,28.815,16450.32837393572,LINK,0
2021-10-21,20.84,236640625.5225419,4419.716629573137,43847.5715982129,28.27,28.590000000000003,16437.43877585223,LINK,0
2021-10-22,20.84,242985189.77918938,4411.657902417724,43738.66390178433,28.669999999999998,28.590000000000003,16428.795537021662,LINK,0
2021-10-23,20.84,249239416.3582032,4403.069260733328,43624.05899330219,31.39,28.590000000000003,16411.99685516305,LINK,0
2021-10-24,20.84,248686607.66622847,4396.7371652874235,43598.50615624861,29.71,28.590000000000003,16397.798123604392,LINK,0
2021-10-25,20.84,254232115.1597085,4391.416803087367,43671.10576339147,32.39,28.590000000000003,16385.713989911234,LINK,0
2021-10-26,20.84,257250660.33965164,4385.608913966448,43799.40862946288,32.51,28.590000000000003,16372.901083373503,LINK,0
2021-10-27,20.84,251601444.6411452,4381.490543147355,43921.98334598075,28.880000000000003,28.590000000000003,16367.291597856278,LINK,0
2021-10-28,20.84,246494534.09733903,4378.605656323974,44291.61543973073,30.2,28.590000000000003,16363.405468313515,LINK,0
2021-10-29,20.84,245854575.96978298,4375.5315090723,44650.63548214143,30.919999999999998,28.590000000000003,16363.29176875471,LINK,0
2021-10-30,20.84,248740185.36933693,4369.427179717878,45239.57127455213,29.79,28.590000000000003,16350.368974521662,LINK,0
2021-10-31,20.84,252670061.40735862,4366.294778006278,45832.44397767711,30.02,28.590000000000003,16346.073344420867,LINK,0
2021-11-01,20.84,253163505.34683275,4365.412031010079,46637.4744575878,31.69,28.590000000000003,16349.219498552078,LINK,0
2021-11-02,20.84,254550281.21123245,4363.159877558977,47554.053488837766,32.28,28.590000000000003,16354.731840514618,LINK,0
2021-11-03,20.84,254438300.80431685,4360.869870648924,48661.81000669488,31.97,28.590000000000003,16367.473610577743,LINK,0
2021-11-04,20.84,257112796.420203,4359.275380597656,49775.878736605555,31.019999999999996,28.590000000000003,16381.100178527311,LINK,0
2021-11-05,20.84,257402001.5557268,4357.827245112689,50726.116696426965,32.88,28.590000000000003,16380.554221452461,LINK,0
2021-11-06,20.84,257475221.12543213,4357.013305554933,51798.704412944775,32.07,28.590000000000003,16385.306888034844,LINK,0
2021-11-07,20.84,254630723.7337858,4359.745919036727,53078.84177678403,32.35,28.590000000000003,16400.951891653356,LINK,0
2021-11-08,20.84,256970666.6855812,4366.492241232598,54384.289470980424,34.49,28.590000000000003,16434.533673313163,LINK,0
2021-11-09,20.84,253012655.48308724,4376.043583243094,55576.06592187324,33.81,28.590000000000003,16474.70269906128,LINK,0
2021-11-10,21.04,250967110.79685616,4387.048609379219,56592.52571651605,34.26,28.590000000000003,16520.01841931972,LINK,0
2021-11-11,21.41,252126628.81732017,4400.763553837226,57692.69852678387,34.72,28.590000000000003,16573.546549769282,LINK,0
2021-11-12,21.41,256550869.6226424,4416.527086530271,58692.13890848029,34.28,28.590000000000003,16646.256999206023,LINK,0
2021-11-13,22.0,256892808.21413943,4430.3179367064,59349.22548660525,34.0,28.590000000000003,16699.410892159067,LINK,0
2021-11-14,22.0,259004496.97936141,4443.796610695833,59774.16738839095,33.75,28.590000000000003,16756.341123961873,LINK,0
2021-11-15,22.0,255529946.73718306,4455.418147604664,60173.42318526594,32.04,28.590000000000003,16800.26421225358,LINK,0
2021-11-16,22.0,254699774.05636647,4468.979307120044,60685.53959151592,29.17,28.590000000000003,16849.181360080725,LINK,0
2021-11-17,22.02,252443579.46969682,4482.736698477465,61068.18095535518,29.199999999999996,28.590000000000003,16889.937879071378,LINK,0
2021-11-18,22.73,253520650.02977315,4495.82512228815,61240.803968748056,26.570000000000004,28.590000000000003,16929.061264691492,LINK,0
2021-11-19,23.540000000000003,258044104.22842422,4505.29186107076,61373.663437498064,28.3,28.590000000000003,16953.363847350534,LINK,0
2021-11-20,23.540000000000003,258044104.22842422,4513.328075626774,61581.82669642662,28.38,28.590000000000003,16981.870361109603,LINK,0
2021-11-21,23.540000000000003,256115829.90700758,4524.9288503372945,61917.24367633732,29.05,28.590000000000003,17003.37955409404,LINK,0
2021-11-22,23.540000000000003,261502234.95139277,4538.5060111998055,62073.669857140885,26.790000000000003,28.590000000000003,17030.948910085957,LINK,0
2021-11-23,23.540000000000003,259804131.49620697,4551.527713557507,62072.019341515894,26.949999999999996,28.590000000000003,17056.769244820185,LINK,0
2021-11-24,23.540000000000003,263539940.14280152,4564.2866946627655,61880.76703124803,25.6,28.590000000000003,17076.92751508386,LINK,0
2021-11-25,23.540000000000003,263322256.50576273,4578.324336024547,61703.074017855186,26.390000000000004,28.590000000000003,17095.549978201183,LINK,0
2021-11-26,23.540000000000003,259769910.39979026,4590.592099652825,61750.484154015896,23.93,28.590000000000003,17109.253488158633,LINK,0
2021-11-27,23.540000000000003,261640072.19703192,4600.41534707191,61694.77085044446,24.13,28.090000000000003,17114.764469691137,LINK,0
2021-11-28,23.540000000000003,261410742.5726017,4607.909076472544,61690.734075890876,24.789999999999996,27.369999999999997,17113.342703246526,LINK,0
2021-11-29,23.540000000000003,259464387.9620818,4617.121327536299,61623.08452231946,25.01,27.369999999999997,17119.272343226297,LINK,0
2021-11-30,23.540000000000003,261302946.8984279,4626.156183733112,61707.815872765896,25.31,27.369999999999997,17129.695552716395,LINK,0
2021-12-01,24.17,265640621.96155772,4634.502412523394,61855.338303569464,25.36,27.369999999999997,17139.270992605485,LINK,0
2021-12-02,25.28,269183022.3957008,4640.405566951059,62170.73306026587,24.560000000000002,27.369999999999997,17146.095992605482,LINK,0
2021-12-03,25.28,270380782.24212986,4646.915469142221,62441.57777901587,23.33,27.369999999999997,17154.777383858273,LINK,0
2021-12-04,25.28,269582172.4303841,4653.610966709533,62940.282089283704,20.69,27.369999999999997,17169.462425013404,LINK,0
2021-12-05,25.28,271758276.407058,4659.909801700987,63429.39590624797,19.51,27.369999999999997,17192.878942870546,LINK,0
2021-12-06,25.28,272075021.2146178,4666.309140777438,63626.34782589084,19.89,27.369999999999997,17211.06263689259,LINK,0
2021-12-07,25.380000000000003,274050557.5460911,4672.484371512127,63739.230524551545,21.09,27.369999999999997,17227.116433279305,LINK,0
2021-12-08,25.87,277520640.80233634,4679.353582436549,63912.0393459801,22.91,27.835,17240.745632498056,LINK,0
2021-12-09,27.219999999999995,274555806.8141816,4684.916126578046,63903.13777008725,20.29,28.225,17247.86574009432,LINK,0
2021-12-10,28.02,273292078.5187207,4690.820225088788,63957.2897790158,18.57,29.575000000000003,17253.80505719811,LINK,0
2021-12-11,28.08,272105882.5939912,4695.348404366481,63725.1112767837,19.95,29.575000000000003,17257.029618616914,LINK,0
2021-12-12,28.08,272794302.75185406,4698.831380898463,63540.089982140846,20.44,29.675,17262.802891757958,LINK,0
2021-12-13,28.08,273577362.6352496,4700.405548095553,63263.913156247974,17.78,29.86,17265.891377039767,LINK,0
2021-12-14,28.08,274897926.0710231,4701.809941427898,62864.42744419443,18.46,29.86,17256.62184186608,LINK,0
2021-12-15,28.08,270279229.57291764,4700.946592276287,62381.02656026587,19.69,30.155,17235.49364885548,LINK,0
2021-12-16,28.05,268187424.59112942,4700.039195687281,61869.16493080159,18.77,30.155,17221.760050091874,LINK,0
2021-12-17,28.05,269734133.5174679,4701.189185442095,61272.10393526588,18.28,30.155,17209.25527779661,LINK,0
2021-12-18,25.88,266885148.64724272,4696.066978890406,60790.52960714092,19.54,30.155,17168.009423173626,LINK,0
2021-12-19,25.88,269076506.29684746,4692.620031084183,60394.59428794449,18.86,30.165,17130.471077836715,LINK,0
2021-12-20,25.88,270987398.31813025,4689.332076263278,60039.222874998086,18.78,30.520000000000003,17083.69669908742,LINK,0
2021-12-21,25.88,273614971.05431354,4684.969697570652,59505.44074106954,19.43,30.925,17034.657916259224,LINK,0
2021-12-22,25.88,271301196.9140798,4676.08323211655,58821.509930801694,19.92,30.925,16970.954680524013,LINK,0
2021-12-23,25.88,271661071.6070537,4665.19228504711,58143.33538392672,22.16,30.925,16896.661137389598,LINK,0
2021-12-24,25.18,269575208.17643005,4656.113099016314,57670.27624330175,21.47,30.925,16829.687525503447,LINK,0
2021-12-25,25.18,269155740.22411823,4646.590608106191,57322.34583258745,22.13,30.925,16773.996886770532,LINK,0
2021-12-26,23.09,266715662.4276401,4636.371461704652,56873.196955355335,22.99,30.700000000000006,16715.30688040544,LINK,0
2021-12-27,23.09,264392559.69281533,4626.948157501074,56304.501352676765,23.01,30.700000000000006,16664.1550739828,LINK,0
2021-12-28,22.68,268809054.8873283,4620.441400909277,55698.80462053394,20.35,30.495,16624.30238582013,LINK,0
2021-12-29,22.68,267980502.221226,4618.230488804263,55299.22414508752,19.73,30.495,16598.764293561133,LINK,0
2021-12-30,22.68,267738424.1431325,4616.676145062981,54910.59035714109,19.94,30.495,16582.935355049693,LINK,0
2021-12-31,22.68,263877848.0013649,4611.382678331501,54470.599361605404,19.51,30.495,16566.082523236422,LINK,0
2022-01-01,22.68,261330571.94736958,4611.706293051437,53951.087412944704,20.75,30.495,16558.247697884166,LINK,0
2022-01-02,22.549999999999997,257717357.60059732,4615.52313461289,53517.457421873296,21.88,30.43,16562.426077269974,LINK,0
2022-01-03,16.56,259259266.5599235,4619.640136718604,52856.1599419626,23.72,27.435000000000002,16568.800029209153,LINK,0
2022-01-04,16.56,257935570.7351699,4624.075943864948,52242.42512276618,23.43,27.435000000000002,16572.558756582544,LINK,0
2022-01-05,16.56,265021608.56446818,4628.521024431357,51715.594415176914,25.21,27.435000000000002,16589.65700792532,LINK,0
2022-01-06,16.56,271580043.3554914,4631.184859248423,51086.33230580196,25.4,27.435000000000002,16594.611940219893,LINK,0
2022-01-07,16.56,277395556.5137744,4631.164339228892,50400.20327901625,25.95,27.435000000000002,16598.3030478336,LINK,0
2022-01-08,16.56,270136323.0144758,4631.577709088859,49730.12082365913,25.34,27.435000000000002,16609.619752065948,LINK,0
2022-01-09,16.56,263280618.53616562,4633.586509595451,49137.338238837736,27.54,27.435000000000002,16632.913206481404,LINK,0
2022-01-10,16.56,268717131.45422536,4637.583716147139,48768.87848214131,27.99,27.435000000000002,16667.045651244585,LINK,0
2022-01-11,16.56,272551245.4330161,4641.3775674001035,48214.25259151632,26.590000000000003,27.435000000000002,16687.823855154318,LINK,0
2022-01-12,16.56,267654287.83695033,4643.769759041774,47779.586999998486,26.76,27.435000000000002,16704.75410177995,LINK,0
2022-01-13,16.56,272431760.6905973,4648.487292698304,47705.02487499848,24.879999999999995,27.435000000000002,16728.021281868536,LINK,0
2022-01-14,16.56,277259360.6525359,4655.389910125584,47782.482040177034,25.73,27.435000000000002,16759.466702705933,LINK,0
2022-01-15,16.56,271984375.61707044,4662.7467042104045,47861.78425223062,25.19,27.435000000000002,16774.892560685847,LINK,0
2022-01-16,16.56,270408336.5626432,4664.919627053248,48083.37113615918,25.5,27.435000000000002,16778.695773968848,LINK,0
2022-01-17,16.56,273286888.70586497,4670.909170423087,48287.42678124846,23.81,27.435000000000002,16797.64401811819,LINK,0
2022-01-18,16.56,268571279.6105291,4674.505814579406,48453.933178569874,22.98,27.435000000000002,16809.060998534624,LINK,0
2022-01-19,16.56,269860750.74736315,4676.075405992632,48460.86634821273,21.54,27.435000000000002,16814.79524209105,LINK,0
2022-01-20,16.56,272606243.02166724,4677.582916804575,48486.893957587745,20.19,27.435000000000002,16812.84983651244,LINK,0
2022-01-21,16.56,272103430.12130314,4686.704817417541,48654.79386383775,17.43,27.435000000000002,16832.483410643996,LINK,0
2022-01-22,16.56,276141093.3422743,4697.561172485202,48804.66520981988,15.87,27.435000000000002,16863.17029375295,LINK,0
2022-01-23,17.25,273091474.4263609,4709.705257742594,48979.97538839129,16.66,27.435000000000002,16898.443853759225,LINK,0
2022-01-24,17.25,275466555.08779216,4720.479092952032,48926.3610290163,15.599999999999998,27.435000000000002,16929.58759765571,LINK,0
2022-01-25,17.27,278005713.3718202,4731.395773642254,48750.53952455201,15.489999999999998,27.435000000000002,16965.698208617625,LINK,0
2022-01-26,17.27,274264088.8950264,4740.9784844533215,48617.85126339131,15.230000000000002,27.435000000000002,17005.188037544798,LINK,0
2022-01-27,17.27,268636872.89722204,4747.578359549234,48444.964296873455,15.24,27.435000000000002,17037.628660800932,LINK,0
2022-01-28,17.27,264059937.28702444,4750.502134486455,48014.97461830205,16.16,27.435000000000002,17062.26741986901,LINK,0
2022-01-29,17.27,265347944.01388392,4756.428269304397,47697.234633927044,16.23,27.435000000000002,17087.717762101853,LINK,0
2022-01-30,17.27,262358180.79701424,4765.112957327555,47356.75221874851,17.78,27.435000000000002,17121.71879577582,LINK,0
2022-01-31,17.27,269753500.7869352,4768.90029318658,46935.751665177086,17.17,26.75,17156.764578682487,LINK,0
2022-02-01,17.27,274702949.4530435,4766.817044939163,46404.72127901638,17.0,26.005000000000003,17180.310102189746,LINK,0
2022-02-02,17.27,282832077.0638022,4761.539042227458,45907.91283258783,15.8,25.564999999999998,17199.35375976508,LINK,0
2022-02-03,17.76,280760153.93249327,4754.8819264001695,45353.50410937356,16.28,25.534999999999997,17224.593838064466,LINK,0
2022-02-04,17.76,281770908.8958036,4746.372507367664,44804.20157812356,17.53,25.534999999999997,17232.142060197555,LINK,0
2022-02-05,17.819999999999997,286460809.4294229,4739.838509586729,44374.93204687358,17.78,24.305,17247.693880789073,LINK,0
2022-02-06,18.05,289855063.3639641,4736.678361293096,44093.241194195005,18.07,23.16,17268.390631538932,LINK,0
2022-02-07,18.05,289389876.6108617,4730.008115822779,43925.63606473076,18.88,23.13,17278.773427472246,LINK,0
2022-02-08,18.37,292248842.67864096,4718.9823781693185,43663.59241294504,18.37,22.915,17275.73801051494,LINK,0
2022-02-09,19.04,297921030.8765022,4703.587267303317,43352.77940178433,18.69,22.915,17259.214573886868,LINK,0
2022-02-10,19.04,293946632.60770893,4683.077916172422,43059.84130133792,17.51,22.915,17233.903522599896,LINK,0
2022-02-11,19.04,297275639.47279185,4665.079333495945,42802.83806249863,16.21,22.83,17211.008380998337,LINK,0
2022-02-12,19.04,292087970.8244134,4647.28793334946,42389.33642410579,15.96,22.63,17181.07852368982,LINK,0
2022-02-13,19.04,299151992.9144855,4624.178096008154,41900.06425892723,15.599999999999998,22.63,17131.09151327896,LINK,0
2022-02-14,19.04,291801161.4123121,4600.431263405789,41442.5780424094,15.9,22.63,17076.54580034474,LINK,0
2022-02-15,19.04,291566942.9111236,4577.405794851975,40981.76053794511,17.35,22.63,17017.686549158923,LINK,0
2022-02-16,19.04,287405553.9523447,4551.661415317934,40615.92839732014,17.13,22.63,16944.324252972747,LINK,0
2022-02-17,19.04,286035009.47152734,4526.684213147701,40290.007723213006,15.599999999999998,22.63,16865.285991341192,LINK,0
2022-02-18,19.04,281178787.19555676,4508.330463082307,40070.78320312373,15.2,22.63,16791.456124005465,LINK,0
2022-02-19,19.51,274528917.46243733,4495.20886361244,39844.50459821303,15.520000000000001,22.63,16741.09008440237,LINK,0
2022-02-20,17.12,268450632.21085817,4478.712857382495,39350.51171428446,14.599999999999998,22.63,16682.640987940667,LINK,0
2022-02-21,14.32,267586484.36702806,4464.64742965684,38930.25584821305,13.5,21.509999999999998,16630.037906537204,LINK,0
2022-02-22,14.32,273329618.46270686,4450.552748870708,38456.396343748755,13.99,21.509999999999998,16582.510842459014,LINK,0
2022-02-23,13.5,275879517.86210656,4439.466639709331,37999.27718080235,13.329999999999998,21.1,16539.273175048304,LINK,0
2022-02-24,13.5,277780143.1524889,4427.242822701451,37637.34991964165,13.28,21.1,16496.543489946118,LINK,0
2022-02-25,13.5,273787545.67987627,4418.4992190768335,37356.696006695245,14.379999999999999,21.1,16450.52397439087,LINK,0
2022-02-26,13.5,276417330.77438384,4418.635551888461,37267.436060266664,14.72,21.1,16435.293516757985,LINK,0
2022-02-27,13.5,283059717.0179161,4426.868199266564,37394.88428794523,13.65,21.1,16442.913073729942,LINK,0
2022-02-28,13.5,280423524.05272716,4432.194631194928,37551.89578348093,15.14,21.1,16454.816450499962,LINK,0
2022-03-01,13.5,285525564.384202,4438.559400939801,37823.56105357023,15.36,21.1,16473.308753966765,LINK,0
2022-03-02,13.5,285672682.5708089,4445.746947479106,38158.938707588066,15.29,21.1,16506.333747645265,LINK,0
2022-03-03,13.5,281080659.636394,4453.849411664549,38502.39809821306,14.9,21.1,16537.73141392246,LINK,0
2022-03-04,13.5,276414252.5164838,4464.610540553358,38948.142921873754,13.72,21.1,16579.636411611846,LINK,0
2022-03-05,13.5,281522768.4337367,4478.655970764017,39641.3158102666,14.02,21.1,16629.934424045576,LINK,0
2022-03-06,13.5,286480034.7970579,4493.654454040382,40362.30489732014,13.319999999999999,21.1,16680.482788957335,LINK,0
2022-03-07,13.5,285393170.6328442,4504.030624716478,41047.63105580226,12.7,21.1,16722.300140380325,LINK,0
2022-03-08,13.5,289103676.3898875,4506.363883100094,41568.83049776653,13.09,21.1,16746.537075587144,LINK,0
2022-03-09,13.5,290441559.3651032,4505.534641919674,41976.607857141535,14.01,21.1,16764.43919917462,LINK,0
2022-03-10,13.5,289025300.6113442,4501.898704528667,42266.95177455223,13.17,21.1,16783.466652787898,LINK,0
2022-03-11,13.5,292530068.1405626,4502.775473785258,42525.50614062365,13.050000000000002,21.1,16802.66003047345,LINK,0
2022-03-12,13.5,289167071.60914695,4494.442814963061,42645.81836830223,13.160000000000002,21.1,16806.86061074339,LINK,0
2022-03-13,13.5,286028372.1828011,4479.6695215496275,42632.606828123615,12.72,21.1,16773.828529357375,LINK,0
2022-03-14,13.5,285801621.30686,4460.331775120186,42567.25615401651,13.409999999999998,21.1,16728.21207558716,LINK,0
2022-03-15,14.31,281910834.2972796,4443.915794808383,42518.80117857008,13.7,21.1,16687.744643074595,LINK,0
2022-03-16,14.31,284271355.1894313,4426.096650150703,42175.17897990935,14.69,21.1,16646.837893894208,LINK,0
2022-03-17,14.31,288501138.0940201,4409.191533333773,41766.27951115939,14.419999999999998,21.1,16609.18801160487,LINK,0
2022-03-18,14.75,290306086.58393914,4392.781498500138,41424.84827455225,15.03,21.1,16563.022326877606,LINK,0
2022-03-19,15.21,285737680.52745426,4383.192077091621,41166.02691964154,15.01,21.1,16529.929846844825,LINK,0
2022-03-20,15.04,282011298.6926903,4374.022221810337,40923.75827232013,14.55,21.1,16508.907066344695,LINK,0
2022-03-21,14.85,285406638.14418566,4362.820230538365,40589.51201785584,15.0,21.1,16474.978125217458,LINK,0
2022-03-22,14.42,281737257.7052409,4353.332874079974,40450.938698659425,15.440000000000001,21.1,16439.761780438577,LINK,0
2022-03-23,13.39,277020973.92356694,4350.037015097343,40280.797665177284,15.84,21.045,16420.654907879987,LINK,0
2022-03-24,13.05,280412325.6346229,4345.080868639126,40094.96157365944,16.17,20.875,16397.4039714263,LINK,0
2022-03-25,13.05,275266346.8149041,4337.225748225482,39847.64392410587,15.599999999999998,20.875,16352.77413330026,LINK,0
2022-03-26,11.42,277719661.6534168,4332.356512778007,39788.46055357016,15.85,20.06,16317.164431108225,LINK,0
2022-03-27,11.42,282162835.53453696,4333.139748709404,39814.71097098088,16.272620991170406,20.06,16303.399007088276,LINK,1
2022-03-28,11.42,283911117.8589044,4332.412712750977,39821.64367410588,16.272620991170406,20.06,16280.880077470527,LINK,1
2022-03-29,11.42,279987133.33373594,4326.976451655658,39831.7621183023,16.272620991170406,20.06,16248.59964904733,LINK,1
2022-03-30,11.42,284813918.2810675,4321.604151153427,39748.93489062375,16.272620991170406,20.06,16218.135215976745,LINK,1
2022-03-31,11.42,285985265.69482386,4311.534615870747,39700.833321427315,16.272620991170406,20.06,16178.579436601394,LINK,1
2022-04-01,11.42,284984120.92951137,4301.338491385186,39626.89220758802,16.272620991170406,20.055,16119.34343632238,LINK,1
2022-04-02,11.42,284666844.3730686,4292.698124258723,39742.25525669517,16.272620991170406,20.055,16071.198124912293,LINK,1
2022-04-03,11.42,281585311.3330277,4285.913380431993,39879.88819865944,16.82909761017561,19.33,16034.473745727031,LINK,1
2022-04-04,11.42,283081613.81316394,4279.995896802495,39903.76715624873,16.82909761017561,19.095,15999.516520254443,LINK,1
2022-04-05,11.42,280128800.4323145,4274.82056001922,39988.962178570175,16.64043324303627,18.895,15972.056031362843,LINK,1
2022-04-06,11.42,278472718.02008754,4272.146556963103,40113.88561160587,16.55207072725892,18.895,15956.305654034784,LINK,1
2022-04-07,11.42,278619178.01206756,4271.204033224786,40103.87387276659,16.64043324303627,18.895,15946.240118843654,LINK,1
2022-04-08,11.42,279572900.88393605,4274.203681400708,40003.117457588,16.82909761017561,18.52,15956.532183619394,LINK,1
2022-04-09,11.42,277964166.17809933,4276.9366692677895,39919.30024107016,16.64043324303627,17.875,15960.111087689575,LINK,1
2022-04-10,11.42,276773701.25601226,4271.89530160073,39786.65048883802,16.655276834398506,17.285,15956.942073276556,LINK,1
2022-04-11,11.42,275749846.24482864,4275.261076572829,39713.379147320156,16.723372920304534,17.205,15958.403843252496,LINK,1
2022-04-12,11.42,273977928.0448516,4284.034386225972,39614.52629464159,16.635010404527186,15.959999999999999,15990.057713099377,LINK,1
2022-04-13,11.42,276248837.2934009,4293.047049604008,39561.474749998735,16.723372920304534,15.484999999999998,16033.022984749417,LINK,1
2022-04-14,11.42,278179823.0799379,4304.761234719276,39469.59003794517,16.82909761017561,15.484999999999998,16078.120568411176,LINK,1
2022-04-15,12.42,280258497.8301412,4321.72401439108,39745.58012723089,16.82909761017561,15.484999999999998,16134.16374489869,LINK,1
2022-04-16,12.42,279033345.5732224,4341.894955553189,40268.975613838,16.82909761017561,15.484999999999998,16197.0672716408,LINK,1
2022-04-17,12.42,280490761.08587044,4367.601750291958,40834.06070982012,16.82909761017561,15.484999999999998,16274.495455932101,LINK,1
2022-04-18,12.42,279303861.59187245,4392.321297672676,41438.84127008796,16.79687944808602,15.484999999999998,16354.222384861017,LINK,1
2022-04-19,12.42,277529754.9028961,4417.430498504499,41892.46485490938,16.69738337790966,15.484999999999998,16430.33018471802,LINK,1
2022-04-20,12.42,278664790.65717375,4442.287463923721,42368.4304665165,16.557342740058896,15.484999999999998,16506.920781598245,LINK,1
2022-04-21,12.42,278791756.7974258,4471.3632841926255,42848.635770087916,16.358562719881533,15.484999999999998,16593.598768833177,LINK,1
2022-04-22,12.42,280863245.40457994,4493.354207937915,43375.735524552176,18.79995299118757,15.484999999999998,16656.445345414857,LINK,1
2022-04-23,12.42,281909658.31350225,4512.43422775254,43853.98587946289,18.79995299118757,15.484999999999998,16702.12284916416,LINK,1
2022-04-24,12.42,279479887.02369654,4531.652377210199,44504.570729909305,17.59157322233915,15.484999999999998,16753.846498761326,LINK,1
2022-04-25,12.42,281243780.0987216,4549.2630820136665,44951.888261159285,18.676707037091255,15.484999999999998,16796.607533917573,LINK,1
