,Unnamed: 0.1,Unnamed: 0,token,weight,ups,downs,avg_upvote_ratio,num_comments,score_total,total_awards_received_total,post_id,Flair_list,noun,date,daily_popularity,date__,roberta_Negative_sum,roberta_Negative_wt_sum,roberta_Negative_mean,roberta_Neutral_sum,roberta_Neutral_wt_sum,roberta_Neutral_mean,roberta_Positive_sum,roberta_Positive_wt_sum,roberta_Positive_mean,vader_neg_sum,vader_neg_wt_sum,vader_neg_mean,vader_neu_sum,vader_neu_wt_sum,vader_neu_mean,vader_pos_sum,vader_pos_wt_sum,vader_pos_mean,vader_compound_sum,vader_compound_wt_sum,vader_compound_mean,distil_sadness_sum,distil_sadness_wt_sum,distil_sadness_mean,distil_joy_sum,distil_joy_wt_sum,distil_joy_mean,distil_love_sum,distil_love_wt_sum,distil_love_mean,distil_anger_sum,distil_anger_wt_sum,distil_anger_mean,distil_fear_sum,distil_fear_wt_sum,distil_fear_mean,distil_surprise_sum,distil_surprise_wt_sum,distil_surprise_mean,month__,daily_popularity_pop,roberta_Negative_sum_pop,roberta_Negative_wt_sum_pop,roberta_Negative_mean_pop,roberta_Positive_sum_pop,roberta_Positive_wt_sum_pop,roberta_Positive_mean_pop,vader_neg_sum_pop,vader_neg_wt_sum_pop,vader_neg_mean_pop,vader_pos_sum_pop,vader_pos_wt_sum_pop,vader_pos_mean_pop,distil_sadness_sum_pop,distil_sadness_wt_sum_pop,distil_sadness_mean_pop,distil_joy_sum_pop,distil_joy_wt_sum_pop,distil_joy_mean_pop,distil_love_sum_pop,distil_love_wt_sum_pop,distil_love_mean_pop,distil_anger_sum_pop,distil_anger_wt_sum_pop,distil_anger_mean_pop,distil_fear_sum_pop,distil_fear_wt_sum_pop,distil_fear_mean_pop,distil_surprise_sum_pop,distil_surprise_wt_sum_pop,distil_surprise_mean_pop,daily_popularity_hot,roberta_Negative_sum_hot,roberta_Negative_wt_sum_hot,roberta_Negative_mean_hot,roberta_Positive_sum_hot,roberta_Positive_wt_sum_hot,roberta_Positive_mean_hot,vader_neg_sum_hot,vader_neg_wt_sum_hot,vader_neg_mean_hot,vader_pos_sum_hot,vader_pos_wt_sum_hot,vader_pos_mean_hot,distil_sadness_sum_hot,distil_sadness_wt_sum_hot,distil_sadness_mean_hot,distil_joy_sum_hot,distil_joy_wt_sum_hot,distil_joy_mean_hot,distil_love_sum_hot,distil_love_wt_sum_hot,distil_love_mean_hot,distil_anger_sum_hot,distil_anger_wt_sum_hot,distil_anger_mean_hot,distil_fear_sum_hot,distil_fear_wt_sum_hot,distil_fear_mean_hot,distil_surprise_sum_hot,distil_surprise_wt_sum_hot,distil_surprise_mean_hot
0,643157,3,2019,8,13.0,0.0,0.678,3.0,13.0,0.0,abcgod:abcl8f:abahao:abb37r:ab9se0:abamxt:abaheo:abc7tl,GENERAL-NEWS:GENERAL-NEWS:TRADING:GENERAL-NEWS:GENERAL-NEWS:nan:nan:nan,False,2018-12-31,96.0,31_12_18,0.806,9.559,0.101,3.78,45.531,0.472,3.414,40.911,0.427,0.0,0.0,0.0,8.0,96.0,1.0,0.0,0.0,0.0,0.0,0.0,0.0,0.63,7.603,0.079,1.695,20.308,0.212,0.116,1.376,0.015,3.188,38.156,0.399,2.257,27.206,0.282,0.114,1.35,0.014,12_18,3.2,0.027,0.319,0.003,0.114,1.364,0.014,0.0,0.0,0.0,0.0,0.0,0.0,0.021,0.253,0.003,0.056,0.677,0.007,0.004,0.046,0.0,0.106,1.272,0.013,0.075,0.907,0.009,0.004,0.045,0.0,8.0,0.067,0.797,0.008,0.285,3.409,0.036,0.0,0.0,0.0,0.0,0.0,0.0,0.052,0.634,0.007,0.141,1.692,0.018,0.01,0.115,0.001,0.266,3.18,0.033,0.188,2.267,0.024,0.01,0.112,0.001
1,643194,40,2019 rapidly,2,7.0,0.0,0.69,0.0,7.0,0.0,abahao:abaheo,TRADING:nan,False,2018-12-31,27.0,31_12_18,0.127,1.712,0.063,0.99,13.368,0.495,0.883,11.92,0.441,0.0,0.0,0.0,2.0,27.0,1.0,0.0,0.0,0.0,0.0,0.0,0.0,0.178,2.404,0.089,0.3,4.052,0.15,0.019,0.252,0.009,0.934,12.613,0.467,0.552,7.458,0.276,0.016,0.22,0.008,12_18,0.9,0.004,0.057,0.002,0.029,0.397,0.015,0.0,0.0,0.0,0.0,0.0,0.0,0.006,0.08,0.003,0.01,0.135,0.005,0.001,0.008,0.0,0.031,0.42,0.016,0.018,0.249,0.009,0.001,0.007,0.0,2.25,0.011,0.143,0.005,0.074,0.993,0.037,0.0,0.0,0.0,0.0,0.0,0.0,0.015,0.2,0.007,0.025,0.338,0.013,0.002,0.021,0.001,0.078,1.051,0.039,0.046,0.622,0.023,0.001,0.018,0.001
2,643197,43,31st,2,7.0,0.0,0.69,0.0,7.0,0.0,abahao:abaheo,TRADING:nan,False,2018-12-31,27.0,31_12_18,0.127,1.712,0.063,0.99,13.368,0.495,0.883,11.92,0.441,0.0,0.0,0.0,2.0,27.0,1.0,0.0,0.0,0.0,0.0,0.0,0.0,0.178,2.404,0.089,0.3,4.052,0.15,0.019,0.252,0.009,0.934,12.613,0.467,0.552,7.458,0.276,0.016,0.22,0.008,12_18,0.9,0.004,0.057,0.002,0.029,0.397,0.015,0.0,0.0,0.0,0.0,0.0,0.0,0.006,0.08,0.003,0.01,0.135,0.005,0.001,0.008,0.0,0.031,0.42,0.016,0.018,0.249,0.009,0.001,0.007,0.0,2.25,0.011,0.143,0.005,0.074,0.993,0.037,0.0,0.0,0.0,0.0,0.0,0.0,0.015,0.2,0.007,0.025,0.338,0.013,0.002,0.021,0.001,0.078,1.051,0.039,0.046,0.622,0.023,0.001,0.018,0.001
3,643195,41,31st market,2,7.0,0.0,0.69,0.0,7.0,0.0,abahao:abaheo,TRADING:nan,False,2018-12-31,27.0,31_12_18,0.127,1.712,0.063,0.99,13.368,0.495,0.883,11.92,0.441,0.0,0.0,0.0,2.0,27.0,1.0,0.0,0.0,0.0,0.0,0.0,0.0,0.178,2.404,0.089,0.3,4.052,0.15,0.019,0.252,0.009,0.934,12.613,0.467,0.552,7.458,0.276,0.016,0.22,0.008,12_18,0.9,0.004,0.057,0.002,0.029,0.397,0.015,0.0,0.0,0.0,0.0,0.0,0.0,0.006,0.08,0.003,0.01,0.135,0.005,0.001,0.008,0.0,0.031,0.42,0.016,0.018,0.249,0.009,0.001,0.007,0.0,2.25,0.011,0.143,0.005,0.074,0.993,0.037,0.0,0.0,0.0,0.0,0.0,0.0,0.015,0.2,0.007,0.025,0.338,0.013,0.002,0.021,0.001,0.078,1.051,0.039,0.046,0.622,0.023,0.001,0.018,0.001
4,643202,48,amp,2,2.0,0.0,0.83,2.0,2.0,0.0,abaq4f:aba9fh,nan:EXCHANGE,True,2018-12-31,24.0,31_12_18,0.278,3.361,0.139,0.882,10.616,0.441,0.84,10.023,0.42,0.0,0.0,0.0,2.0,24.0,1.0,0.0,0.0,0.0,0.0,0.0,0.0,0.209,2.437,0.104,0.554,6.505,0.277,0.032,0.385,0.016,0.519,6.178,0.26,0.654,8.113,0.327,0.031,0.382,0.016,12_18,0.8,0.009,0.112,0.005,0.028,0.334,0.014,0.0,0.0,0.0,0.0,0.0,0.0,0.007,0.081,0.003,0.018,0.217,0.009,0.001,0.013,0.001,0.017,0.206,0.009,0.022,0.27,0.011,0.001,0.013,0.001,2.0,0.023,0.28,0.012,0.07,0.835,0.035,0.0,0.0,0.0,0.0,0.0,0.0,0.017,0.203,0.009,0.046,0.542,0.023,0.003,0.032,0.001,0.043,0.515,0.022,0.054,0.676,0.027,0.003,0.032,0.001
5,643190,36,approaches,2,7.0,0.0,0.69,0.0,7.0,0.0,abahao:abaheo,TRADING:nan,True,2018-12-31,27.0,31_12_18,0.127,1.712,0.063,0.99,13.368,0.495,0.883,11.92,0.441,0.0,0.0,0.0,2.0,27.0,1.0,0.0,0.0,0.0,0.0,0.0,0.0,0.178,2.404,0.089,0.3,4.052,0.15,0.019,0.252,0.009,0.934,12.613,0.467,0.552,7.458,0.276,0.016,0.22,0.008,12_18,0.9,0.004,0.057,0.002,0.029,0.397,0.015,0.0,0.0,0.0,0.0,0.0,0.0,0.006,0.08,0.003,0.01,0.135,0.005,0.001,0.008,0.0,0.031,0.42,0.016,0.018,0.249,0.009,0.001,0.007,0.0,2.25,0.011,0.143,0.005,0.074,0.993,0.037,0.0,0.0,0.0,0.0,0.0,0.0,0.015,0.2,0.007,0.025,0.338,0.013,0.002,0.021,0.001,0.078,1.051,0.039,0.046,0.622,0.023,0.001,0.018,0.001
6,643180,26,approaches nan,2,7.0,0.0,0.69,0.0,7.0,0.0,abahao:abaheo,TRADING:nan,True,2018-12-31,27.0,31_12_18,0.127,1.712,0.063,0.99,13.368,0.495,0.883,11.92,0.441,0.0,0.0,0.0,2.0,27.0,1.0,0.0,0.0,0.0,0.0,0.0,0.0,0.178,2.404,0.089,0.3,4.052,0.15,0.019,0.252,0.009,0.934,12.613,0.467,0.552,7.458,0.276,0.016,0.22,0.008,12_18,0.9,0.004,0.057,0.002,0.029,0.397,0.015,0.0,0.0,0.0,0.0,0.0,0.0,0.006,0.08,0.003,0.01,0.135,0.005,0.001,0.008,0.0,0.031,0.42,0.016,0.018,0.249,0.009,0.001,0.007,0.0,2.25,0.011,0.143,0.005,0.074,0.993,0.037,0.0,0.0,0.0,0.0,0.0,0.0,0.015,0.2,0.007,0.025,0.338,0.013,0.002,0.021,0.001,0.078,1.051,0.039,0.046,0.622,0.023,0.001,0.018,0.001
7,643162,8,bitcoin,5,5.0,0.0,0.726,5.0,5.0,0.0,abcgod:abb404:abaq4f:ab9se0:abayl2,GENERAL-NEWS:METRICS:nan:GENERAL-NEWS:Support-Open,True,2018-12-31,60.0,31_12_18,0.639,7.665,0.128,2.303,27.723,0.461,2.058,24.612,0.412,0.0,0.0,0.0,5.0,60.0,1.0,0.0,0.0,0.0,0.0,0.0,0.0,0.428,5.07,0.086,1.299,15.46,0.26,0.075,0.903,0.015,2.171,26.222,0.434,0.964,11.585,0.193,0.063,0.759,0.013,12_18,2.0,0.021,0.255,0.004,0.069,0.82,0.014,0.0,0.0,0.0,0.0,0.0,0.0,0.014,0.169,0.003,0.043,0.515,0.009,0.003,0.03,0.001,0.072,0.874,0.014,0.032,0.386,0.006,0.002,0.025,0.0,5.0,0.053,0.639,0.011,0.172,2.051,0.034,0.0,0.0,0.0,0.0,0.0,0.0,0.036,0.423,0.007,0.108,1.288,0.022,0.006,0.075,0.001,0.181,2.185,0.036,0.08,0.965,0.016,0.005,0.063,0.001
8,643177,23,blockchain,3,3.0,0.0,0.777,0.0,3.0,0.0,abb2hi:abaq4f:abamxt,GENERAL-NEWS:nan:nan,True,2018-12-31,33.0,31_12_18,0.377,4.113,0.126,1.322,14.569,0.441,1.301,14.318,0.434,0.0,0.0,0.0,3.0,33.0,1.0,0.0,0.0,0.0,0.0,0.0,0.0,0.301,3.369,0.1,0.711,7.943,0.237,0.048,0.545,0.016,1.253,13.646,0.418,0.647,7.049,0.216,0.04,0.448,0.013,12_18,1.1,0.013,0.137,0.004,0.043,0.477,0.014,0.0,0.0,0.0,0.0,0.0,0.0,0.01,0.112,0.003,0.024,0.265,0.008,0.002,0.018,0.001,0.042,0.455,0.014,0.022,0.235,0.007,0.001,0.015,0.0,2.75,0.031,0.343,0.01,0.108,1.193,0.036,0.0,0.0,0.0,0.0,0.0,0.0,0.025,0.281,0.008,0.059,0.662,0.02,0.004,0.045,0.001,0.104,1.137,0.035,0.054,0.587,0.018,0.003,0.037,0.001
9,643198,44,create,2,5.0,0.0,0.79,1.0,5.0,0.0,abaw69:abayl2,FINANCE:Support-Open,True,2018-12-31,26.0,31_12_18,0.254,3.305,0.127,1.024,13.312,0.512,0.722,9.383,0.361,0.0,0.0,0.0,2.0,26.0,1.0,0.0,0.0,0.0,0.0,0.0,0.0,0.145,1.882,0.072,0.454,5.902,0.227,0.037,0.476,0.018,0.914,11.876,0.457,0.426,5.537,0.213,0.025,0.326,0.013,12_18,0.867,0.008,0.11,0.004,0.024,0.313,0.012,0.0,0.0,0.0,0.0,0.0,0.0,0.005,0.063,0.002,0.015,0.197,0.008,0.001,0.016,0.001,0.03,0.396,0.015,0.014,0.185,0.007,0.001,0.011,0.0,2.167,0.021,0.275,0.011,0.06,0.782,0.03,0.0,0.0,0.0,0.0,0.0,0.0,0.012,0.157,0.006,0.038,0.492,0.019,0.003,0.04,0.002,0.076,0.99,0.038,0.035,0.461,0.018,0.002,0.027,0.001
10,643155,1,crypto,8,18.0,0.0,0.742,5.0,18.0,0.0,abahao:abaq4f:aba6js:abagd7:ab9se0:abaf38:abaheo:abc7tl,TRADING:nan:GENERAL-NEWS:FINANCE:GENERAL-NEWS:GENERAL-NEWS:nan:nan,True,2018-12-31,103.0,31_12_18,0.843,10.771,0.105,3.855,49.891,0.482,3.302,42.338,0.413,0.0,0.0,0.0,8.0,103.0,1.0,0.0,0.0,0.0,0.0,0.0,0.0,0.75,9.541,0.094,1.828,22.848,0.229,0.115,1.472,0.014,3.1,40.973,0.388,2.11,26.961,0.264,0.095,1.204,0.012,12_18,3.433,0.028,0.359,0.004,0.11,1.411,0.014,0.0,0.0,0.0,0.0,0.0,0.0,0.025,0.318,0.003,0.061,0.762,0.008,0.004,0.049,0.0,0.103,1.366,0.013,0.07,0.899,0.009,0.003,0.04,0.0,8.583,0.07,0.898,0.009,0.275,3.528,0.034,0.0,0.0,0.0,0.0,0.0,0.0,0.063,0.795,0.008,0.152,1.904,0.019,0.01,0.123,0.001,0.258,3.414,0.032,0.176,2.247,0.022,0.008,0.1,0.001
11,643188,34,crypto markets,2,7.0,0.0,0.69,0.0,7.0,0.0,abahao:abaheo,TRADING:nan,True,2018-12-31,27.0,31_12_18,0.127,1.712,0.063,0.99,13.368,0.495,0.883,11.92,0.441,0.0,0.0,0.0,2.0,27.0,1.0,0.0,0.0,0.0,0.0,0.0,0.0,0.178,2.404,0.089,0.3,4.052,0.15,0.019,0.252,0.009,0.934,12.613,0.467,0.552,7.458,0.276,0.016,0.22,0.008,12_18,0.9,0.004,0.057,0.002,0.029,0.397,0.015,0.0,0.0,0.0,0.0,0.0,0.0,0.006,0.08,0.003,0.01,0.135,0.005,0.001,0.008,0.0,0.031,0.42,0.016,0.018,0.249,0.009,0.001,0.007,0.0,2.25,0.011,0.143,0.005,0.074,0.993,0.037,0.0,0.0,0.0,0.0,0.0,0.0,0.015,0.2,0.007,0.025,0.338,0.013,0.002,0.021,0.001,0.078,1.051,0.039,0.046,0.622,0.023,0.001,0.018,0.001
12,643201,47,dapp,2,4.0,0.0,1.0,0.0,4.0,0.0,ab9vf2:aba8ui,GENERAL-NEWS:nan,True,2018-12-31,24.0,31_12_18,0.223,2.67,0.111,0.892,10.704,0.446,0.885,10.625,0.443,0.0,0.0,0.0,2.0,24.0,1.0,0.0,0.0,0.0,0.0,0.0,0.0,0.111,1.33,0.055,0.193,2.319,0.097,0.024,0.288,0.012,1.171,14.048,0.585,0.482,5.787,0.241,0.019,0.227,0.009,12_18,0.8,0.007,0.089,0.004,0.03,0.354,0.015,0.0,0.0,0.0,0.0,0.0,0.0,0.004,0.044,0.002,0.006,0.077,0.003,0.001,0.01,0.0,0.039,0.468,0.02,0.016,0.193,0.008,0.001,0.008,0.0,2.0,0.019,0.223,0.009,0.074,0.885,0.037,0.0,0.0,0.0,0.0,0.0,0.0,0.009,0.111,0.005,0.016,0.193,0.008,0.002,0.024,0.001,0.098,1.171,0.049,0.04,0.482,0.02,0.002,0.019,0.001
13,643204,50,dapp nan,2,4.0,0.0,1.0,0.0,4.0,0.0,ab9vf2:aba8ui,GENERAL-NEWS:nan,True,2018-12-31,24.0,31_12_18,0.223,2.67,0.111,0.892,10.704,0.446,0.885,10.625,0.443,0.0,0.0,0.0,2.0,24.0,1.0,0.0,0.0,0.0,0.0,0.0,0.0,0.111,1.33,0.055,0.193,2.319,0.097,0.024,0.288,0.012,1.171,14.048,0.585,0.482,5.787,0.241,0.019,0.227,0.009,12_18,0.8,0.007,0.089,0.004,0.03,0.354,0.015,0.0,0.0,0.0,0.0,0.0,0.0,0.004,0.044,0.002,0.006,0.077,0.003,0.001,0.01,0.0,0.039,0.468,0.02,0.016,0.193,0.008,0.001,0.008,0.0,2.0,0.019,0.223,0.009,0.074,0.885,0.037,0.0,0.0,0.0,0.0,0.0,0.0,0.009,0.111,0.005,0.016,0.193,0.008,0.002,0.024,0.001,0.098,1.171,0.049,0.04,0.482,0.02,0.002,0.019,0.001
14,643187,33,december,2,7.0,0.0,0.69,0.0,7.0,0.0,abahao:abaheo,TRADING:nan,True,2018-12-31,27.0,31_12_18,0.127,1.712,0.063,0.99,13.368,0.495,0.883,11.92,0.441,0.0,0.0,0.0,2.0,27.0,1.0,0.0,0.0,0.0,0.0,0.0,0.0,0.178,2.404,0.089,0.3,4.052,0.15,0.019,0.252,0.009,0.934,12.613,0.467,0.552,7.458,0.276,0.016,0.22,0.008,12_18,0.9,0.004,0.057,0.002,0.029,0.397,0.015,0.0,0.0,0.0,0.0,0.0,0.0,0.006,0.08,0.003,0.01,0.135,0.005,0.001,0.008,0.0,0.031,0.42,0.016,0.018,0.249,0.009,0.001,0.007,0.0,2.25,0.011,0.143,0.005,0.074,0.993,0.037,0.0,0.0,0.0,0.0,0.0,0.0,0.015,0.2,0.007,0.025,0.338,0.013,0.002,0.021,0.001,0.078,1.051,0.039,0.046,0.622,0.023,0.001,0.018,0.001
15,643186,32,december 31st,2,7.0,0.0,0.69,0.0,7.0,0.0,abahao:abaheo,TRADING:nan,True,2018-12-31,27.0,31_12_18,0.127,1.712,0.063,0.99,13.368,0.495,0.883,11.92,0.441,0.0,0.0,0.0,2.0,27.0,1.0,0.0,0.0,0.0,0.0,0.0,0.0,0.178,2.404,0.089,0.3,4.052,0.15,0.019,0.252,0.009,0.934,12.613,0.467,0.552,7.458,0.276,0.016,0.22,0.008,12_18,0.9,0.004,0.057,0.002,0.029,0.397,0.015,0.0,0.0,0.0,0.0,0.0,0.0,0.006,0.08,0.003,0.01,0.135,0.005,0.001,0.008,0.0,0.031,0.42,0.016,0.018,0.249,0.009,0.001,0.007,0.0,2.25,0.011,0.143,0.005,0.074,0.993,0.037,0.0,0.0,0.0,0.0,0.0,0.0,0.015,0.2,0.007,0.025,0.338,0.013,0.002,0.021,0.001,0.078,1.051,0.039,0.046,0.622,0.023,0.001,0.018,0.001
16,643199,45,developer,2,3.0,0.0,0.83,2.0,3.0,0.0,abb2hi:aba9fh,GENERAL-NEWS:EXCHANGE,True,2018-12-31,25.0,31_12_18,0.259,3.255,0.129,0.918,11.468,0.459,0.824,10.277,0.412,0.0,0.0,0.0,2.0,25.0,1.0,0.0,0.0,0.0,0.0,0.0,0.0,0.183,2.267,0.092,0.445,5.54,0.222,0.037,0.463,0.019,0.649,8.021,0.324,0.651,8.274,0.326,0.035,0.435,0.017,12_18,0.833,0.009,0.109,0.004,0.027,0.343,0.014,0.0,0.0,0.0,0.0,0.0,0.0,0.006,0.076,0.003,0.015,0.185,0.007,0.001,0.015,0.001,0.022,0.267,0.011,0.022,0.276,0.011,0.001,0.015,0.001,2.083,0.022,0.271,0.011,0.069,0.856,0.034,0.0,0.0,0.0,0.0,0.0,0.0,0.015,0.189,0.008,0.037,0.462,0.019,0.003,0.039,0.002,0.054,0.668,0.027,0.054,0.689,0.027,0.003,0.036,0.001
17,643173,19,don,2,3.0,0.0,0.8,12.0,3.0,0.0,abates:abayl2,TRADING:Support-Open,True,2018-12-31,35.0,31_12_18,0.241,4.154,0.12,0.93,15.862,0.465,0.829,14.984,0.414,0.0,0.0,0.0,2.0,35.0,1.0,0.0,0.0,0.0,0.0,0.0,0.0,0.114,1.867,0.057,0.294,4.415,0.147,0.022,0.317,0.011,1.275,23.929,0.637,0.28,4.24,0.14,0.016,0.231,0.008,12_18,1.167,0.008,0.138,0.004,0.028,0.499,0.014,0.0,0.0,0.0,0.0,0.0,0.0,0.004,0.062,0.002,0.01,0.147,0.005,0.001,0.011,0.0,0.042,0.798,0.021,0.009,0.141,0.005,0.001,0.008,0.0,2.917,0.02,0.346,0.01,0.069,1.249,0.035,0.0,0.0,0.0,0.0,0.0,0.0,0.01,0.156,0.005,0.024,0.368,0.012,0.002,0.026,0.001,0.106,1.994,0.053,0.023,0.353,0.012,0.001,0.019,0.001
18,643207,53,end,2,4.0,0.0,1.0,0.0,4.0,0.0,ab9vf2:aba8ui,GENERAL-NEWS:nan,True,2018-12-31,24.0,31_12_18,0.223,2.67,0.111,0.892,10.704,0.446,0.885,10.625,0.443,0.0,0.0,0.0,2.0,24.0,1.0,0.0,0.0,0.0,0.0,0.0,0.0,0.111,1.33,0.055,0.193,2.319,0.097,0.024,0.288,0.012,1.171,14.048,0.585,0.482,5.787,0.241,0.019,0.227,0.009,12_18,0.8,0.007,0.089,0.004,0.03,0.354,0.015,0.0,0.0,0.0,0.0,0.0,0.0,0.004,0.044,0.002,0.006,0.077,0.003,0.001,0.01,0.0,0.039,0.468,0.02,0.016,0.193,0.008,0.001,0.008,0.0,2.0,0.019,0.223,0.009,0.074,0.885,0.037,0.0,0.0,0.0,0.0,0.0,0.0,0.009,0.111,0.005,0.016,0.193,0.008,0.002,0.024,0.001,0.098,1.171,0.049,0.04,0.482,0.02,0.002,0.019,0.001
19,643208,54,end year,2,4.0,0.0,1.0,0.0,4.0,0.0,ab9vf2:aba8ui,GENERAL-NEWS:nan,True,2018-12-31,24.0,31_12_18,0.223,2.67,0.111,0.892,10.704,0.446,0.885,10.625,0.443,0.0,0.0,0.0,2.0,24.0,1.0,0.0,0.0,0.0,0.0,0.0,0.0,0.111,1.33,0.055,0.193,2.319,0.097,0.024,0.288,0.012,1.171,14.048,0.585,0.482,5.787,0.241,0.019,0.227,0.009,12_18,0.8,0.007,0.089,0.004,0.03,0.354,0.015,0.0,0.0,0.0,0.0,0.0,0.0,0.004,0.044,0.002,0.006,0.077,0.003,0.001,0.01,0.0,0.039,0.468,0.02,0.016,0.193,0.008,0.001,0.008,0.0,2.0,0.019,0.223,0.009,0.074,0.885,0.037,0.0,0.0,0.0,0.0,0.0,0.0,0.009,0.111,0.005,0.016,0.193,0.008,0.002,0.024,0.001,0.098,1.171,0.049,0.04,0.482,0.02,0.002,0.019,0.001
20,643184,30,fail,2,7.0,0.0,0.69,0.0,7.0,0.0,abahao:abaheo,TRADING:nan,True,2018-12-31,27.0,31_12_18,0.127,1.712,0.063,0.99,13.368,0.495,0.883,11.92,0.441,0.0,0.0,0.0,2.0,27.0,1.0,0.0,0.0,0.0,0.0,0.0,0.0,0.178,2.404,0.089,0.3,4.052,0.15,0.019,0.252,0.009,0.934,12.613,0.467,0.552,7.458,0.276,0.016,0.22,0.008,12_18,0.9,0.004,0.057,0.002,0.029,0.397,0.015,0.0,0.0,0.0,0.0,0.0,0.0,0.006,0.08,0.003,0.01,0.135,0.005,0.001,0.008,0.0,0.031,0.42,0.016,0.018,0.249,0.009,0.001,0.007,0.0,2.25,0.011,0.143,0.005,0.074,0.993,0.037,0.0,0.0,0.0,0.0,0.0,0.0,0.015,0.2,0.007,0.025,0.338,0.013,0.002,0.021,0.001,0.078,1.051,0.039,0.046,0.622,0.023,0.001,0.018,0.001
21,643183,29,fail rally,2,7.0,0.0,0.69,0.0,7.0,0.0,abahao:abaheo,TRADING:nan,False,2018-12-31,27.0,31_12_18,0.127,1.712,0.063,0.99,13.368,0.495,0.883,11.92,0.441,0.0,0.0,0.0,2.0,27.0,1.0,0.0,0.0,0.0,0.0,0.0,0.0,0.178,2.404,0.089,0.3,4.052,0.15,0.019,0.252,0.009,0.934,12.613,0.467,0.552,7.458,0.276,0.016,0.22,0.008,12_18,0.9,0.004,0.057,0.002,0.029,0.397,0.015,0.0,0.0,0.0,0.0,0.0,0.0,0.006,0.08,0.003,0.01,0.135,0.005,0.001,0.008,0.0,0.031,0.42,0.016,0.018,0.249,0.009,0.001,0.007,0.0,2.25,0.011,0.143,0.005,0.074,0.993,0.037,0.0,0.0,0.0,0.0,0.0,0.0,0.015,0.2,0.007,0.025,0.338,0.013,0.002,0.021,0.001,0.078,1.051,0.039,0.046,0.622,0.023,0.001,0.018,0.001
22,643166,12,happy,4,5.0,0.0,0.832,2.0,5.0,0.0,abcl8f:abamxt:abc7tl:abayl2,GENERAL-NEWS:nan:nan:Support-Open,False,2018-12-31,47.0,31_12_18,0.49,5.777,0.122,1.913,22.618,0.478,1.597,18.605,0.399,0.0,0.0,0.0,4.0,47.0,1.0,0.0,0.0,0.0,0.0,0.0,0.0,0.237,2.814,0.059,0.774,9.275,0.193,0.054,0.654,0.014,1.437,16.599,0.359,1.438,16.942,0.359,0.06,0.716,0.015,12_18,1.567,0.016,0.193,0.004,0.053,0.62,0.013,0.0,0.0,0.0,0.0,0.0,0.0,0.008,0.094,0.002,0.026,0.309,0.006,0.002,0.022,0.0,0.048,0.553,0.012,0.048,0.565,0.012,0.002,0.024,0.001,3.917,0.041,0.481,0.01,0.133,1.55,0.033,0.0,0.0,0.0,0.0,0.0,0.0,0.02,0.235,0.005,0.064,0.773,0.016,0.005,0.054,0.001,0.12,1.383,0.03,0.12,1.412,0.03,0.005,0.06,0.001
23,643169,15,happy new,3,5.0,0.0,1.0,2.0,5.0,0.0,abcl8f:abc7tl:abayl2,GENERAL-NEWS:nan:Support-Open,True,2018-12-31,37.0,31_12_18,0.351,4.39,0.117,1.476,18.243,0.492,1.173,14.367,0.391,0.0,0.0,0.0,3.0,37.0,1.0,0.0,0.0,0.0,0.0,0.0,0.0,0.187,2.311,0.062,0.656,8.1,0.219,0.046,0.576,0.015,0.885,11.074,0.295,1.176,14.327,0.392,0.05,0.613,0.017,12_18,1.233,0.012,0.146,0.004,0.039,0.479,0.013,0.0,0.0,0.0,0.0,0.0,0.0,0.006,0.077,0.002,0.022,0.27,0.007,0.002,0.019,0.001,0.029,0.369,0.01,0.039,0.478,0.013,0.002,0.02,0.001,3.083,0.029,0.366,0.01,0.098,1.197,0.033,0.0,0.0,0.0,0.0,0.0,0.0,0.016,0.193,0.005,0.055,0.675,0.018,0.004,0.048,0.001,0.074,0.923,0.025,0.098,1.194,0.033,0.004,0.051,0.001
24,643185,31,investors,2,5.0,0.0,0.705,2.0,5.0,0.0,abagd7:abciq3,FINANCE:nan,True,2018-12-31,27.0,31_12_18,0.256,3.451,0.128,0.937,12.776,0.468,0.808,10.773,0.404,0.0,0.0,0.0,2.0,27.0,1.0,0.0,0.0,0.0,0.0,0.0,0.0,0.21,2.741,0.105,0.579,7.623,0.289,0.036,0.487,0.018,0.742,10.276,0.371,0.407,5.525,0.204,0.026,0.347,0.013,12_18,0.9,0.009,0.115,0.004,0.027,0.359,0.013,0.0,0.0,0.0,0.0,0.0,0.0,0.007,0.091,0.004,0.019,0.254,0.01,0.001,0.016,0.001,0.025,0.343,0.012,0.014,0.184,0.007,0.001,0.012,0.0,2.25,0.021,0.288,0.011,0.067,0.898,0.034,0.0,0.0,0.0,0.0,0.0,0.0,0.018,0.228,0.009,0.048,0.635,0.024,0.003,0.041,0.001,0.062,0.856,0.031,0.034,0.46,0.017,0.002,0.029,0.001
25,643156,2,just,4,6.0,0.0,0.6,50.0,6.0,0.0,abb404:ab9ryo:aba9fh:abates,METRICS:nan:EXCHANGE:TRADING,False,2018-12-31,96.0,31_12_18,0.49,10.424,0.123,1.784,43.46,0.446,1.726,42.116,0.432,0.0,0.0,0.0,4.0,96.0,1.0,0.0,0.0,0.0,0.0,0.0,0.0,0.22,5.246,0.055,0.602,16.025,0.15,0.04,1.053,0.01,1.818,38.145,0.455,1.27,34.184,0.317,0.05,1.347,0.013,12_18,3.2,0.016,0.347,0.004,0.058,1.404,0.014,0.0,0.0,0.0,0.0,0.0,0.0,0.007,0.175,0.002,0.02,0.534,0.005,0.001,0.035,0.0,0.061,1.272,0.015,0.042,1.139,0.011,0.002,0.045,0.0,8.0,0.041,0.869,0.01,0.144,3.51,0.036,0.0,0.0,0.0,0.0,0.0,0.0,0.018,0.437,0.005,0.05,1.335,0.013,0.003,0.088,0.001,0.152,3.179,0.038,0.106,2.849,0.026,0.004,0.112,0.001
26,643159,5,know,2,6.0,0.0,0.835,36.0,6.0,0.0,ab9ryo:abayl2,nan:Support-Open,False,2018-12-31,62.0,31_12_18,0.215,5.963,0.108,0.983,29.716,0.491,0.802,26.32,0.401,0.0,0.0,0.0,2.0,62.0,1.0,0.0,0.0,0.0,0.0,0.0,0.0,0.129,3.738,0.065,0.442,13.462,0.221,0.032,0.928,0.016,0.671,16.423,0.335,0.695,26.366,0.347,0.031,1.082,0.016,12_18,2.067,0.007,0.199,0.004,0.027,0.877,0.013,0.0,0.0,0.0,0.0,0.0,0.0,0.004,0.125,0.002,0.015,0.449,0.007,0.001,0.031,0.001,0.022,0.547,0.011,0.023,0.879,0.012,0.001,0.036,0.001,5.167,0.018,0.497,0.009,0.067,2.193,0.033,0.0,0.0,0.0,0.0,0.0,0.0,0.011,0.312,0.005,0.037,1.122,0.018,0.003,0.077,0.001,0.056,1.369,0.028,0.058,2.197,0.029,0.003,0.09,0.001
27,643170,16,like,2,2.0,0.0,0.63,13.0,2.0,0.0,aba9fh:abates,EXCHANGE:TRADING,False,2018-12-31,35.0,31_12_18,0.263,4.448,0.132,0.876,15.151,0.438,0.861,15.402,0.43,0.0,0.0,0.0,2.0,35.0,1.0,0.0,0.0,0.0,0.0,0.0,0.0,0.113,1.845,0.056,0.269,4.102,0.135,0.018,0.27,0.009,1.052,21.03,0.526,0.527,7.448,0.263,0.021,0.304,0.011,12_18,1.167,0.009,0.148,0.004,0.029,0.513,0.014,0.0,0.0,0.0,0.0,0.0,0.0,0.004,0.062,0.002,0.009,0.137,0.004,0.001,0.009,0.0,0.035,0.701,0.018,0.018,0.248,0.009,0.001,0.01,0.0,2.917,0.022,0.371,0.011,0.072,1.283,0.036,0.0,0.0,0.0,0.0,0.0,0.0,0.009,0.154,0.005,0.022,0.342,0.011,0.002,0.022,0.001,0.088,1.752,0.044,0.044,0.621,0.022,0.002,0.025,0.001
28,643176,22,looking,2,2.0,0.0,0.8,12.0,2.0,0.0,abates:abaixi,TRADING:nan,False,2018-12-31,34.0,31_12_18,0.224,3.831,0.112,0.868,14.606,0.434,0.907,15.563,0.454,0.0,0.0,0.0,2.0,34.0,1.0,0.0,0.0,0.0,0.0,0.0,0.0,0.113,1.775,0.056,0.269,3.899,0.135,0.018,0.255,0.009,1.052,20.796,0.526,0.527,6.989,0.263,0.021,0.286,0.011,12_18,1.133,0.007,0.128,0.004,0.03,0.519,0.015,0.0,0.0,0.0,0.0,0.0,0.0,0.004,0.059,0.002,0.009,0.13,0.004,0.001,0.009,0.0,0.035,0.693,0.018,0.018,0.233,0.009,0.001,0.01,0.0,2.833,0.019,0.319,0.009,0.076,1.297,0.038,0.0,0.0,0.0,0.0,0.0,0.0,0.009,0.148,0.005,0.022,0.325,0.011,0.002,0.021,0.001,0.088,1.733,0.044,0.044,0.582,0.022,0.002,0.024,0.001
29,643163,9,market,4,11.0,0.0,0.628,0.0,11.0,0.0,abahao:abb37r:abaw69:abaheo,TRADING:GENERAL-NEWS:FINANCE:nan,True,2018-12-31,51.0,31_12_18,0.326,4.154,0.081,1.962,25.079,0.49,1.713,21.767,0.428,0.0,0.0,0.0,4.0,51.0,1.0,0.0,0.0,0.0,0.0,0.0,0.0,0.37,4.663,0.093,0.773,9.704,0.193,0.067,0.822,0.017,1.788,22.919,0.447,0.95,12.26,0.238,0.052,0.633,0.013,12_18,1.7,0.011,0.138,0.003,0.057,0.726,0.014,0.0,0.0,0.0,0.0,0.0,0.0,0.012,0.155,0.003,0.026,0.323,0.006,0.002,0.027,0.001,0.06,0.764,0.015,0.032,0.409,0.008,0.002,0.021,0.0,4.25,0.027,0.346,0.007,0.143,1.814,0.036,0.0,0.0,0.0,0.0,0.0,0.0,0.031,0.389,0.008,0.064,0.809,0.016,0.006,0.068,0.001,0.149,1.91,0.037,0.079,1.022,0.02,0.004,0.053,0.001
30,643193,39,market update,2,7.0,0.0,0.69,0.0,7.0,0.0,abahao:abaheo,TRADING:nan,True,2018-12-31,27.0,31_12_18,0.127,1.712,0.063,0.99,13.368,0.495,0.883,11.92,0.441,0.0,0.0,0.0,2.0,27.0,1.0,0.0,0.0,0.0,0.0,0.0,0.0,0.178,2.404,0.089,0.3,4.052,0.15,0.019,0.252,0.009,0.934,12.613,0.467,0.552,7.458,0.276,0.016,0.22,0.008,12_18,0.9,0.004,0.057,0.002,0.029,0.397,0.015,0.0,0.0,0.0,0.0,0.0,0.0,0.006,0.08,0.003,0.01,0.135,0.005,0.001,0.008,0.0,0.031,0.42,0.016,0.018,0.249,0.009,0.001,0.007,0.0,2.25,0.011,0.143,0.005,0.074,0.993,0.037,0.0,0.0,0.0,0.0,0.0,0.0,0.015,0.2,0.007,0.025,0.338,0.013,0.002,0.021,0.001,0.078,1.051,0.039,0.046,0.622,0.023,0.001,0.018,0.001
31,643167,13,markets,3,8.0,0.0,0.793,0.0,8.0,0.0,abahao:abaheo:abc7tl,TRADING:nan:nan,True,2018-12-31,38.0,31_12_18,0.215,2.68,0.072,1.461,18.545,0.487,1.324,16.776,0.441,0.0,0.0,0.0,3.0,38.0,1.0,0.0,0.0,0.0,0.0,0.0,0.0,0.235,3.032,0.078,0.515,6.412,0.172,0.033,0.407,0.011,1.148,14.967,0.383,1.034,12.756,0.345,0.035,0.426,0.012,12_18,1.267,0.007,0.089,0.002,0.044,0.559,0.015,0.0,0.0,0.0,0.0,0.0,0.0,0.008,0.101,0.003,0.017,0.214,0.006,0.001,0.014,0.0,0.038,0.499,0.013,0.034,0.425,0.011,0.001,0.014,0.0,3.167,0.018,0.223,0.006,0.11,1.398,0.037,0.0,0.0,0.0,0.0,0.0,0.0,0.02,0.253,0.007,0.043,0.534,0.014,0.003,0.034,0.001,0.096,1.247,0.032,0.086,1.063,0.029,0.003,0.036,0.001
32,643196,42,markets fail,2,7.0,0.0,0.69,0.0,7.0,0.0,abahao:abaheo,TRADING:nan,True,2018-12-31,27.0,31_12_18,0.127,1.712,0.063,0.99,13.368,0.495,0.883,11.92,0.441,0.0,0.0,0.0,2.0,27.0,1.0,0.0,0.0,0.0,0.0,0.0,0.0,0.178,2.404,0.089,0.3,4.052,0.15,0.019,0.252,0.009,0.934,12.613,0.467,0.552,7.458,0.276,0.016,0.22,0.008,12_18,0.9,0.004,0.057,0.002,0.029,0.397,0.015,0.0,0.0,0.0,0.0,0.0,0.0,0.006,0.08,0.003,0.01,0.135,0.005,0.001,0.008,0.0,0.031,0.42,0.016,0.018,0.249,0.009,0.001,0.007,0.0,2.25,0.011,0.143,0.005,0.074,0.993,0.037,0.0,0.0,0.0,0.0,0.0,0.0,0.015,0.2,0.007,0.025,0.338,0.013,0.002,0.021,0.001,0.078,1.051,0.039,0.046,0.622,0.023,0.001,0.018,0.001
33,643210,56,million,2,3.0,0.0,0.655,1.0,3.0,0.0,ab9se0:abciq3,GENERAL-NEWS:nan,False,2018-12-31,24.0,31_12_18,0.257,3.088,0.129,0.849,10.192,0.425,0.893,10.72,0.447,0.0,0.0,0.0,2.0,24.0,1.0,0.0,0.0,0.0,0.0,0.0,0.0,0.276,3.311,0.138,0.703,8.436,0.351,0.035,0.425,0.018,0.571,6.849,0.285,0.388,4.661,0.194,0.027,0.318,0.013,12_18,0.8,0.009,0.103,0.004,0.03,0.357,0.015,0.0,0.0,0.0,0.0,0.0,0.0,0.009,0.11,0.005,0.023,0.281,0.012,0.001,0.014,0.001,0.019,0.228,0.01,0.013,0.155,0.006,0.001,0.011,0.0,2.0,0.021,0.257,0.011,0.074,0.893,0.037,0.0,0.0,0.0,0.0,0.0,0.0,0.023,0.276,0.011,0.059,0.703,0.029,0.003,0.035,0.001,0.048,0.571,0.024,0.032,0.388,0.016,0.002,0.027,0.001
34,643165,11,new,4,5.0,0.0,0.832,2.0,5.0,0.0,abcl8f:abamxt:abc7tl:abayl2,GENERAL-NEWS:nan:nan:Support-Open,False,2018-12-31,47.0,31_12_18,0.49,5.777,0.122,1.913,22.618,0.478,1.597,18.605,0.399,0.0,0.0,0.0,4.0,47.0,1.0,0.0,0.0,0.0,0.0,0.0,0.0,0.237,2.814,0.059,0.774,9.275,0.193,0.054,0.654,0.014,1.437,16.599,0.359,1.438,16.942,0.359,0.06,0.716,0.015,12_18,1.567,0.016,0.193,0.004,0.053,0.62,0.013,0.0,0.0,0.0,0.0,0.0,0.0,0.008,0.094,0.002,0.026,0.309,0.006,0.002,0.022,0.0,0.048,0.553,0.012,0.048,0.565,0.012,0.002,0.024,0.001,3.917,0.041,0.481,0.01,0.133,1.55,0.033,0.0,0.0,0.0,0.0,0.0,0.0,0.02,0.235,0.005,0.064,0.773,0.016,0.005,0.054,0.001,0.12,1.383,0.03,0.12,1.412,0.03,0.005,0.06,0.001
35,643175,21,new year,3,3.0,0.0,0.777,1.0,3.0,0.0,abamxt:abc7tl:abayl2,nan:nan:Support-Open,False,2018-12-31,34.0,31_12_18,0.354,4.008,0.118,1.42,16.207,0.473,1.226,13.785,0.409,0.0,0.0,0.0,3.0,34.0,1.0,0.0,0.0,0.0,0.0,0.0,0.0,0.18,2.072,0.06,0.559,6.486,0.186,0.04,0.471,0.013,1.223,13.817,0.408,0.956,10.681,0.319,0.042,0.472,0.014,12_18,1.133,0.012,0.134,0.004,0.041,0.459,0.014,0.0,0.0,0.0,0.0,0.0,0.0,0.006,0.069,0.002,0.019,0.216,0.006,0.001,0.016,0.0,0.041,0.461,0.014,0.032,0.356,0.011,0.001,0.016,0.0,2.833,0.029,0.334,0.01,0.102,1.149,0.034,0.0,0.0,0.0,0.0,0.0,0.0,0.015,0.173,0.005,0.047,0.541,0.016,0.003,0.039,0.001,0.102,1.151,0.034,0.08,0.89,0.027,0.003,0.039,0.001
36,643203,49,pay,2,4.0,0.0,0.625,0.0,4.0,0.0,abaw69:abaedm,FINANCE:SCALABILITY,True,2018-12-31,24.0,31_12_18,0.255,3.064,0.128,0.999,12.016,0.5,0.745,8.92,0.373,0.0,0.0,0.0,2.0,24.0,1.0,0.0,0.0,0.0,0.0,0.0,0.0,0.154,1.841,0.077,0.443,5.33,0.222,0.032,0.393,0.016,0.882,10.614,0.441,0.456,5.439,0.228,0.033,0.383,0.016,12_18,0.8,0.009,0.102,0.004,0.025,0.297,0.012,0.0,0.0,0.0,0.0,0.0,0.0,0.005,0.061,0.003,0.015,0.178,0.007,0.001,0.013,0.001,0.029,0.354,0.015,0.015,0.181,0.008,0.001,0.013,0.001,2.0,0.021,0.255,0.011,0.062,0.743,0.031,0.0,0.0,0.0,0.0,0.0,0.0,0.013,0.153,0.006,0.037,0.444,0.018,0.003,0.033,0.001,0.073,0.884,0.037,0.038,0.453,0.019,0.003,0.032,0.001
37,643161,7,people,2,4.0,0.0,0.57,37.0,4.0,0.0,abb404:ab9ryo,METRICS:nan,True,2018-12-31,61.0,31_12_18,0.227,5.976,0.113,0.908,28.31,0.454,0.865,26.714,0.433,0.0,0.0,0.0,2.0,61.0,1.0,0.0,0.0,0.0,0.0,0.0,0.0,0.107,3.401,0.054,0.332,11.922,0.166,0.022,0.783,0.011,0.767,17.116,0.383,0.743,26.736,0.372,0.029,1.042,0.015,12_18,2.033,0.008,0.199,0.004,0.029,0.89,0.014,0.0,0.0,0.0,0.0,0.0,0.0,0.004,0.113,0.002,0.011,0.397,0.006,0.001,0.026,0.0,0.026,0.571,0.013,0.025,0.891,0.012,0.001,0.035,0.0,5.083,0.019,0.498,0.009,0.072,2.226,0.036,0.0,0.0,0.0,0.0,0.0,0.0,0.009,0.283,0.004,0.028,0.994,0.014,0.002,0.065,0.001,0.064,1.426,0.032,0.062,2.228,0.031,0.002,0.087,0.001
38,643213,59,qtum,2,4.0,0.0,1.0,0.0,4.0,0.0,ab9vf2:aba8ui,GENERAL-NEWS:nan,True,2018-12-31,24.0,31_12_18,0.223,2.67,0.111,0.892,10.704,0.446,0.885,10.625,0.443,0.0,0.0,0.0,2.0,24.0,1.0,0.0,0.0,0.0,0.0,0.0,0.0,0.111,1.33,0.055,0.193,2.319,0.097,0.024,0.288,0.012,1.171,14.048,0.585,0.482,5.787,0.241,0.019,0.227,0.009,12_18,0.8,0.007,0.089,0.004,0.03,0.354,0.015,0.0,0.0,0.0,0.0,0.0,0.0,0.004,0.044,0.002,0.006,0.077,0.003,0.001,0.01,0.0,0.039,0.468,0.02,0.016,0.193,0.008,0.001,0.008,0.0,2.0,0.019,0.223,0.009,0.074,0.885,0.037,0.0,0.0,0.0,0.0,0.0,0.0,0.009,0.111,0.005,0.016,0.193,0.008,0.002,0.024,0.001,0.098,1.171,0.049,0.04,0.482,0.02,0.002,0.019,0.001
39,643214,60,qtum dapp,2,4.0,0.0,1.0,0.0,4.0,0.0,ab9vf2:aba8ui,GENERAL-NEWS:nan,True,2018-12-31,24.0,31_12_18,0.223,2.67,0.111,0.892,10.704,0.446,0.885,10.625,0.443,0.0,0.0,0.0,2.0,24.0,1.0,0.0,0.0,0.0,0.0,0.0,0.0,0.111,1.33,0.055,0.193,2.319,0.097,0.024,0.288,0.012,1.171,14.048,0.585,0.482,5.787,0.241,0.019,0.227,0.009,12_18,0.8,0.007,0.089,0.004,0.03,0.354,0.015,0.0,0.0,0.0,0.0,0.0,0.0,0.004,0.044,0.002,0.006,0.077,0.003,0.001,0.01,0.0,0.039,0.468,0.02,0.016,0.193,0.008,0.001,0.008,0.0,2.0,0.019,0.223,0.009,0.074,0.885,0.037,0.0,0.0,0.0,0.0,0.0,0.0,0.009,0.111,0.005,0.016,0.193,0.008,0.002,0.024,0.001,0.098,1.171,0.049,0.04,0.482,0.02,0.002,0.019,0.001
40,643182,28,rally,2,7.0,0.0,0.69,0.0,7.0,0.0,abahao:abaheo,TRADING:nan,True,2018-12-31,27.0,31_12_18,0.127,1.712,0.063,0.99,13.368,0.495,0.883,11.92,0.441,0.0,0.0,0.0,2.0,27.0,1.0,0.0,0.0,0.0,0.0,0.0,0.0,0.178,2.404,0.089,0.3,4.052,0.15,0.019,0.252,0.009,0.934,12.613,0.467,0.552,7.458,0.276,0.016,0.22,0.008,12_18,0.9,0.004,0.057,0.002,0.029,0.397,0.015,0.0,0.0,0.0,0.0,0.0,0.0,0.006,0.08,0.003,0.01,0.135,0.005,0.001,0.008,0.0,0.031,0.42,0.016,0.018,0.249,0.009,0.001,0.007,0.0,2.25,0.011,0.143,0.005,0.074,0.993,0.037,0.0,0.0,0.0,0.0,0.0,0.0,0.015,0.2,0.007,0.025,0.338,0.013,0.002,0.021,0.001,0.078,1.051,0.039,0.046,0.622,0.023,0.001,0.018,0.001
41,643189,35,rally 2019,2,7.0,0.0,0.69,0.0,7.0,0.0,abahao:abaheo,TRADING:nan,True,2018-12-31,27.0,31_12_18,0.127,1.712,0.063,0.99,13.368,0.495,0.883,11.92,0.441,0.0,0.0,0.0,2.0,27.0,1.0,0.0,0.0,0.0,0.0,0.0,0.0,0.178,2.404,0.089,0.3,4.052,0.15,0.019,0.252,0.009,0.934,12.613,0.467,0.552,7.458,0.276,0.016,0.22,0.008,12_18,0.9,0.004,0.057,0.002,0.029,0.397,0.015,0.0,0.0,0.0,0.0,0.0,0.0,0.006,0.08,0.003,0.01,0.135,0.005,0.001,0.008,0.0,0.031,0.42,0.016,0.018,0.249,0.009,0.001,0.007,0.0,2.25,0.011,0.143,0.005,0.074,0.993,0.037,0.0,0.0,0.0,0.0,0.0,0.0,0.015,0.2,0.007,0.025,0.338,0.013,0.002,0.021,0.001,0.078,1.051,0.039,0.046,0.622,0.023,0.001,0.018,0.001
42,643191,37,rapidly,2,7.0,0.0,0.69,0.0,7.0,0.0,abahao:abaheo,TRADING:nan,False,2018-12-31,27.0,31_12_18,0.127,1.712,0.063,0.99,13.368,0.495,0.883,11.92,0.441,0.0,0.0,0.0,2.0,27.0,1.0,0.0,0.0,0.0,0.0,0.0,0.0,0.178,2.404,0.089,0.3,4.052,0.15,0.019,0.252,0.009,0.934,12.613,0.467,0.552,7.458,0.276,0.016,0.22,0.008,12_18,0.9,0.004,0.057,0.002,0.029,0.397,0.015,0.0,0.0,0.0,0.0,0.0,0.0,0.006,0.08,0.003,0.01,0.135,0.005,0.001,0.008,0.0,0.031,0.42,0.016,0.018,0.249,0.009,0.001,0.007,0.0,2.25,0.011,0.143,0.005,0.074,0.993,0.037,0.0,0.0,0.0,0.0,0.0,0.0,0.015,0.2,0.007,0.025,0.338,0.013,0.002,0.021,0.001,0.078,1.051,0.039,0.046,0.622,0.023,0.001,0.018,0.001
43,643192,38,rapidly approaches,2,7.0,0.0,0.69,0.0,7.0,0.0,abahao:abaheo,TRADING:nan,True,2018-12-31,27.0,31_12_18,0.127,1.712,0.063,0.99,13.368,0.495,0.883,11.92,0.441,0.0,0.0,0.0,2.0,27.0,1.0,0.0,0.0,0.0,0.0,0.0,0.0,0.178,2.404,0.089,0.3,4.052,0.15,0.019,0.252,0.009,0.934,12.613,0.467,0.552,7.458,0.276,0.016,0.22,0.008,12_18,0.9,0.004,0.057,0.002,0.029,0.397,0.015,0.0,0.0,0.0,0.0,0.0,0.0,0.006,0.08,0.003,0.01,0.135,0.005,0.001,0.008,0.0,0.031,0.42,0.016,0.018,0.249,0.009,0.001,0.007,0.0,2.25,0.011,0.143,0.005,0.074,0.993,0.037,0.0,0.0,0.0,0.0,0.0,0.0,0.015,0.2,0.007,0.025,0.338,0.013,0.002,0.021,0.001,0.078,1.051,0.039,0.046,0.622,0.023,0.001,0.018,0.001
44,643160,6,say,2,6.0,0.0,0.835,36.0,6.0,0.0,abcl8f:ab9ryo,GENERAL-NEWS:nan,False,2018-12-31,62.0,31_12_18,0.224,6.081,0.112,0.964,29.471,0.482,0.812,26.449,0.406,0.0,0.0,0.0,2.0,62.0,1.0,0.0,0.0,0.0,0.0,0.0,0.0,0.114,3.539,0.057,0.429,13.3,0.215,0.028,0.873,0.014,0.428,13.267,0.214,0.963,29.858,0.482,0.038,1.163,0.019,12_18,2.067,0.007,0.203,0.004,0.027,0.882,0.014,0.0,0.0,0.0,0.0,0.0,0.0,0.004,0.118,0.002,0.014,0.443,0.007,0.001,0.029,0.0,0.014,0.442,0.007,0.032,0.995,0.016,0.001,0.039,0.001,5.167,0.019,0.507,0.009,0.068,2.204,0.034,0.0,0.0,0.0,0.0,0.0,0.0,0.01,0.295,0.005,0.036,1.108,0.018,0.002,0.073,0.001,0.036,1.106,0.018,0.08,2.488,0.04,0.003,0.097,0.002
45,643168,14,security,3,5.0,0.0,0.597,2.0,5.0,0.0,abb37r:abaw69:aba9fh,GENERAL-NEWS:FINANCE:EXCHANGE,True,2018-12-31,37.0,31_12_18,0.349,4.388,0.116,1.429,17.656,0.476,1.223,14.956,0.408,0.0,0.0,0.0,3.0,37.0,1.0,0.0,0.0,0.0,0.0,0.0,0.0,0.263,3.178,0.088,0.675,8.289,0.225,0.063,0.76,0.021,1.088,13.345,0.363,0.858,10.778,0.286,0.053,0.649,0.018,12_18,1.233,0.012,0.146,0.004,0.041,0.499,0.014,0.0,0.0,0.0,0.0,0.0,0.0,0.009,0.106,0.003,0.023,0.276,0.008,0.002,0.025,0.001,0.036,0.445,0.012,0.029,0.359,0.01,0.002,0.022,0.001,3.083,0.029,0.366,0.01,0.102,1.246,0.034,0.0,0.0,0.0,0.0,0.0,0.0,0.022,0.265,0.007,0.056,0.691,0.019,0.005,0.063,0.002,0.091,1.112,0.03,0.071,0.898,0.024,0.004,0.054,0.001
46,643209,55,security tokens,2,4.0,0.0,0.565,0.0,4.0,0.0,abb37r:abaw69,GENERAL-NEWS:FINANCE,True,2018-12-31,24.0,31_12_18,0.199,2.442,0.099,0.972,11.711,0.486,0.83,9.847,0.415,0.0,0.0,0.0,2.0,24.0,1.0,0.0,0.0,0.0,0.0,0.0,0.0,0.192,2.259,0.096,0.472,5.651,0.236,0.048,0.57,0.024,0.854,10.306,0.427,0.398,4.802,0.199,0.035,0.413,0.018,12_18,0.8,0.007,0.081,0.003,0.028,0.328,0.014,0.0,0.0,0.0,0.0,0.0,0.0,0.006,0.075,0.003,0.016,0.188,0.008,0.002,0.019,0.001,0.028,0.344,0.014,0.013,0.16,0.007,0.001,0.014,0.001,2.0,0.017,0.204,0.008,0.069,0.821,0.035,0.0,0.0,0.0,0.0,0.0,0.0,0.016,0.188,0.008,0.039,0.471,0.02,0.004,0.047,0.002,0.071,0.859,0.036,0.033,0.4,0.017,0.003,0.034,0.001
47,643172,18,thanks,2,3.0,0.0,0.8,12.0,3.0,0.0,abates:abayl2,TRADING:Support-Open,True,2018-12-31,35.0,31_12_18,0.241,4.154,0.12,0.93,15.862,0.465,0.829,14.984,0.414,0.0,0.0,0.0,2.0,35.0,1.0,0.0,0.0,0.0,0.0,0.0,0.0,0.114,1.867,0.057,0.294,4.415,0.147,0.022,0.317,0.011,1.275,23.929,0.637,0.28,4.24,0.14,0.016,0.231,0.008,12_18,1.167,0.008,0.138,0.004,0.028,0.499,0.014,0.0,0.0,0.0,0.0,0.0,0.0,0.004,0.062,0.002,0.01,0.147,0.005,0.001,0.011,0.0,0.042,0.798,0.021,0.009,0.141,0.005,0.001,0.008,0.0,2.917,0.02,0.346,0.01,0.069,1.249,0.035,0.0,0.0,0.0,0.0,0.0,0.0,0.01,0.156,0.005,0.024,0.368,0.012,0.002,0.026,0.001,0.106,1.994,0.053,0.023,0.353,0.012,0.001,0.019,0.001
48,643211,57,tokens,2,4.0,0.0,0.565,0.0,4.0,0.0,abb37r:abaw69,GENERAL-NEWS:FINANCE,True,2018-12-31,24.0,31_12_18,0.199,2.442,0.099,0.972,11.711,0.486,0.83,9.847,0.415,0.0,0.0,0.0,2.0,24.0,1.0,0.0,0.0,0.0,0.0,0.0,0.0,0.192,2.259,0.096,0.472,5.651,0.236,0.048,0.57,0.024,0.854,10.306,0.427,0.398,4.802,0.199,0.035,0.413,0.018,12_18,0.8,0.007,0.081,0.003,0.028,0.328,0.014,0.0,0.0,0.0,0.0,0.0,0.0,0.006,0.075,0.003,0.016,0.188,0.008,0.002,0.019,0.001,0.028,0.344,0.014,0.013,0.16,0.007,0.001,0.014,0.001,2.0,0.017,0.204,0.008,0.069,0.821,0.035,0.0,0.0,0.0,0.0,0.0,0.0,0.016,0.188,0.008,0.039,0.471,0.02,0.004,0.047,0.002,0.071,0.859,0.036,0.033,0.4,0.017,0.003,0.034,0.001
49,643174,20,trading,2,2.0,0.0,0.58,12.0,2.0,0.0,abates:ab9se0,TRADING:GENERAL-NEWS,True,2018-12-31,34.0,31_12_18,0.242,4.046,0.121,0.843,14.302,0.422,0.914,15.652,0.457,0.0,0.0,0.0,2.0,34.0,1.0,0.0,0.0,0.0,0.0,0.0,0.0,0.18,2.582,0.09,0.418,5.682,0.209,0.021,0.292,0.011,1.103,21.415,0.552,0.261,3.802,0.131,0.016,0.228,0.008,12_18,1.133,0.008,0.135,0.004,0.03,0.522,0.015,0.0,0.0,0.0,0.0,0.0,0.0,0.006,0.086,0.003,0.014,0.189,0.007,0.001,0.01,0.0,0.037,0.714,0.018,0.009,0.127,0.004,0.001,0.008,0.0,2.833,0.02,0.337,0.01,0.076,1.304,0.038,0.0,0.0,0.0,0.0,0.0,0.0,0.015,0.215,0.008,0.035,0.474,0.017,0.002,0.024,0.001,0.092,1.785,0.046,0.022,0.317,0.011,0.001,0.019,0.001
50,643164,10,update,4,11.0,0.0,0.845,0.0,11.0,0.0,abahao:ab9vf2:aba8ui:abaheo,TRADING:GENERAL-NEWS:nan:nan,True,2018-12-31,51.0,31_12_18,0.349,4.382,0.087,1.882,24.072,0.471,1.768,22.546,0.442,0.0,0.0,0.0,4.0,51.0,1.0,0.0,0.0,0.0,0.0,0.0,0.0,0.289,3.734,0.072,0.493,6.372,0.123,0.043,0.54,0.011,2.105,26.661,0.526,1.035,13.246,0.259,0.035,0.447,0.009,12_18,1.7,0.012,0.146,0.003,0.059,0.752,0.015,0.0,0.0,0.0,0.0,0.0,0.0,0.01,0.124,0.002,0.016,0.212,0.004,0.001,0.018,0.0,0.07,0.889,0.018,0.034,0.442,0.009,0.001,0.015,0.0,4.25,0.029,0.365,0.007,0.147,1.879,0.037,0.0,0.0,0.0,0.0,0.0,0.0,0.024,0.311,0.006,0.041,0.531,0.01,0.004,0.045,0.001,0.175,2.222,0.044,0.086,1.104,0.022,0.003,0.037,0.001
51,643181,27,update crypto,2,7.0,0.0,0.69,0.0,7.0,0.0,abahao:abaheo,TRADING:nan,True,2018-12-31,27.0,31_12_18,0.127,1.712,0.063,0.99,13.368,0.495,0.883,11.92,0.441,0.0,0.0,0.0,2.0,27.0,1.0,0.0,0.0,0.0,0.0,0.0,0.0,0.178,2.404,0.089,0.3,4.052,0.15,0.019,0.252,0.009,0.934,12.613,0.467,0.552,7.458,0.276,0.016,0.22,0.008,12_18,0.9,0.004,0.057,0.002,0.029,0.397,0.015,0.0,0.0,0.0,0.0,0.0,0.0,0.006,0.08,0.003,0.01,0.135,0.005,0.001,0.008,0.0,0.031,0.42,0.016,0.018,0.249,0.009,0.001,0.007,0.0,2.25,0.011,0.143,0.005,0.074,0.993,0.037,0.0,0.0,0.0,0.0,0.0,0.0,0.015,0.2,0.007,0.025,0.338,0.013,0.002,0.021,0.001,0.078,1.051,0.039,0.046,0.622,0.023,0.001,0.018,0.001
52,643206,52,update qtum,2,4.0,0.0,1.0,0.0,4.0,0.0,ab9vf2:aba8ui,GENERAL-NEWS:nan,True,2018-12-31,24.0,31_12_18,0.223,2.67,0.111,0.892,10.704,0.446,0.885,10.625,0.443,0.0,0.0,0.0,2.0,24.0,1.0,0.0,0.0,0.0,0.0,0.0,0.0,0.111,1.33,0.055,0.193,2.319,0.097,0.024,0.288,0.012,1.171,14.048,0.585,0.482,5.787,0.241,0.019,0.227,0.009,12_18,0.8,0.007,0.089,0.004,0.03,0.354,0.015,0.0,0.0,0.0,0.0,0.0,0.0,0.004,0.044,0.002,0.006,0.077,0.003,0.001,0.01,0.0,0.039,0.468,0.02,0.016,0.193,0.008,0.001,0.008,0.0,2.0,0.019,0.223,0.009,0.074,0.885,0.037,0.0,0.0,0.0,0.0,0.0,0.0,0.009,0.111,0.005,0.016,0.193,0.008,0.002,0.024,0.001,0.098,1.171,0.049,0.04,0.482,0.02,0.002,0.019,0.001
53,643178,24,usd,2,2.0,0.0,0.75,10.0,2.0,0.0,aba0kj:abayl2,TRADING:Support-Open,True,2018-12-31,32.0,31_12_18,0.243,3.85,0.121,1.016,16.236,0.508,0.741,11.915,0.371,0.0,0.0,0.0,2.0,32.0,1.0,0.0,0.0,0.0,0.0,0.0,0.0,0.102,1.5,0.051,0.478,7.722,0.239,0.032,0.498,0.016,1.048,17.165,0.524,0.314,4.686,0.157,0.027,0.428,0.013,12_18,1.067,0.008,0.128,0.004,0.025,0.397,0.012,0.0,0.0,0.0,0.0,0.0,0.0,0.003,0.05,0.002,0.016,0.257,0.008,0.001,0.017,0.001,0.035,0.572,0.017,0.01,0.156,0.005,0.001,0.014,0.0,2.667,0.02,0.321,0.01,0.062,0.993,0.031,0.0,0.0,0.0,0.0,0.0,0.0,0.008,0.125,0.004,0.04,0.644,0.02,0.003,0.041,0.001,0.087,1.43,0.044,0.026,0.391,0.013,0.002,0.036,0.001
54,643200,46,vevue,2,4.0,0.0,1.0,0.0,4.0,0.0,ab9vf2:aba8ui,GENERAL-NEWS:nan,True,2018-12-31,24.0,31_12_18,0.223,2.67,0.111,0.892,10.704,0.446,0.885,10.625,0.443,0.0,0.0,0.0,2.0,24.0,1.0,0.0,0.0,0.0,0.0,0.0,0.0,0.111,1.33,0.055,0.193,2.319,0.097,0.024,0.288,0.012,1.171,14.048,0.585,0.482,5.787,0.241,0.019,0.227,0.009,12_18,0.8,0.007,0.089,0.004,0.03,0.354,0.015,0.0,0.0,0.0,0.0,0.0,0.0,0.004,0.044,0.002,0.006,0.077,0.003,0.001,0.01,0.0,0.039,0.468,0.02,0.016,0.193,0.008,0.001,0.008,0.0,2.0,0.019,0.223,0.009,0.074,0.885,0.037,0.0,0.0,0.0,0.0,0.0,0.0,0.009,0.111,0.005,0.016,0.193,0.008,0.002,0.024,0.001,0.098,1.171,0.049,0.04,0.482,0.02,0.002,0.019,0.001
55,643205,51,vevue end,2,4.0,0.0,1.0,0.0,4.0,0.0,ab9vf2:aba8ui,GENERAL-NEWS:nan,True,2018-12-31,24.0,31_12_18,0.223,2.67,0.111,0.892,10.704,0.446,0.885,10.625,0.443,0.0,0.0,0.0,2.0,24.0,1.0,0.0,0.0,0.0,0.0,0.0,0.0,0.111,1.33,0.055,0.193,2.319,0.097,0.024,0.288,0.012,1.171,14.048,0.585,0.482,5.787,0.241,0.019,0.227,0.009,12_18,0.8,0.007,0.089,0.004,0.03,0.354,0.015,0.0,0.0,0.0,0.0,0.0,0.0,0.004,0.044,0.002,0.006,0.077,0.003,0.001,0.01,0.0,0.039,0.468,0.02,0.016,0.193,0.008,0.001,0.008,0.0,2.0,0.019,0.223,0.009,0.074,0.885,0.037,0.0,0.0,0.0,0.0,0.0,0.0,0.009,0.111,0.005,0.016,0.193,0.008,0.002,0.024,0.001,0.098,1.171,0.049,0.04,0.482,0.02,0.002,0.019,0.001
56,643171,17,work,2,2.0,0.0,0.63,13.0,2.0,0.0,aba9fh:abates,EXCHANGE:TRADING,True,2018-12-31,35.0,31_12_18,0.263,4.448,0.132,0.876,15.151,0.438,0.861,15.402,0.43,0.0,0.0,0.0,2.0,35.0,1.0,0.0,0.0,0.0,0.0,0.0,0.0,0.113,1.845,0.056,0.269,4.102,0.135,0.018,0.27,0.009,1.052,21.03,0.526,0.527,7.448,0.263,0.021,0.304,0.011,12_18,1.167,0.009,0.148,0.004,0.029,0.513,0.014,0.0,0.0,0.0,0.0,0.0,0.0,0.004,0.062,0.002,0.009,0.137,0.004,0.001,0.009,0.0,0.035,0.701,0.018,0.018,0.248,0.009,0.001,0.01,0.0,2.917,0.022,0.371,0.011,0.072,1.283,0.036,0.0,0.0,0.0,0.0,0.0,0.0,0.009,0.154,0.005,0.022,0.342,0.011,0.002,0.022,0.001,0.088,1.752,0.044,0.044,0.621,0.022,0.002,0.025,0.001
57,643158,4,year,7,8.0,0.0,0.764,3.0,8.0,0.0,abb404:abb37r:ab9vf2:abamxt:aba8ui:abc7tl:abayl2,METRICS:GENERAL-NEWS:GENERAL-NEWS:nan:nan:nan:Support-Open,True,2018-12-31,81.0,31_12_18,0.787,9.133,0.112,3.209,37.216,0.458,3.004,34.651,0.429,0.0,0.0,0.0,7.0,81.0,1.0,0.0,0.0,0.0,0.0,0.0,0.0,0.461,5.323,0.066,1.115,12.917,0.159,0.102,1.184,0.015,3.344,38.864,0.478,1.885,21.64,0.269,0.094,1.073,0.013,12_18,2.7,0.026,0.304,0.004,0.1,1.155,0.014,0.0,0.0,0.0,0.0,0.0,0.0,0.015,0.177,0.002,0.037,0.431,0.005,0.003,0.039,0.0,0.111,1.295,0.016,0.063,0.721,0.009,0.003,0.036,0.0,6.75,0.066,0.761,0.009,0.25,2.888,0.036,0.0,0.0,0.0,0.0,0.0,0.0,0.038,0.444,0.005,0.093,1.076,0.013,0.009,0.099,0.001,0.279,3.239,0.04,0.157,1.803,0.022,0.008,0.089,0.001
58,643212,58,year update,2,4.0,0.0,1.0,0.0,4.0,0.0,ab9vf2:aba8ui,GENERAL-NEWS:nan,True,2018-12-31,24.0,31_12_18,0.223,2.67,0.111,0.892,10.704,0.446,0.885,10.625,0.443,0.0,0.0,0.0,2.0,24.0,1.0,0.0,0.0,0.0,0.0,0.0,0.0,0.111,1.33,0.055,0.193,2.319,0.097,0.024,0.288,0.012,1.171,14.048,0.585,0.482,5.787,0.241,0.019,0.227,0.009,12_18,0.8,0.007,0.089,0.004,0.03,0.354,0.015,0.0,0.0,0.0,0.0,0.0,0.0,0.004,0.044,0.002,0.006,0.077,0.003,0.001,0.01,0.0,0.039,0.468,0.02,0.016,0.193,0.008,0.001,0.008,0.0,2.0,0.019,0.223,0.009,0.074,0.885,0.037,0.0,0.0,0.0,0.0,0.0,0.0,0.009,0.111,0.005,0.016,0.193,0.008,0.002,0.024,0.001,0.098,1.171,0.049,0.04,0.482,0.02,0.002,0.019,0.001
59,643179,25,years,2,2.0,0.0,0.75,10.0,2.0,0.0,abcl8f:aba0kj,GENERAL-NEWS:TRADING,True,2018-12-31,32.0,31_12_18,0.252,3.967,0.126,0.997,15.99,0.499,0.751,12.043,0.375,0.0,0.0,0.0,2.0,32.0,1.0,0.0,0.0,0.0,0.0,0.0,0.0,0.086,1.301,0.043,0.466,7.56,0.233,0.028,0.443,0.014,0.805,14.009,0.402,0.583,8.178,0.291,0.033,0.509,0.016,12_18,1.067,0.008,0.132,0.004,0.025,0.401,0.013,0.0,0.0,0.0,0.0,0.0,0.0,0.003,0.043,0.001,0.016,0.252,0.008,0.001,0.015,0.0,0.027,0.467,0.013,0.019,0.273,0.01,0.001,0.017,0.001,2.667,0.021,0.331,0.01,0.063,1.004,0.031,0.0,0.0,0.0,0.0,0.0,0.0,0.007,0.108,0.004,0.039,0.63,0.019,0.002,0.037,0.001,0.067,1.167,0.034,0.049,0.682,0.024,0.003,0.042,0.001
