,Unnamed: 0,token,weight,ups,downs,avg_upvote_ratio,num_comments,score_total,total_awards_received_total,post_id,Flair_list,noun,date,daily_popularity,date__,roberta_Negative_sum,roberta_Negative_wt_sum,roberta_Negative_mean,roberta_Neutral_sum,roberta_Neutral_wt_sum,roberta_Neutral_mean,roberta_Positive_sum,roberta_Positive_wt_sum,roberta_Positive_mean,vader_neg_sum,vader_neg_wt_sum,vader_neg_mean,vader_neu_sum,vader_neu_wt_sum,vader_neu_mean,vader_pos_sum,vader_pos_wt_sum,vader_pos_mean,vader_compound_sum,vader_compound_wt_sum,vader_compound_mean,distil_sadness_sum,distil_sadness_wt_sum,distil_sadness_mean,distil_joy_sum,distil_joy_wt_sum,distil_joy_mean,distil_love_sum,distil_love_wt_sum,distil_love_mean,distil_anger_sum,distil_anger_wt_sum,distil_anger_mean,distil_fear_sum,distil_fear_wt_sum,distil_fear_mean,distil_surprise_sum,distil_surprise_wt_sum,distil_surprise_mean
132,132,10,2,3.0,0.0,0.65,0.0,3.0,0.0,ablra4:abidd6,FOCUSED-DISCUSSION:nan,False,2019-01-01,23.0,01_01_19,0.244886396,2.7930957120000004,0.122443198,0.94336855,10.81116797,0.471684275,0.81174496,9.39573522,0.40587248,0.0,0.0,0.0,1.0,12.0,0.5,1.0,11.0,0.5,0.4588,5.0468,0.2294,0.14353448897600168,1.6529256030917163,0.07176724448800084,0.4159653931856155,4.839554145932197,0.20798269659280774,0.0296826362609863,0.3399635814130303,0.01484131813049315,0.8192090094089507,9.408610463142393,0.40960450470447535,0.5649523138999939,6.452010989189148,0.28247615694999695,0.0266560688614844,0.3069341359660015,0.0133280344307422
72,72,1st,3,4.0,0.0,0.6366666666666667,1.0,4.0,0.0,abkuz6:abidd6:abkv3o,TRADING:nan:nan,False,2019-01-01,35.0,01_01_19,0.40219609999999995,4.68081216,0.13406536666666666,1.4837952300000001,17.29628813,0.49459841000000004,1.1140083,13.022895300000002,0.3713361,0.0,0.0,0.0,2.0,24.0,0.6666666666666666,1.0,11.0,0.3333333333333333,0.4588,5.0468,0.15293333333333334,0.23314741998910887,2.7282807752490026,0.07771580666303629,0.5846098214387894,6.8632872849702835,0.19486994047959647,0.0443755052983759,0.5162780098617055,0.014791835099458634,1.2720483541488645,14.842682600021359,0.4240161180496215,0.8128467500209808,9.426744222640991,0.2709489166736603,0.0529721537604927,0.622727154754101,0.017657384586830898
114,114,1st market,2,3.0,0.0,0.62,1.0,3.0,0.0,abkuz6:abkv3o,TRADING:nan,False,2019-01-01,24.0,01_01_19,0.25665506,3.07986072,0.12832753,0.9745406,11.694487200000001,0.4872703,0.768804,9.225648,0.384402,0.0,0.0,0.0,2.0,24.0,1.0,0.0,0.0,0.0,0.0,0.0,0.0,0.1636591553688048,1.9639098644256574,0.0818295776844024,0.4325792491436004,5.190950989723205,0.2162896245718002,0.0281474515795706,0.3377694189548472,0.0140737257897853,0.85015070438385,10.2018084526062,0.425075352191925,0.485429972410202,5.825159668922424,0.242714986205101,0.0400334633886814,0.4804015606641767,0.0200167316943407
10,10,2018,7,38.0,0.0,0.7371428571428572,13.0,38.0,0.0,abhglf:abhxbw:abkuz6:abmdkv:abdwva:ablxl9:abkv3o,GENERAL-NEWS:MEDIA:TRADING:GENERAL-NEWS:News:News:nan,False,2019-01-01,121.0,01_01_19,0.78269729,12.996879329999999,0.11181389857142857,3.2698699,56.896666319999994,0.46712427142857144,2.9474324800000002,51.106450939999995,0.4210617828571429,0.0,0.0,0.0,7.0,121.0,1.0,0.0,0.0,0.0,0.0,0.0,0.0,0.679809123277664,11.889505542814728,0.09711558903966629,1.5314974114298818,25.609076701104637,0.21878534448998313,0.09772524610161751,1.6537306560203389,0.013960749443088215,2.901379942893982,50.58254808187485,0.41448284898485455,1.6945595443248749,29.7394048422575,0.24207993490355356,0.0950288679450747,1.5257365042343678,0.0135755525635821
111,111,2018 2019,2,3.0,0.0,0.62,1.0,3.0,0.0,abkuz6:abkv3o,TRADING:nan,False,2019-01-01,24.0,01_01_19,0.25665506,3.07986072,0.12832753,0.9745406,11.694487200000001,0.4872703,0.768804,9.225648,0.384402,0.0,0.0,0.0,2.0,24.0,1.0,0.0,0.0,0.0,0.0,0.0,0.0,0.1636591553688048,1.9639098644256574,0.0818295776844024,0.4325792491436004,5.190950989723205,0.2162896245718002,0.0281474515795706,0.3377694189548472,0.0140737257897853,0.85015070438385,10.2018084526062,0.425075352191925,0.485429972410202,5.825159668922424,0.242714986205101,0.0400334633886814,0.4804015606641767,0.0200167316943407
71,71,2018 nan,2,11.0,0.0,0.615,4.0,11.0,0.0,abhxbw:ablxl9,MEDIA:News,False,2019-01-01,35.0,01_01_19,0.19208955,3.0025382900000004,0.096044775,0.91976037,16.483279109999998,0.459880185,0.88815013,15.514183639999999,0.444075065,0.0,0.0,0.0,2.0,35.0,1.0,0.0,0.0,0.0,0.0,0.0,0.0,0.2270039841532707,3.703578986227512,0.11350199207663535,0.5015898495912551,7.670077964663504,0.25079492479562754,0.0270313890650868,0.4270355561748142,0.0135156945325434,0.7525020241737366,14.168559908866882,0.3762510120868683,0.4704572707414627,8.684127151966095,0.23522863537073135,0.0214155316352843,0.34662137273698856,0.01070776581764215
1,1,2019,17,228.0,0.0,0.6617647058823529,48.0,228.0,0.0,abijsk:abetec:abh51k:abhwmf:abdwd5:abj2um:abie91:abll5o:abkuz6:abkk9p:abm1lp:abhnt0:abi2ej:abidd6:abcy2q:abdwva:abkv3o,COMEDY:GENERAL-NEWS:GENERAL-NEWS:MEDIA:GENERAL-NEWS:ADOPTION:EXCHANGE:MEDIA:TRADING:GENERAL-NEWS:FINANCE:Sentiment:Discussion:nan:nan:News:nan,False,2019-01-01,446.0,01_01_19,1.9069502300000003,50.06612222999999,0.11217354294117647,8.12242396,216.99719366,0.4777896447058824,6.97062538,178.93668409,0.41003678705882357,0.0,0.0,0.0,16.0,435.0,0.9411764705882353,1.0,11.0,0.058823529411764705,0.4588,5.0468,0.026988235294117646,1.4688188731670375,42.25176599621771,0.08640111018629633,3.371157690882683,104.7789044380188,0.19830339358133425,0.2680321673396969,7.120621834648762,0.015766598078805698,7.516457676887512,183.81876361370087,0.4421445692286772,4.136429630219936,101.52050583809614,0.24331939001293743,0.23910379712469781,6.509425959316986,0.014064929242629283
5,5,2019 nan,4,164.0,0.0,0.8125,18.0,164.0,0.0,abijsk:abj2um:abcy2q:abdwva,COMEDY:ADOPTION:nan:News,False,2019-01-01,222.0,01_01_19,0.47665274999999996,24.904631610000003,0.11916318749999999,1.9609626800000002,112.04446216000001,0.49024067000000005,1.56238456,85.05091072,0.39059614,0.0,0.0,0.0,4.0,222.0,1.0,0.0,0.0,0.0,0.0,0.0,0.0,0.301654566079378,20.242521431297053,0.0754136415198445,0.7418096438050269,55.721839390695095,0.18545241095125672,0.0551972277462481,3.5384988896548717,0.013799306936562025,1.8933563530445099,91.29933193325996,0.47333908826112747,0.9581761062145232,47.74727943539619,0.2395440265536308,0.049805946648120596,3.450515545904621,0.012451486662030149
108,108,2019 store,2,3.0,0.0,0.62,1.0,3.0,0.0,abkuz6:abkv3o,TRADING:nan,False,2019-01-01,24.0,01_01_19,0.25665506,3.07986072,0.12832753,0.9745406,11.694487200000001,0.4872703,0.768804,9.225648,0.384402,0.0,0.0,0.0,2.0,24.0,1.0,0.0,0.0,0.0,0.0,0.0,0.0,0.1636591553688048,1.9639098644256574,0.0818295776844024,0.4325792491436004,5.190950989723205,0.2162896245718002,0.0281474515795706,0.3377694189548472,0.0140737257897853,0.85015070438385,10.2018084526062,0.425075352191925,0.485429972410202,5.825159668922424,0.242714986205101,0.0400334633886814,0.4804015606641767,0.0200167316943407
30,30,absolutely,2,16.0,0.0,0.5700000000000001,31.0,16.0,0.0,abi8ms:abie91,TRADING:EXCHANGE,False,2019-01-01,67.0,01_01_19,0.21316559000000002,7.0910135400000005,0.10658279500000001,0.9211753899999999,31.154331309999996,0.46058769499999996,0.8656590900000001,28.75465725,0.43282954500000004,0.0,0.0,0.0,2.0,67.0,1.0,0.0,0.0,0.0,0.0,0.0,0.0,0.1244108043611049,4.3085418418049795,0.06220540218055245,0.18079466372728342,6.223528973758218,0.09039733186364171,0.0158495607320219,0.5612052860669782,0.00792478036601095,1.3169824481010437,43.00409114360809,0.6584912240505219,0.34886514395475376,12.439795807003971,0.17443257197737688,0.0130974242929368,0.4628383745439312,0.0065487121464684
36,36,actually,2,20.0,0.0,0.6699999999999999,20.0,20.0,0.0,abie91:abm3ch,EXCHANGE:GENERAL-NEWS,False,2019-01-01,60.0,01_01_19,0.21019968,6.22668432,0.10509984,0.95272103,28.950722909999996,0.476360515,0.83707929,24.82259277,0.418539645,0.0,0.0,0.0,2.0,60.0,1.0,0.0,0.0,0.0,0.0,0.0,0.0,0.1530356705188751,4.6722558438777915,0.07651783525943755,0.3171799704432487,8.894517444074152,0.15858998522162435,0.0269132852554321,0.7904424890875807,0.01345664262771605,0.7330138981342316,23.848555058240887,0.3665069490671158,0.7417309582233429,21.007495015859604,0.37086547911167145,0.028126300312578602,0.7867361987009622,0.014063150156289301
134,134,add,2,2.0,0.0,0.605,0.0,2.0,0.0,abj2um:abidd6,ADOPTION:nan,False,2019-01-01,22.0,01_01_19,0.28430615000000004,3.12736765,0.14215307500000002,0.94669738,10.413671180000001,0.47334869,0.7689965000000001,8.458961500000001,0.38449825000000004,0.0,0.0,0.0,1.0,11.0,0.5,1.0,11.0,0.5,0.4588,5.0468,0.2294,0.11978511139750479,1.3176362253725529,0.059892555698752396,0.269594982266426,2.965544804930686,0.134797491133213,0.024019630625843898,0.2642159368842829,0.012009815312921949,0.9744209051132202,10.718629956245422,0.4872104525566101,0.5889497697353363,6.478447467088699,0.29447488486766815,0.0232296120375393,0.2555257324129323,0.01161480601876965
24,24,amp,6,11.0,0.0,0.8283333333333333,1.0,11.0,0.0,abhhor:ablra4:abmbs4:abm1lp:abjhd8:abidd6,FINANCE:FOCUSED-DISCUSSION:FINANCE:FINANCE:Tool:nan,True,2019-01-01,72.0,01_01_19,0.668012876,7.982990652,0.11133547933333333,2.86146501,34.22646037,0.476910835,2.47052196,29.79054738,0.41175366,0.0,0.0,0.0,5.0,61.0,0.8333333333333334,1.0,11.0,0.16666666666666666,0.4588,5.0468,0.07646666666666667,0.4771820306777952,5.864239081740377,0.0795303384462992,1.376143306493759,16.64550131559372,0.2293572177489598,0.10142826475203019,1.2365299239754657,0.01690471079200503,2.178652375936508,26.29673245549202,0.36310872932275134,1.7786613404750824,20.8962040245533,0.29644355674584705,0.0879325568675991,1.0607916070148304,0.01465542614459985
47,47,amp x200b,4,8.0,0.0,0.9175,1.0,8.0,0.0,abhhor:abmbs4:abm1lp:abjhd8,FINANCE:FINANCE:FINANCE:Tool,True,2019-01-01,49.0,01_01_19,0.42312647999999997,5.18989494,0.10578161999999999,1.9180964600000001,23.4152924,0.47952411500000003,1.6587770000000002,20.39481216,0.41469425000000004,0.0,0.0,0.0,4.0,49.0,1.0,0.0,0.0,0.0,0.0,0.0,0.0,0.3336475417017935,4.21131347864866,0.08341188542544838,0.9601779133081435,11.805947169661522,0.24004447832703588,0.0717456284910439,0.8965663425624354,0.017936407122760976,1.3594433665275574,16.888121992349625,0.33986084163188934,1.2137090265750885,14.44419303536415,0.3034272566437721,0.061276488006114696,0.7538574710488287,0.015319122001528674
141,141,analysis,2,0.0,0.0,0.3399999999999999,1.0,0.0,0.0,abhwmf:abdjwg,MEDIA:nan,True,2019-01-01,21.0,01_01_19,0.24083119,2.53541262,0.120415595,0.9304576600000001,9.816583099999999,0.46522883000000004,0.82871112,8.648003880000001,0.41435556,0.0,0.0,0.0,2.0,21.0,1.0,0.0,0.0,0.0,0.0,0.0,0.0,0.1144945733249186,1.2173463180661186,0.0572472866624593,0.2935568988323211,3.1625725179910655,0.14677844941616056,0.021896619582548703,0.23725874954834542,0.010948309791274351,1.2745336592197418,13.202118903398514,0.6372668296098709,0.27986764162778843,3.011656269431113,0.13993382081389422,0.015650545479729598,0.1690465253777784,0.007825272739864799
68,68,app,3,7.0,0.0,0.7799999999999999,0.0,7.0,0.0,abmbs4:abjhd8:abidd6,FINANCE:Tool:nan,True,2019-01-01,37.0,01_01_19,0.38179471,4.6363536100000005,0.12726490333333332,1.4815144900000001,18.13767283,0.49383816333333336,1.13669071,14.22597273,0.37889690333333337,0.0,0.0,0.0,2.0,26.0,0.6666666666666666,1.0,11.0,0.3333333333333333,0.4588,5.0468,0.15293333333333334,0.2542316392064093,3.245919190347193,0.08474387973546976,0.6208124309778214,7.796050056815147,0.20693747699260712,0.0571839734911918,0.7196771726012221,0.019061324497063933,1.2938697636127472,15.893326610326767,0.4312899212042491,0.7318103611469269,8.815568894147873,0.24393678704897562,0.04209170024842,0.5294564599171252,0.014030566749473334
95,95,available,2,6.0,0.0,0.835,0.0,6.0,0.0,abmbs4:abjhd8,FINANCE:Tool,False,2019-01-01,26.0,01_01_19,0.23625367,3.0354021700000002,0.118126835,0.9722598600000001,12.5358719,0.48612993000000004,0.7914864100000001,10.42872543,0.39574320500000004,0.0,0.0,0.0,2.0,26.0,1.0,0.0,0.0,0.0,0.0,0.0,0.0,0.18474337458610518,2.4815482795238477,0.09237168729305259,0.46878185868263245,6.1237137615680695,0.23439092934131622,0.0409559197723865,0.5411685816943639,0.02047795988619325,0.8719721138477325,11.252452462911606,0.43598605692386627,0.404393583536148,5.213984340429306,0.202196791768074,0.0291530098766087,0.3871308658272009,0.01457650493830435
27,27,bakkt,4,13.0,0.0,0.4775,16.0,13.0,0.0,abdgbx:abetec:abhglf:abkxjd,SUPPORT:GENERAL-NEWS:GENERAL-NEWS:GENERAL-NEWS,True,2019-01-01,69.0,01_01_19,0.51473504,8.87917944,0.12868376,1.6986216,29.301222600000003,0.4246554,1.7866434,30.819598650000003,0.44666085,0.0,0.0,0.0,4.0,69.0,1.0,0.0,0.0,0.0,0.0,0.0,0.0,0.5518227815628052,9.51894298195839,0.1379556953907013,1.4059958457946775,24.253428339958187,0.3514989614486694,0.0707950517535208,1.2212146427482338,0.0176987629383802,1.1414496898651123,19.690007150173187,0.2853624224662781,0.7768691182136536,13.400992289185524,0.1942172795534134,0.0530675835907456,0.9154158169403617,0.0132668958976864
91,91,bakkt launch,2,0.0,0.0,0.365,6.0,0.0,0.0,abetec:abkxjd,GENERAL-NEWS:GENERAL-NEWS,True,2019-01-01,26.0,01_01_19,0.25736752,3.34577776,0.12868376,0.8493108,11.0410404,0.4246554,0.8933217,11.6131821,0.44666085,0.0,0.0,0.0,2.0,26.0,1.0,0.0,0.0,0.0,0.0,0.0,0.0,0.2759113907814026,3.5868480801582336,0.1379556953907013,0.7029979228973388,9.138972997665403,0.3514989614486694,0.0353975258767604,0.46016783639788517,0.0176987629383802,0.5707248449325562,7.41942298412323,0.2853624224662781,0.3884345591068268,5.049649268388748,0.1942172795534134,0.0265337917953728,0.3449392933398464,0.0132668958976864
8,8,bank,3,67.0,0.0,0.7666666666666666,27.0,67.0,0.0,abia2e:abidd6:abi7in,FINANCE:nan:nan,True,2019-01-01,124.0,01_01_19,0.32525537000000004,12.09867896,0.10841845666666668,1.4564158299999999,58.836591920000004,0.48547194333333327,1.21832898,53.0647415,0.40610966,0.0,0.0,0.0,2.0,113.0,0.6666666666666666,1.0,11.0,0.3333333333333333,0.4588,5.0468,0.15293333333333334,0.23612469434738148,10.104838229715819,0.07870823144912716,0.5505660921335219,24.828892499208443,0.18352203071117398,0.0461981380358338,1.945299763232468,0.015399379345277934,1.1990960538387299,47.53155878186226,0.39969868461290997,0.921374499797821,37.42980116605759,0.30712483326594037,0.0466405451297758,2.159610179252915,0.015546848376591933
138,138,bankera,2,2.0,0.0,0.605,0.0,2.0,0.0,abj2um:abidd6,ADOPTION:nan,True,2019-01-01,22.0,01_01_19,0.28430615000000004,3.12736765,0.14215307500000002,0.94669738,10.413671180000001,0.47334869,0.7689965000000001,8.458961500000001,0.38449825000000004,0.0,0.0,0.0,1.0,11.0,0.5,1.0,11.0,0.5,0.4588,5.0468,0.2294,0.11978511139750479,1.3176362253725529,0.059892555698752396,0.269594982266426,2.965544804930686,0.134797491133213,0.024019630625843898,0.2642159368842829,0.012009815312921949,0.9744209051132202,10.718629956245422,0.4872104525566101,0.5889497697353363,6.478447467088699,0.29447488486766815,0.0232296120375393,0.2555257324129323,0.01161480601876965
4,4,bitcoin,13,91.0,0.0,0.6469230769230768,41.0,91.0,0.0,abfrlb:abetec:abhglf:abhwmf:abdwd5:abirph:abi8ms:abie91:abll5o:abeuch:abhnt0:abenxi:abdjsn,GENERAL-NEWS:GENERAL-NEWS:GENERAL-NEWS:MEDIA:GENERAL-NEWS:EXCHANGE:TRADING:EXCHANGE:MEDIA:News:Sentiment:News:Analysis,True,2019-01-01,262.0,01_01_19,1.4651105199999999,30.001351829999997,0.11270080923076922,5.897991060000001,117.54090249999997,0.45369161999999996,5.636898700000001,114.45775134000003,0.43360759230769236,0.0,0.0,0.0,13.0,262.0,1.0,0.0,0.0,0.0,0.0,0.0,0.0,1.1105657629668708,23.752298563718792,0.08542813561283621,2.672026842832565,55.368606187403195,0.20554052637173575,0.19043856346979698,3.5796680629718978,0.01464912026690746,5.654242664575577,117.8686552643776,0.4349417434288905,3.1987408697605133,58.330388598144054,0.24605698998157793,0.17398542026057753,3.1003874300513226,0.013383493866198273
78,78,bitcoin nan,2,12.0,0.0,0.665,1.0,12.0,0.0,abenxi:abdjsn,News:Analysis,True,2019-01-01,33.0,01_01_19,0.23003901,3.77888621,0.115019505,0.87050739,14.14493898,0.435253695,0.8994538400000001,15.07617812,0.44972692000000003,0.0,0.0,0.0,2.0,33.0,1.0,0.0,0.0,0.0,0.0,0.0,0.0,0.119682129472494,1.744043145328758,0.059841064736247,0.3149980008602141,4.01517380774021,0.15749900043010706,0.024241524050012203,0.2892680966760959,0.012120762025006102,1.127810150384903,21.90886902809143,0.5639050751924515,0.3846055194735526,4.7155964449048025,0.1923027597367763,0.028662693919613798,0.3270501128863516,0.014331346959806899
99,99,blockchain,2,6.0,0.0,0.67,0.0,6.0,0.0,abjhd8:abidd6,Tool:nan,True,2019-01-01,26.0,01_01_19,0.25469399000000004,3.2382456900000003,0.12734699500000002,0.9695079900000001,12.505601330000001,0.48475399500000005,0.77579803,10.25615325,0.387899015,0.0,0.0,0.0,1.0,15.0,0.5,1.0,11.0,0.5,0.4588,5.0468,0.2294,0.1818310543894767,2.449512757360934,0.09091552719473835,0.39380890130996704,5.29901123046875,0.19690445065498352,0.0388914197683334,0.5184590816497798,0.0194457098841667,0.8370874524116515,10.868721187114714,0.41854372620582575,0.5188305079936981,6.472790509462357,0.25941525399684906,0.0295506296679376,0.3915046835318188,0.0147753148339688
3,3,btc,3,250.0,0.0,0.9833333333333334,58.0,250.0,0.0,abm1lp:abi2ej:abn9x2,FINANCE:Discussion:Exchange,True,2019-01-01,338.0,01_01_19,0.24650814399999998,29.145978019999998,0.08216938133333333,1.4000276999999999,158.6960514,0.4666759,1.35346425,150.15800625000003,0.45115475,0.0,0.0,0.0,3.0,338.0,1.0,0.0,0.0,0.0,0.0,0.0,0.0,0.2726755961775778,32.24331781268117,0.09089186539252593,0.7134030312299726,85.13065229356289,0.23780101040999088,0.0678203795105218,7.94044728390871,0.022606793170173934,1.0121955573558805,133.48148486018178,0.33739851911862684,0.8721759170293808,72.34234429895878,0.29072530567646027,0.0617295075207947,6.86174423247574,0.020576502506931566
46,46,bull,2,0.0,0.0,0.35,30.0,0.0,0.0,abdgbx:abi8ms,SUPPORT:TRADING,True,2019-01-01,50.0,01_01_19,0.24241423,5.985589300000001,0.121207115,0.8431065600000001,21.0466428,0.42155328000000003,0.9144792900000001,22.967770199999997,0.45723964500000003,0.0,0.0,0.0,2.0,50.0,1.0,0.0,0.0,0.0,0.0,0.0,0.0,0.1800496838986873,4.021933563053606,0.09002484194934365,0.4180523306131362,9.02658030390739,0.2090261653065681,0.0213028287980705,0.462097234558313,0.01065141439903525,1.1031137704849243,30.23978888988495,0.5515568852424622,0.26110506802797306,5.890979245305059,0.13055253401398653,0.0163763707969336,0.358622164931144,0.0081881853984668
66,66,buy,2,17.0,0.0,0.775,0.0,17.0,0.0,abjhd8:abkz9h,Tool:Technical Analysis,False,2019-01-01,37.0,01_01_19,0.20367778,3.71684051,0.10183889,0.92889741,17.213969499999997,0.464448705,0.86742485,16.069190589999998,0.433712425,0.0,0.0,0.0,2.0,37.0,1.0,0.0,0.0,0.0,0.0,0.0,0.0,0.1480855718255042,2.471483051776884,0.0740427859127521,0.3582162708044051,6.188309654593466,0.17910813540220255,0.035918323323130504,0.6315595507621743,0.017959161661565252,1.1219536662101746,21.77665203809738,0.5609768331050873,0.31080061942338943,5.497717514634132,0.15540030971169472,0.0250253984704613,0.43427519127726444,0.01251269923523065
77,77,cardano,2,4.0,0.0,0.49,9.0,4.0,0.0,abm3ch:abll5o,GENERAL-NEWS:MEDIA,True,2019-01-01,33.0,01_01_19,0.18257274,3.26566668,0.09128637,0.9095499,14.945457399999999,0.45477495,0.90787734,14.78887572,0.45393867,0.0,0.0,0.0,2.0,33.0,1.0,0.0,0.0,0.0,0.0,0.0,0.0,0.1905066892504691,2.8244120031595212,0.09525334462523455,0.4484088122844695,7.122290909290312,0.22420440614223475,0.0448428206145763,0.6391094811260695,0.02242141030728815,0.6308406293392181,9.347582668066025,0.31542031466960907,0.644551545381546,12.422312289476395,0.322275772690773,0.0408495403826236,0.644293965771793,0.0204247701913118
64,64,cash,3,8.0,0.0,0.71,0.0,8.0,0.0,abirph:abll5o:abm1lp,EXCHANGE:MEDIA:FINANCE,True,2019-01-01,38.0,01_01_19,0.24777008,3.1815483999999996,0.08259002666666666,1.4007905,17.7728546,0.4669301666666667,1.3514393999999998,17.0455968,0.45047979999999993,0.0,0.0,0.0,3.0,38.0,1.0,0.0,0.0,0.0,0.0,0.0,0.0,0.23395744711160651,2.7962529212236396,0.07798581570386884,0.6745086312294004,8.461240291595455,0.22483621040980015,0.0583325177431106,0.6959551274776452,0.019444172581036867,0.8250288367271421,9.962172389030455,0.2750096122423807,1.1479511857032776,15.332124829292297,0.38265039523442584,0.0602214541286228,0.7522555999457808,0.020073818042874267
88,88,cash bitcoin,2,7.0,0.0,0.565,0.0,7.0,0.0,abirph:abll5o,EXCHANGE:MEDIA,True,2019-01-01,27.0,01_01_19,0.15978913,2.2137579499999998,0.079894565,0.9301718,12.5960489,0.4650859,0.91003905,12.19019295,0.455019525,0.0,0.0,0.0,2.0,27.0,1.0,0.0,0.0,0.0,0.0,0.0,0.0,0.1768726408481597,2.1683200523257247,0.08843632042407985,0.4599893838167189,6.10152857005596,0.22999469190835944,0.0442537739872932,0.5410889461636538,0.0221268869936466,0.6110433340072631,7.608331859111784,0.30552166700363154,0.6663745641708374,10.034781992435455,0.3331872820854187,0.0414663217961787,0.5459491442888957,0.02073316089808935
120,120,certain,2,3.0,0.0,0.815,0.0,3.0,0.0,ablra4:abmbs4,FOCUSED-DISCUSSION:FINANCE,False,2019-01-01,23.0,01_01_19,0.226446076,2.590252192,0.113223038,0.94612042,10.84143854,0.47306021,0.82743334,9.5683074,0.41371667,0.0,0.0,0.0,2.0,23.0,1.0,0.0,0.0,0.0,0.0,0.0,0.0,0.1464468091726302,1.6849611252546297,0.0732234045863151,0.4909383505582809,5.664256677031516,0.24546917527914044,0.0317471362650394,0.3626730814576144,0.0158735681325197,0.8540936708450317,9.792341738939285,0.42704683542251587,0.4505153894424438,5.193204820156097,0.2252576947212219,0.0262584490701555,0.30256031826138363,0.01312922453507775
42,42,coin,3,21.0,0.0,0.83,2.0,21.0,0.0,abhjdj:abnkhw:abidd6,GENERAL-NEWS:nan:nan,True,2019-01-01,53.0,01_01_19,0.36842446,6.32270094,0.12280815333333334,1.38795915,23.67837605,0.46265304999999995,1.24361647,22.99892526,0.41453882333333336,0.0,0.0,0.0,2.0,42.0,0.6666666666666666,1.0,11.0,0.3333333333333333,0.4588,5.0468,0.15293333333333334,0.22392504289746268,3.3753040432929966,0.0746416809658209,0.4603622704744338,6.5702773183584195,0.1534540901581446,0.0424954856280237,0.5585909592919045,0.0141651618760079,1.6548388004302979,34.15569221973419,0.551612933476766,0.5857182964682578,7.9051829725503895,0.19523943215608594,0.032660104567184794,0.4349531126208559,0.010886701522394931
25,25,com,5,22.0,0.0,0.7699999999999999,0.0,22.0,0.0,abhglf:abi2jk:ablra4:abjhd8:abidd6,GENERAL-NEWS:nan:FOCUSED-DISCUSSION:Tool:nan,True,2019-01-01,72.0,01_01_19,0.596453576,8.641151612000002,0.11929071520000001,2.24672847,32.08500533,0.44934569399999996,2.15681798,31.273843560000003,0.431363596,0.0,0.0,0.0,4.0,61.0,0.8,1.0,11.0,0.2,0.4588,5.0468,0.09176,0.4359269626438616,6.9740823172032815,0.08718539252877232,1.0757960528135297,17.2827922552824,0.21515921056270595,0.0736488311085849,1.1266303441952896,0.01472976622171698,2.337512582540512,31.195058047771454,0.46750251650810243,1.0174711123108864,14.525980047881603,0.20349422246217727,0.059644378954544296,0.8954560549464023,0.01192887579090886
121,121,community,2,1.0,0.0,0.69,2.0,1.0,0.0,abetec:abm1lp,GENERAL-NEWS:FINANCE,True,2019-01-01,23.0,01_01_19,0.21666471,2.51199557,0.108332355,0.8952741,10.2726705,0.44763705,0.8880612,10.21533405,0.4440306,0.0,0.0,0.0,2.0,23.0,1.0,0.0,0.0,0.0,0.0,0.0,0.0,0.1950405016541481,2.2834012135863304,0.09752025082707405,0.5660182088613509,6.577699258923529,0.28300910443067545,0.0317775066941976,0.3672513365745538,0.0158887533470988,0.49934792518615717,5.778189599514008,0.24967396259307859,0.6757939010858536,7.627950191497803,0.3378969505429268,0.0320220282301305,0.3655092064291219,0.01601101411506525
7,7,crypto,10,32.0,0.0,0.7569999999999999,11.0,32.0,0.0,abhwmf:abiw1n:ablra4:abkuz6:abmdkv:abm1lp:abi2ej:abidd6:abkv3o:abkz9h,MEDIA:GENERAL-NEWS:FOCUSED-DISCUSSION:TRADING:GENERAL-NEWS:FINANCE:Discussion:nan:nan:Technical Analysis,True,2019-01-01,143.0,01_01_19,1.115890656,16.008924982,0.1115890656,4.7889273,68.85379227000001,0.47889273,4.095181340000001,58.13727283,0.4095181340000001,0.0,0.0,0.0,9.0,132.0,0.9,1.0,11.0,0.1,0.4588,5.0468,0.04588,0.7334837093949312,10.11866803467273,0.07334837093949312,2.010567083954811,28.329687550663948,0.20105670839548107,0.1645260741934176,2.3509439714252887,0.01645260741934176,4.414865225553513,66.26187285780907,0.44148652255535126,2.5245811119675636,33.87454663217067,0.2524581111967564,0.1519764820113773,2.0642746118828583,0.01519764820113773
75,75,crypto market,2,13.0,0.0,0.94,1.0,13.0,0.0,abi2ej:abkz9h,Discussion:Technical Analysis,True,2019-01-01,34.0,01_01_19,0.16633301,2.94124442,0.083166505,0.9281971499999999,15.824806299999999,0.46409857499999996,0.90546982,15.233949039999999,0.45273491,0.0,0.0,0.0,2.0,34.0,1.0,0.0,0.0,0.0,0.0,0.0,0.0,0.1555306166410445,2.22379522025585,0.07776530832052225,0.3619080781936644,5.507276356220244,0.1809540390968322,0.0434299875050782,0.6537094227969624,0.0217149937525391,1.1038216948509216,20.313498973846436,0.5519108474254608,0.3041848316788673,4.844086870551108,0.15209241583943364,0.0311246486380696,0.45763037540018514,0.0155623243190348
104,104,crypto markets,2,3.0,0.0,0.62,1.0,3.0,0.0,abkuz6:abkv3o,TRADING:nan,True,2019-01-01,24.0,01_01_19,0.25665506,3.07986072,0.12832753,0.9745406,11.694487200000001,0.4872703,0.768804,9.225648,0.384402,0.0,0.0,0.0,2.0,24.0,1.0,0.0,0.0,0.0,0.0,0.0,0.0,0.1636591553688048,1.9639098644256574,0.0818295776844024,0.4325792491436004,5.190950989723205,0.2162896245718002,0.0281474515795706,0.3377694189548472,0.0140737257897853,0.85015070438385,10.2018084526062,0.425075352191925,0.485429972410202,5.825159668922424,0.242714986205101,0.0400334633886814,0.4804015606641767,0.0200167316943407
84,84,cryptocurrencies,2,3.0,0.0,0.6,7.0,3.0,0.0,ablra4:abkk9p,FOCUSED-DISCUSSION:GENERAL-NEWS,True,2019-01-01,30.0,01_01_19,0.19878047599999998,2.9819764319999997,0.09939023799999999,0.93683815,14.25840318,0.468419075,0.86438131,12.75961962,0.432190655,0.0,0.0,0.0,2.0,30.0,1.0,0.0,0.0,0.0,0.0,0.0,0.0,0.1563630402088165,2.3702573776245113,0.07818152010440825,0.3781761154532432,5.223561152815817,0.1890880577266216,0.0257000774145126,0.38187389820814077,0.0128500387072563,0.8965424597263335,13.753896117210385,0.44827122986316675,0.5195128917694092,7.926018834114075,0.2597564458847046,0.0237053278833627,0.34439163096249004,0.01185266394168135
20,20,cryptocurrency,2,52.0,0.0,0.8500000000000001,8.0,52.0,0.0,abia2e:abgw7h,FINANCE:POLITICS,True,2019-01-01,80.0,01_01_19,0.17713626,6.5822036,0.08856813,0.9135561299999999,37.3087833,0.45677806499999996,0.9093077199999999,36.1090172,0.45465385999999997,0.0,0.0,0.0,2.0,80.0,1.0,0.0,0.0,0.0,0.0,0.0,0.0,0.13114227727055539,5.71523409336805,0.06557113863527769,0.2166442573070525,9.50114548206329,0.10832212865352625,0.0129366919863969,0.574753282126039,0.00646834599319845,1.2848909497261047,47.88952052593231,0.6424454748630524,0.343127779662609,15.818633213639256,0.1715638898313045,0.011258110636845101,0.500716033857311,0.0056290553184225505
143,143,cryptos,2,1.0,0.0,0.69,0.0,1.0,0.0,abll5o:abmbs4,MEDIA:FINANCE,True,2019-01-01,21.0,01_01_19,0.1989089,2.11618972,0.09945445,0.9715596,10.2276025,0.4857798,0.82953138,8.65620648,0.41476569,0.0,0.0,0.0,2.0,21.0,1.0,0.0,0.0,0.0,0.0,0.0,0.0,0.1921884194016455,1.9942847788333875,0.09609420970082275,0.4724736660718917,4.951740190386771,0.23623683303594584,0.048467583954334204,0.5029683932662004,0.024233791977167102,0.8538401424884796,8.995183736085892,0.4269200712442398,0.39777779579162587,4.190757811069488,0.19888889789581293,0.035252260044217,0.36506367102265236,0.0176261300221085
15,15,day,5,20.0,0.0,0.708,17.0,20.0,0.0,abi2lv:abie91:ablra4:abidd6:abe40c,nan:EXCHANGE:FOCUSED-DISCUSSION:nan:Exchange,True,2019-01-01,87.0,01_01_19,0.5693414,9.50472744,0.11386828,2.44783328,42.78284088,0.48956665599999993,1.98282522,34.712430510000004,0.39656504400000003,0.0,0.0,0.0,4.0,76.0,0.8,1.0,11.0,0.2,0.4588,5.0468,0.09176,0.37415776401758183,6.6904818639159185,0.07483155280351636,1.0452604368329048,15.855943061411379,0.20905208736658096,0.0750507712364196,1.2345219440758213,0.015010154247283919,1.8163580894470215,34.55652531981468,0.3632716178894043,1.611890286207199,27.44396135210991,0.3223780572414398,0.07728263083845349,1.2185666672885378,0.015456526167690698
82,82,delayed,2,0.0,0.0,0.3399999999999999,12.0,0.0,0.0,abdgbx:abetec,SUPPORT:GENERAL-NEWS,True,2019-01-01,32.0,01_01_19,0.25736752,4.11788032,0.12868376,0.8493108,13.5889728,0.4246554,0.8933217,14.2931472,0.44666085,0.0,0.0,0.0,2.0,32.0,1.0,0.0,0.0,0.0,0.0,0.0,0.0,0.2759113907814026,4.414582252502441,0.1379556953907013,0.7029979228973388,11.24796676635742,0.3514989614486694,0.0353975258767604,0.5663604140281664,0.0176987629383802,0.5707248449325562,9.131597518920898,0.2853624224662781,0.3884345591068268,6.2149529457092285,0.1942172795534134,0.0265337917953728,0.42454066872596485,0.0132668958976864
86,86,discount,2,7.0,0.0,0.65,0.0,7.0,0.0,ablra4:abjhd8,FOCUSED-DISCUSSION:Tool,True,2019-01-01,27.0,01_01_19,0.208498306,2.8294385220000002,0.104249153,0.89436728,12.11316744,0.44718364,0.89713439,12.05739387,0.448567195,0.0,0.0,0.0,2.0,27.0,1.0,0.0,0.0,0.0,0.0,0.0,0.0,0.1863890141248702,2.5736965388059603,0.0931945070624351,0.5057131499052047,6.79389278590679,0.25285657495260233,0.0361179485917091,0.5014054812490935,0.01805897429585455,0.812501162290573,10.995583355426787,0.4062505811452865,0.4289492666721344,5.721632391214371,0.2144746333360672,0.0303293177857994,0.4137876313179717,0.0151646588928997
51,51,don,2,17.0,0.0,0.87,11.0,17.0,0.0,abie91:abm1lp,EXCHANGE:FINANCE,True,2019-01-01,48.0,01_01_19,0.18741607,4.64688989,0.093708035,0.97334293,23.777602209999998,0.486671465,0.839241,19.575507899999998,0.4196205,0.0,0.0,0.0,2.0,48.0,1.0,0.0,0.0,0.0,0.0,0.0,0.0,0.1394016221165657,3.673655055463314,0.06970081105828285,0.3287605419754981,6.5866396203637105,0.16438027098774904,0.026324238628148998,0.6079494915902606,0.013162119314074499,0.7132166028022765,20.825391232967373,0.35660830140113825,0.7635539770126343,15.730504989624023,0.38177698850631714,0.0287430817261337,0.5758605832234003,0.01437154086306685
34,34,entire,2,37.0,0.0,0.765,5.0,37.0,0.0,abia2e:ablra4,FINANCE:FOCUSED-DISCUSSION,False,2019-01-01,62.0,01_01_19,0.162751146,4.362433772,0.081375573,0.92921889,29.96461554,0.464609445,0.90802994,27.67295192,0.45401497,0.0,0.0,0.0,2.0,62.0,1.0,0.0,0.0,0.0,0.0,0.0,0.0,0.163094513118267,5.340969130396841,0.0815472565591335,0.4140257090330123,10.671762257814404,0.20701285451650614,0.0227872086688876,0.628086296841502,0.0113936043344438,0.8644509613513947,28.12471640110016,0.4322254806756973,0.5137755274772644,16.662425994873047,0.2568877637386322,0.021866014227271,0.5720403287559722,0.0109330071136355
144,144,eos,2,0.0,0.0,0.26,1.0,0.0,0.0,abh51k:abll5o,GENERAL-NEWS:MEDIA,True,2019-01-01,21.0,01_01_19,0.18553865,1.96911697,0.092769325,0.87800426,9.19849376,0.43900213,0.93645714,9.832389840000001,0.46822857,0.0,0.0,0.0,2.0,21.0,1.0,0.0,0.0,0.0,0.0,0.0,0.0,0.16188182309269888,1.6609122194349748,0.08094091154634944,0.3120235055685042,3.1867884248495084,0.1560117527842521,0.0337790960911661,0.34139502677135125,0.01688954804558305,1.2148091793060303,12.965843141078949,0.6074045896530151,0.2516857311129569,2.583745099604129,0.12584286555647844,0.025820664362981798,0.26131611852906517,0.012910332181490899
76,76,eth,3,3.0,0.0,0.89,1.0,3.0,0.0,abm1lp:abi2ej:abidd6,FINANCE:Discussion:nan,True,2019-01-01,34.0,01_01_19,0.30533017,3.4304400500000005,0.10177672333333333,1.4394264300000001,16.29324383,0.47980881000000003,1.25524335,14.276315550000001,0.41841445,0.0,0.0,0.0,2.0,23.0,0.6666666666666666,1.0,11.0,0.3333333333333333,0.4588,5.0468,0.15293333333333334,0.2463609054684638,2.829757794737815,0.08212030182282126,0.6120199561119077,6.977689653635023,0.2040066520373026,0.0604818277060985,0.6954751349985593,0.020160609235366167,1.0329409837722776,11.759408652782437,0.34431366125742585,0.9937913417816162,11.116502702236176,0.33126378059387207,0.05440501216799,0.6211663233116246,0.018135004055996665
28,28,event,4,18.0,0.0,0.55,11.0,18.0,0.0,abj2um:abie91:abidd6:abdjwg,ADOPTION:EXCHANGE:nan:nan,True,2019-01-01,69.0,01_01_19,0.49747174000000005,7.9437717899999996,0.12436793500000001,1.86787277,33.19897929,0.4669681925,1.6346555900000002,27.857249950000003,0.40866389750000004,0.0,0.0,0.0,3.0,58.0,0.75,1.0,11.0,0.25,0.4588,5.0468,0.1147,0.24419591575860972,4.784298297017812,0.06104897893965243,0.4503896459937094,7.858006395399568,0.11259741149842735,0.0398691913578658,0.7533399057574551,0.00996729783946645,2.291403353214264,37.36769413948059,0.572850838303566,0.9378149136900901,17.58048750460148,0.23445372842252252,0.0363270363304761,0.6561746089719195,0.009081759082619024
53,53,exchange,4,5.0,0.0,0.8225,0.0,5.0,0.0,abgned:abi4as:abj2um:abihy0,nan:EXCHANGE:ADOPTION:Exchange,True,2019-01-01,45.0,01_01_19,0.45909781000000005,5.14043001,0.11477445250000001,1.91034383,21.494096770000002,0.4775859575,1.6305584100000001,18.36547378,0.40763960250000003,0.0,0.0,0.0,4.0,45.0,1.0,0.0,0.0,0.0,0.0,0.0,0.0,0.24987535551190349,2.812217872589824,0.06246883887797587,0.7591572552919386,8.558024466037748,0.18978931382298464,0.0462839417159556,0.5192232644185409,0.0115709854289889,1.4147458672523499,15.764924690127373,0.35368646681308746,1.4837967455387115,16.82640615105629,0.3709491863846779,0.046140703372657,0.5192020926624503,0.01153517584316425
126,126,exchange offering,2,3.0,0.0,0.875,0.0,3.0,0.0,abi4as:abihy0,EXCHANGE:Exchange,False,2019-01-01,23.0,01_01_19,0.1807082,2.0781443,0.0903541,0.96062928,11.04723672,0.48031464,0.85866254,9.874619209999999,0.42933127,0.0,0.0,0.0,2.0,23.0,1.0,0.0,0.0,0.0,0.0,0.0,0.0,0.1271779239177702,1.4625461250543572,0.0635889619588851,0.4145893156528472,4.767777130007742,0.2072946578264236,0.0201998110860586,0.23229782748967387,0.0100999055430293,0.4054403007030486,4.662563458085058,0.2027201503515243,1.0092839002609253,11.60676485300064,0.5046419501304626,0.0233087111264466,0.2680501779541359,0.0116543555632233
40,40,exchanges,2,23.0,0.0,0.745,11.0,23.0,0.0,abirph:abie91,EXCHANGE:EXCHANGE,True,2019-01-01,54.0,01_01_19,0.18741607,5.174775589999999,0.093708035,0.97334293,26.60131441,0.486671465,0.839241,22.22391,0.4196205,0.0,0.0,0.0,2.0,54.0,1.0,0.0,0.0,0.0,0.0,0.0,0.0,0.1394016221165657,4.016163893043995,0.06970081105828285,0.3287605419754981,7.8737551048398,0.16438027098774904,0.026324238628148998,0.692421954125165,0.013162119314074499,0.7132166028022765,22.109304249286648,0.35660830140113825,0.7635539770126343,18.619964718818665,0.38177698850631714,0.0287430817261337,0.6883913772180649,0.01437154086306685
127,127,feedback,2,3.0,0.0,0.65,0.0,3.0,0.0,ablra4:abidd6,FOCUSED-DISCUSSION:nan,True,2019-01-01,23.0,01_01_19,0.244886396,2.7930957120000004,0.122443198,0.94336855,10.81116797,0.471684275,0.81174496,9.39573522,0.40587248,0.0,0.0,0.0,1.0,12.0,0.5,1.0,11.0,0.5,0.4588,5.0468,0.2294,0.14353448897600168,1.6529256030917163,0.07176724448800084,0.4159653931856155,4.839554145932197,0.20798269659280774,0.0296826362609863,0.3399635814130303,0.01484131813049315,0.8192090094089507,9.408610463142393,0.40960450470447535,0.5649523138999939,6.452010989189148,0.28247615694999695,0.0266560688614844,0.3069341359660015,0.0133280344307422
81,81,fight,2,0.0,0.0,0.3399999999999999,12.0,0.0,0.0,abdgbx:abetec,SUPPORT:GENERAL-NEWS,True,2019-01-01,32.0,01_01_19,0.25736752,4.11788032,0.12868376,0.8493108,13.5889728,0.4246554,0.8933217,14.2931472,0.44666085,0.0,0.0,0.0,2.0,32.0,1.0,0.0,0.0,0.0,0.0,0.0,0.0,0.2759113907814026,4.414582252502441,0.1379556953907013,0.7029979228973388,11.24796676635742,0.3514989614486694,0.0353975258767604,0.5663604140281664,0.0176987629383802,0.5707248449325562,9.131597518920898,0.2853624224662781,0.3884345591068268,6.2149529457092285,0.1942172795534134,0.0265337917953728,0.42454066872596485,0.0132668958976864
90,90,free,2,6.0,0.0,0.835,0.0,6.0,0.0,abi4as:abjhd8,EXCHANGE:Tool,False,2019-01-01,26.0,01_01_19,0.19950705000000002,2.63118935,0.09975352500000001,0.9405680000000001,12.18726144,0.47028400000000004,0.859925,11.18154992,0.4299625,0.0,0.0,0.0,2.0,26.0,1.0,0.0,0.0,0.0,0.0,0.0,0.0,0.1759317517280577,2.384620428085325,0.08796587586402885,0.44907298684120167,5.906916171312331,0.22453649342060084,0.0327632715925574,0.4510494517162438,0.0163816357962787,0.6179099529981612,8.45776869356632,0.3089549764990806,0.696055680513382,8.422267407178879,0.348027840256691,0.0282662948593496,0.3773770006373508,0.0141331474296748
69,69,gains,2,10.0,0.0,0.55,6.0,10.0,0.0,ablopb:ablxl9,MEDIA:News,True,2019-01-01,36.0,01_01_19,0.20894683000000003,3.3503666900000004,0.10447341500000001,1.0043596,18.0077245,0.5021798,0.78669358,14.64190934,0.39334679,0.0,0.0,0.0,1.0,23.0,0.5,1.0,13.0,0.5,0.4588,5.9643999999999995,0.2294,0.15853655338287348,2.9514580816030493,0.07926827669143674,0.3021214604377746,5.428487867116926,0.1510607302188873,0.0255606798455119,0.4256150992587207,0.01278033992275595,0.8890372514724731,16.228880286216736,0.4445186257362366,0.6036567687988281,10.609937906265259,0.30182838439941406,0.0210873261094092,0.35562159679829863,0.0105436630547046
80,80,going,2,2.0,0.0,0.4649999999999999,10.0,2.0,0.0,abdgbx:ablra4,SUPPORT:FOCUSED-DISCUSSION,False,2019-01-01,32.0,01_01_19,0.228029116,3.7658194720000004,0.114014558,0.85876932,13.70247504,0.42938466,0.9132015099999999,14.53170492,0.45660075499999997,0.0,0.0,0.0,2.0,32.0,1.0,0.0,0.0,0.0,0.0,0.0,0.0,0.2120019197463989,3.647668600082397,0.10600095987319945,0.615433782339096,10.197197079658507,0.307716891169548,0.0311533454805612,0.515430249273776,0.0155766727402806,0.6826737821102142,10.474984765052795,0.3413368910551071,0.4317528158426285,6.734772026538849,0.21587640792131424,0.0269842743873595,0.4299464598298052,0.01349213719367975
137,137,good,2,2.0,0.0,1.0,0.0,2.0,0.0,abgned:abi4as,nan:EXCHANGE,False,2019-01-01,22.0,01_01_19,0.22997860000000003,2.5297646,0.11498930000000002,0.9925864400000001,10.918450840000002,0.49629322000000003,0.77743494,8.55178434,0.38871747,0.0,0.0,0.0,2.0,22.0,1.0,0.0,0.0,0.0,0.0,0.0,0.0,0.1359895467758177,1.4958850145339946,0.06799477338790885,0.4342981874942779,4.7772800624370575,0.21714909374713895,0.028392459265887703,0.3123170519247647,0.014196229632943851,0.6595024615526199,7.254527077078819,0.32975123077630997,0.7176218032836914,7.8938398361206055,0.3588109016418457,0.0241954261437057,0.2661496875807627,0.01209771307185285
56,56,great,3,3.0,0.0,0.6433333333333333,10.0,3.0,0.0,abdgbx:ablra4:abm1lp,SUPPORT:FOCUSED-DISCUSSION:FINANCE,False,2019-01-01,43.0,01_01_19,0.31601006600000003,4.733609922,0.10533668866666668,1.32938802,18.87928074,0.44312934,1.3546018599999998,19.387108769999998,0.4515339533333333,0.0,0.0,0.0,3.0,43.0,1.0,0.0,0.0,0.0,0.0,0.0,0.0,0.2690867260098457,4.2756014689803115,0.08969557533661522,0.8299530297517774,12.556908801198002,0.27665100991725916,0.0452320892363786,0.6702964305877674,0.015077363078792866,0.8966592848300934,12.828825294971466,0.2988864282766978,0.9133294373750687,12.032114863395691,0.3044431457916896,0.0457394067198036,0.6362529154866903,0.015246468906601201
124,124,guys,2,3.0,0.0,0.815,0.0,3.0,0.0,ablra4:abmbs4,FOCUSED-DISCUSSION:FINANCE,True,2019-01-01,23.0,01_01_19,0.226446076,2.590252192,0.113223038,0.94612042,10.84143854,0.47306021,0.82743334,9.5683074,0.41371667,0.0,0.0,0.0,2.0,23.0,1.0,0.0,0.0,0.0,0.0,0.0,0.0,0.1464468091726302,1.6849611252546297,0.0732234045863151,0.4909383505582809,5.664256677031516,0.24546917527914044,0.0317471362650394,0.3626730814576144,0.0158735681325197,0.8540936708450317,9.792341738939285,0.42704683542251587,0.4505153894424438,5.193204820156097,0.2252576947212219,0.0262584490701555,0.30256031826138363,0.01312922453507775
63,63,happened,2,11.0,0.0,0.905,8.0,11.0,0.0,abmdkv:abdwva,GENERAL-NEWS:News,False,2019-01-01,39.0,01_01_19,0.20526892000000002,3.9547538400000004,0.10263446000000001,0.95091353,18.95182581,0.475456765,0.8438175,16.093419750000002,0.42190875,0.0,0.0,0.0,2.0,39.0,1.0,0.0,0.0,0.0,0.0,0.0,0.0,0.15119028836488718,3.04903569817543,0.07559514418244359,0.2458293512463569,4.663571633398532,0.12291467562317845,0.0248476425185799,0.4818541333079328,0.01242382125928995,1.0133647918701172,19.648844003677368,0.5066823959350586,0.5444550216197968,10.763120591640472,0.2722275108098984,0.0203129770234226,0.3935749651864152,0.0101564885117113
123,123,happy,2,3.0,0.0,0.815,0.0,3.0,0.0,ablra4:abm1lp,FOCUSED-DISCUSSION:FINANCE,False,2019-01-01,23.0,01_01_19,0.187326306,2.159934722,0.093663153,0.90473262,10.38617274,0.45236631,0.90794101,10.45389177,0.453970505,0.0,0.0,0.0,2.0,23.0,1.0,0.0,0.0,0.0,0.0,0.0,0.0,0.1311310306191444,1.516487561166286,0.0655655153095722,0.4784540683031081,5.526929572224615,0.23922703415155405,0.0275333262979984,0.3163211718201634,0.0137666631489992,0.6112968623638152,7.121576845645903,0.3056484311819076,0.7191121578216553,8.147769272327423,0.35955607891082764,0.032472510822117204,0.3709149975329623,0.016236255411058602
128,128,happy new,2,3.0,0.0,0.815,0.0,3.0,0.0,ablra4:abm1lp,FOCUSED-DISCUSSION:FINANCE,True,2019-01-01,23.0,01_01_19,0.187326306,2.159934722,0.093663153,0.90473262,10.38617274,0.45236631,0.90794101,10.45389177,0.453970505,0.0,0.0,0.0,2.0,23.0,1.0,0.0,0.0,0.0,0.0,0.0,0.0,0.1311310306191444,1.516487561166286,0.0655655153095722,0.4784540683031081,5.526929572224615,0.23922703415155405,0.0275333262979984,0.3163211718201634,0.0137666631489992,0.6112968623638152,7.121576845645903,0.3056484311819076,0.7191121578216553,8.147769272327423,0.35955607891082764,0.032472510822117204,0.3709149975329623,0.016236255411058602
85,85,heard,2,1.0,0.0,0.75,6.0,1.0,0.0,abi2lv:abe40c,nan:Exchange,True,2019-01-01,27.0,01_01_19,0.225019884,3.032532288,0.112509942,1.0017405,13.3708764,0.50087025,0.7732396100000001,10.59659124,0.38661980500000004,0.0,0.0,0.0,2.0,27.0,1.0,0.0,0.0,0.0,0.0,0.0,0.0,0.1483064591884612,1.991834074258803,0.0741532295942306,0.5150537490844727,6.789461016654968,0.25752687454223633,0.0331226401031017,0.44147505238652185,0.01656132005155085,0.4979179799556732,6.676364153623581,0.2489589899778366,0.7649606168270111,10.55878821015358,0.38248030841350555,0.0406386125832795,0.542078403756021,0.02031930629163975
131,131,hey,2,3.0,0.0,0.815,0.0,3.0,0.0,ablra4:abmbs4,FOCUSED-DISCUSSION:FINANCE,True,2019-01-01,23.0,01_01_19,0.226446076,2.590252192,0.113223038,0.94612042,10.84143854,0.47306021,0.82743334,9.5683074,0.41371667,0.0,0.0,0.0,2.0,23.0,1.0,0.0,0.0,0.0,0.0,0.0,0.0,0.1464468091726302,1.6849611252546297,0.0732234045863151,0.4909383505582809,5.664256677031516,0.24546917527914044,0.0317471362650394,0.3626730814576144,0.0158735681325197,0.8540936708450317,9.792341738939285,0.42704683542251587,0.4505153894424438,5.193204820156097,0.2252576947212219,0.0262584490701555,0.30256031826138363,0.01312922453507775
19,19,higher,2,35.0,0.0,0.65,25.0,35.0,0.0,abi8ms:abia2e,TRADING:FINANCE,False,2019-01-01,80.0,01_01_19,0.17713626,6.5822036,0.08856813,0.9135561299999999,37.3087833,0.45677806499999996,0.9093077199999999,36.1090172,0.45465385999999997,0.0,0.0,0.0,2.0,80.0,1.0,0.0,0.0,0.0,0.0,0.0,0.0,0.13114227727055539,5.71523409336805,0.06557113863527769,0.2166442573070525,9.50114548206329,0.10832212865352625,0.0129366919863969,0.574753282126039,0.00646834599319845,1.2848909497261047,47.88952052593231,0.6424454748630524,0.343127779662609,15.818633213639256,0.1715638898313045,0.011258110636845101,0.500716033857311,0.0056290553184225505
48,48,hopefully,2,18.0,0.0,0.685,11.0,18.0,0.0,abie91:ablra4,EXCHANGE:FOCUSED-DISCUSSION,False,2019-01-01,49.0,01_01_19,0.19878047599999998,4.871243712,0.09939023799999999,0.93683815,23.81016355,0.468419075,0.86438131,20.31859197,0.432190655,0.0,0.0,0.0,2.0,49.0,1.0,0.0,0.0,0.0,0.0,0.0,0.0,0.1563630402088165,3.9342768788337703,0.07818152010440825,0.3781761154532432,7.394145749509333,0.1890880577266216,0.0257000774145126,0.6145383007824412,0.0128500387072563,0.8965424597263335,23.239287018775936,0.44827122986316675,0.5195128917694092,13.283588588237762,0.2597564458847046,0.0237053278833627,0.5341626694425924,0.01185266394168135
130,130,http,2,3.0,0.0,0.815,0.0,3.0,0.0,abgned:ablra4,nan:FOCUSED-DISCUSSION,True,2019-01-01,23.0,01_01_19,0.238969856,2.728013772,0.119484928,0.9463857200000001,10.84435684,0.47319286000000005,0.8146443299999999,9.42762829,0.40732216499999996,0.0,0.0,0.0,2.0,23.0,1.0,0.0,0.0,0.0,0.0,0.0,0.0,0.1464468091726302,1.6849611252546297,0.0732234045863151,0.4909383505582809,5.664256677031516,0.24546917527914044,0.0317471362650394,0.3626730814576144,0.0158735681325197,0.8540936708450317,9.792341738939285,0.42704683542251587,0.4505153894424438,5.193204820156097,0.2252576947212219,0.0262584490701555,0.30256031826138363,0.01312922453507775
35,35,https,5,10.0,0.0,0.7939999999999999,1.0,10.0,0.0,abhhor:abi2jk:ablra4:abjhd8:abidd6,FINANCE:nan:FOCUSED-DISCUSSION:Tool:nan,True,2019-01-01,61.0,01_01_19,0.5666616760000001,6.868127452,0.11333233520000001,2.29729097,28.02054593,0.45945819400000004,2.13604737,26.11132689,0.427209474,0.0,0.0,0.0,4.0,50.0,0.8,1.0,11.0,0.2,0.4588,5.0468,0.09176,0.3897906281054018,4.902933653444049,0.07795812562108037,1.0011738985776901,12.520837828516958,0.20023477971553802,0.0726610331330447,0.920090376166625,0.01453220662660894,2.3256359100341797,27.913551330566406,0.46512718200683595,1.1509926542639732,13.991848476231096,0.23019853085279465,0.0597458288539198,0.750737598864358,0.011949165770783959
89,89,https www,2,7.0,0.0,0.65,0.0,7.0,0.0,ablra4:abjhd8,FOCUSED-DISCUSSION:Tool,True,2019-01-01,27.0,01_01_19,0.208498306,2.8294385220000002,0.104249153,0.89436728,12.11316744,0.44718364,0.89713439,12.05739387,0.448567195,0.0,0.0,0.0,2.0,27.0,1.0,0.0,0.0,0.0,0.0,0.0,0.0,0.1863890141248702,2.5736965388059603,0.0931945070624351,0.5057131499052047,6.79389278590679,0.25285657495260233,0.0361179485917091,0.5014054812490935,0.01805897429585455,0.812501162290573,10.995583355426787,0.4062505811452865,0.4289492666721344,5.721632391214371,0.2144746333360672,0.0303293177857994,0.4137876313179717,0.0151646588928997
67,67,ico,3,7.0,0.0,0.7799999999999999,0.0,7.0,0.0,abgned:abjhd8:abidd6,nan:Tool:nan,True,2019-01-01,37.0,01_01_19,0.39431849,4.774115190000001,0.13143949666666668,1.48177979,18.14059113,0.49392659666666666,1.1239017,14.08529362,0.3746339,0.0,0.0,0.0,2.0,26.0,0.6666666666666666,1.0,11.0,0.3333333333333333,0.4588,5.0468,0.15293333333333334,0.2542316392064093,3.245919190347193,0.08474387973546976,0.6208124309778214,7.796050056815147,0.20693747699260712,0.0571839734911918,0.7196771726012221,0.019061324497063933,1.2938697636127472,15.893326610326767,0.4312899212042491,0.7318103611469269,8.815568894147873,0.24393678704897562,0.04209170024842,0.5294564599171252,0.014030566749473334
93,93,information,2,6.0,0.0,0.835,0.0,6.0,0.0,abgned:abjhd8,nan:Tool,True,2019-01-01,26.0,01_01_19,0.24877745,3.1731637500000005,0.124388725,0.97252516,12.538790200000001,0.48626258,0.7786974,10.28804632,0.3893487,0.0,0.0,0.0,2.0,26.0,1.0,0.0,0.0,0.0,0.0,0.0,0.0,0.18474337458610518,2.4815482795238477,0.09237168729305259,0.46878185868263245,6.1237137615680695,0.23439092934131622,0.0409559197723865,0.5411685816943639,0.02047795988619325,0.8719721138477325,11.252452462911606,0.43598605692386627,0.404393583536148,5.213984340429306,0.202196791768074,0.0291530098766087,0.3871308658272009,0.01457650493830435
33,33,instead,3,13.0,0.0,0.7599999999999999,20.0,13.0,0.0,abi8ms:abmbs4:abkz9h,TRADING:FINANCE:Technical Analysis,False,2019-01-01,63.0,01_01_19,0.33535602,6.88956828,0.11178534,1.39910171,28.4957754,0.4663672366666667,1.26554224,27.61465732,0.42184741333333337,0.0,0.0,0.0,3.0,63.0,1.0,0.0,0.0,0.0,0.0,0.0,0.0,0.1502373553812502,2.845567293465134,0.05007911846041673,0.40999484062194813,7.055274620652195,0.1366649468739827,0.035151576856151105,0.6009491267614042,0.011717192285383702,1.9812975227832794,45.105950862169266,0.6604325075944265,0.39925453066825856,6.975923597812649,0.13308484355608619,0.024064004654064598,0.4163321251980924,0.0080213348846882
140,140,invest,2,1.0,0.0,0.75,0.0,1.0,0.0,abgned:abenxi,nan:News,True,2019-01-01,21.0,01_01_19,0.25593304,2.6989549000000004,0.12796652,0.9643280300000001,10.155552100000001,0.48216401500000006,0.77973907,8.14549437,0.389869535,0.0,0.0,0.0,2.0,21.0,1.0,0.0,0.0,0.0,0.0,0.0,0.0,0.1499887257814406,1.5722878426313387,0.0749943628907203,0.4754481613636016,4.98148514330387,0.2377240806818008,0.0389300119131803,0.4075926728546614,0.01946500595659015,0.7668411135673523,8.125193446874619,0.38342055678367615,0.5306975841522217,5.519955694675446,0.26534879207611084,0.038094289600849,0.39348396658897244,0.0190471448004245
37,37,iran,2,36.0,0.0,0.81,4.0,36.0,0.0,abhjdj:abgw7h,GENERAL-NEWS:POLITICS,True,2019-01-01,60.0,01_01_19,0.22746094,6.8238282,0.11373047,0.83690232,25.1070696,0.41845116,0.93563688,28.0691064,0.46781844,0.0,0.0,0.0,2.0,60.0,1.0,0.0,0.0,0.0,0.0,0.0,0.0,0.084187977015972,2.52563931047916,0.042093988507986,0.1331067383289336,3.993202149868008,0.0665533691644668,0.0072081317193806,0.216243951581418,0.0036040658596903,1.6355026960372925,49.065080881118774,0.8177513480186462,0.1337755769491194,4.013267308473582,0.0668877884745597,0.0062189497984944,0.186568493954832,0.0031094748992472
17,17,january,5,21.0,0.0,0.638,12.0,21.0,0.0,abj2um:abie91:abkuz6:abidd6:abkv3o,ADOPTION:EXCHANGE:TRADING:nan:nan,True,2019-01-01,83.0,01_01_19,0.64039633,9.88632781,0.128079266,2.42396221,40.70895489,0.484792442,1.93564115,32.404713550000004,0.38712822999999996,0.0,0.0,0.0,4.0,72.0,0.8,1.0,11.0,0.2,0.4588,5.0468,0.09176,0.3657610826194285,6.3272682763636094,0.0731522165238857,0.8164155259728431,12.383423693478106,0.16328310519456862,0.0644125770777461,1.0550686661153992,0.01288251541554922,2.3238027095794678,39.39198911190032,0.46476054191589355,1.3563570976257324,22.736769288778305,0.2712714195251465,0.0732510248199103,1.105481420643624,0.01465020496398206
116,116,january 1st,2,3.0,0.0,0.62,1.0,3.0,0.0,abkuz6:abkv3o,TRADING:nan,True,2019-01-01,24.0,01_01_19,0.25665506,3.07986072,0.12832753,0.9745406,11.694487200000001,0.4872703,0.768804,9.225648,0.384402,0.0,0.0,0.0,2.0,24.0,1.0,0.0,0.0,0.0,0.0,0.0,0.0,0.1636591553688048,1.9639098644256574,0.0818295776844024,0.4325792491436004,5.190950989723205,0.2162896245718002,0.0281474515795706,0.3377694189548472,0.0140737257897853,0.85015070438385,10.2018084526062,0.425075352191925,0.485429972410202,5.825159668922424,0.242714986205101,0.0400334633886814,0.4804015606641767,0.0200167316943407
38,38,january 2019,3,18.0,0.0,0.65,11.0,18.0,0.0,abj2um:abie91:abidd6,ADOPTION:EXCHANGE:nan,True,2019-01-01,59.0,01_01_19,0.38374127,6.80646709,0.12791375666666668,1.44942161,29.01446769,0.4831405366666666,1.16683715,23.179065550000004,0.3889457166666667,0.0,0.0,0.0,2.0,48.0,0.6666666666666666,1.0,11.0,0.3333333333333333,0.4588,5.0468,0.15293333333333334,0.2021019272506237,4.363358411937952,0.06736730908354123,0.3838362768292426,7.1924727037549,0.12794542560974753,0.036265125498175496,0.7172992471605522,0.012088375166058499,1.4736520051956177,29.190180659294125,0.4912173350652059,0.8709271252155304,16.91160961985588,0.29030904173851013,0.0332175614312289,0.6250798599794475,0.0110725204770763
57,57,job,2,2.0,0.0,0.515,20.0,2.0,0.0,abi8ms:ablra4,TRADING:FOCUSED-DISCUSSION,True,2019-01-01,42.0,01_01_19,0.213075826,4.604058372,0.106537913,0.85256508,17.762901839999998,0.42628254,0.9343591,19.63304112,0.46717955,0.0,0.0,0.0,2.0,42.0,1.0,0.0,0.0,0.0,0.0,0.0,0.0,0.1161402128636836,2.1513743475079514,0.0580701064318418,0.3304881900548934,5.163818925619123,0.1652440950274467,0.0170586484018713,0.269576966296881,0.00852932420093565,1.2150627076625824,29.30027675628662,0.6075313538312912,0.30442332476377476,4.857060089707372,0.15221166238188738,0.016826853388920298,0.2578927888534932,0.008413426694460149
14,14,join,3,37.0,0.0,0.7999999999999999,22.0,37.0,0.0,abgned:abjhd8:abi7in,nan:Tool:nan,True,2019-01-01,89.0,01_01_19,0.36508599,10.50060177,0.12169533,1.42458139,41.01833269,0.4748604633333333,1.2103328,37.48107652,0.40344426666666666,0.0,0.0,0.0,3.0,89.0,1.0,0.0,0.0,0.0,0.0,0.0,0.0,0.2623315155506132,7.369601160287852,0.08744383851687106,0.7172264903783797,21.775725558400147,0.23907549679279325,0.061593377962708404,1.8413284476846437,0.020531125987569468,1.1820309162139893,30.78615701198578,0.3940103054046631,0.722111314535141,25.23020139336586,0.24070377151171365,0.054706228896975295,1.9969836641102967,0.0182354096323251
9,9,just,6,32.0,0.0,0.6933333333333334,32.0,32.0,0.0,abi8ms:abie91:ablra4:abli60:abmbs4:abkz9h,TRADING:EXCHANGE:FOCUSED-DISCUSSION:GENERAL-NEWS:FINANCE:Technical Analysis,False,2019-01-01,124.0,01_01_19,0.645402076,13.095998951999999,0.10756701266666667,2.78195382,57.65810646999999,0.46365897,2.57264399,53.245894570000004,0.42877399833333335,0.0,0.0,0.0,6.0,124.0,1.0,0.0,0.0,0.0,0.0,0.0,0.0,0.36200942471623393,7.444752521812912,0.06033490411937232,0.8848065733909605,15.609047777950758,0.14746776223182675,0.0728559291455893,1.3595387260429526,0.012142654857598217,3.463188588619232,75.36942115426064,0.5771980981032053,1.159903898835182,23.153149902820584,0.19331731647253034,0.05723535013385089,1.064087005797768,0.009539225022308482
45,45,know,2,0.0,0.0,0.35,30.0,0.0,0.0,abdgbx:abi8ms,SUPPORT:TRADING,False,2019-01-01,50.0,01_01_19,0.24241423,5.985589300000001,0.121207115,0.8431065600000001,21.0466428,0.42155328000000003,0.9144792900000001,22.967770199999997,0.45723964500000003,0.0,0.0,0.0,2.0,50.0,1.0,0.0,0.0,0.0,0.0,0.0,0.0,0.1800496838986873,4.021933563053606,0.09002484194934365,0.4180523306131362,9.02658030390739,0.2090261653065681,0.0213028287980705,0.462097234558313,0.01065141439903525,1.1031137704849243,30.23978888988495,0.5515568852424622,0.26110506802797306,5.890979245305059,0.13055253401398653,0.0163763707969336,0.358622164931144,0.0081881853984668
29,29,launch,5,2.0,0.0,0.4479999999999999,16.0,2.0,0.0,abdgbx:abetec:abj2um:abkxjd:abidd6,SUPPORT:GENERAL-NEWS:ADOPTION:GENERAL-NEWS:nan,True,2019-01-01,68.0,01_01_19,0.67035743,9.046820610000001,0.13407148600000002,2.22066358,29.947819579999997,0.44413271600000004,2.1089790500000003,29.005360600000003,0.42179581000000005,0.0,0.0,0.0,4.0,57.0,0.8,1.0,11.0,0.2,0.4588,5.0468,0.09176,0.5336521975696087,7.663598213344812,0.10673043951392173,1.3240918666124342,19.134497031569477,0.2648183733224868,0.0771159194409845,1.078359032049772,0.015423183888196901,1.8305081725120544,23.845301389694214,0.3661016345024109,1.1716016083955765,15.412442326545715,0.2343203216791153,0.0630302997305985,0.8658029437065068,0.0126060599461197
135,135,launch january,2,2.0,0.0,0.605,0.0,2.0,0.0,abj2um:abidd6,ADOPTION:nan,False,2019-01-01,22.0,01_01_19,0.28430615000000004,3.12736765,0.14215307500000002,0.94669738,10.413671180000001,0.47334869,0.7689965000000001,8.458961500000001,0.38449825000000004,0.0,0.0,0.0,1.0,11.0,0.5,1.0,11.0,0.5,0.4588,5.0468,0.2294,0.11978511139750479,1.3176362253725529,0.059892555698752396,0.269594982266426,2.965544804930686,0.134797491133213,0.024019630625843898,0.2642159368842829,0.012009815312921949,0.9744209051132202,10.718629956245422,0.4872104525566101,0.5889497697353363,6.478447467088699,0.29447488486766815,0.0232296120375393,0.2555257324129323,0.01161480601876965
54,54,like,4,5.0,0.0,0.825,0.0,5.0,0.0,abi2jk:ablra4:abmbs4:abidd6,nan:FOCUSED-DISCUSSION:FINANCE:nan,False,2019-01-01,45.0,01_01_19,0.48571758600000003,5.442238802,0.12142939650000001,1.87382621,21.046202230000002,0.4684565525,1.64045608,18.511557540000002,0.41011402,0.0,0.0,0.0,3.0,34.0,0.75,1.0,11.0,0.25,0.4588,5.0468,0.1147,0.2580290623009203,2.912365909665821,0.06450726557523008,0.7095222920179366,8.068680033087729,0.17738057300448415,0.051579255843534996,0.5808263968210661,0.012894813960883749,2.0937426686286926,23.428480714559555,0.5234356671571732,0.8448199555277822,9.53055504709482,0.21120498888194555,0.042306614341213994,0.4790901362430271,0.010576653585303498
100,100,list,2,6.0,0.0,0.67,0.0,6.0,0.0,abjhd8:abidd6,Tool:nan,True,2019-01-01,26.0,01_01_19,0.25469399000000004,3.2382456900000003,0.12734699500000002,0.9695079900000001,12.505601330000001,0.48475399500000005,0.77579803,10.25615325,0.387899015,0.0,0.0,0.0,1.0,15.0,0.5,1.0,11.0,0.5,0.4588,5.0468,0.2294,0.1818310543894767,2.449512757360934,0.09091552719473835,0.39380890130996704,5.29901123046875,0.19690445065498352,0.0388914197683334,0.5184590816497798,0.0194457098841667,0.8370874524116515,10.868721187114714,0.41854372620582575,0.5188305079936981,6.472790509462357,0.25941525399684906,0.0295506296679376,0.3915046835318188,0.0147753148339688
118,118,listings,2,3.0,0.0,0.875,0.0,3.0,0.0,abi4as:abihy0,EXCHANGE:Exchange,True,2019-01-01,23.0,01_01_19,0.1807082,2.0781443,0.0903541,0.96062928,11.04723672,0.48031464,0.85866254,9.874619209999999,0.42933127,0.0,0.0,0.0,2.0,23.0,1.0,0.0,0.0,0.0,0.0,0.0,0.0,0.1271779239177702,1.4625461250543572,0.0635889619588851,0.4145893156528472,4.767777130007742,0.2072946578264236,0.0201998110860586,0.23229782748967387,0.0100999055430293,0.4054403007030486,4.662563458085058,0.2027201503515243,1.0092839002609253,11.60676485300064,0.5046419501304626,0.0233087111264466,0.2680501779541359,0.0116543555632233
145,145,litecoin,2,0.0,0.0,0.315,0.0,0.0,0.0,abll5o:abdjwg,MEDIA:nan,True,2019-01-01,20.0,01_01_19,0.18553865,1.8553865,0.092769325,0.87800426,8.7800426,0.43900213,0.93645714,9.364571399999999,0.46822857,0.0,0.0,0.0,2.0,20.0,1.0,0.0,0.0,0.0,0.0,0.0,0.0,0.16188182309269888,1.618818230926989,0.08094091154634944,0.3120235055685042,3.120235055685042,0.1560117527842521,0.0337790960911661,0.33779096091166094,0.01688954804558305,1.2148091793060303,12.148091793060303,0.6074045896530151,0.2516857311129569,2.516857311129569,0.12584286555647844,0.025820664362981798,0.258206643629818,0.012910332181490899
58,58,little,2,2.0,0.0,0.515,20.0,2.0,0.0,abi8ms:ablra4,TRADING:FOCUSED-DISCUSSION,False,2019-01-01,42.0,01_01_19,0.213075826,4.604058372,0.106537913,0.85256508,17.762901839999998,0.42628254,0.9343591,19.63304112,0.46717955,0.0,0.0,0.0,2.0,42.0,1.0,0.0,0.0,0.0,0.0,0.0,0.0,0.1161402128636836,2.1513743475079514,0.0580701064318418,0.3304881900548934,5.163818925619123,0.1652440950274467,0.0170586484018713,0.269576966296881,0.00852932420093565,1.2150627076625824,29.30027675628662,0.6075313538312912,0.30442332476377476,4.857060089707372,0.15221166238188738,0.016826853388920298,0.2578927888534932,0.008413426694460149
50,50,make,4,8.0,0.0,0.835,0.0,8.0,0.0,abmbs4:abm1lp:abjhd8:abidd6,FINANCE:FINANCE:Tool:nan,False,2019-01-01,48.0,01_01_19,0.46977566000000004,5.60414406,0.11744391500000001,1.95213319,23.31447853,0.4880332975,1.57809106,19.08137658,0.394522765,0.0,0.0,0.0,3.0,37.0,0.75,1.0,11.0,0.25,0.4588,5.0468,0.1147,0.3113164454698561,3.873852059245108,0.07782911136746402,0.8353316783905028,10.155761778354643,0.2088329195976257,0.0712627172470092,0.8745433539152137,0.0178156793117523,1.5078552663326263,18.247167140245438,0.3769638165831566,1.213386982679367,14.112911731004715,0.30334674566984177,0.0608468325808641,0.7357629155740103,0.015211708145216026
13,13,market,6,30.0,0.0,0.7783333333333333,2.0,30.0,0.0,abhglf:abkuz6:abi2ej:abidd6:abkv3o:abkz9h,GENERAL-NEWS:TRADING:Discussion:nan:nan:Technical Analysis,True,2019-01-01,92.0,01_01_19,0.69721287,10.58178306,0.11620214499999999,2.83664778,42.888168629999996,0.47277463,2.46613897,38.53004389,0.41102316166666664,0.0,0.0,0.0,5.0,81.0,0.8333333333333334,1.0,11.0,0.16666666666666666,0.4588,5.0468,0.07646666666666667,0.5266337320208547,8.125056989490982,0.08777228867014246,1.2980168610811231,20.455039754509922,0.2163361435135205,0.10550425574183431,1.5770589802414126,0.01758404262363905,2.6612324714660645,41.719517290592194,0.44353874524434406,1.3112488612532616,18.73782852292061,0.2185414768755436,0.09736369829624869,1.3854961358010733,0.01622728304937478
115,115,market update,2,3.0,0.0,0.62,1.0,3.0,0.0,abkuz6:abkv3o,TRADING:nan,True,2019-01-01,24.0,01_01_19,0.25665506,3.07986072,0.12832753,0.9745406,11.694487200000001,0.4872703,0.768804,9.225648,0.384402,0.0,0.0,0.0,2.0,24.0,1.0,0.0,0.0,0.0,0.0,0.0,0.0,0.1636591553688048,1.9639098644256574,0.0818295776844024,0.4325792491436004,5.190950989723205,0.2162896245718002,0.0281474515795706,0.3377694189548472,0.0140737257897853,0.85015070438385,10.2018084526062,0.425075352191925,0.485429972410202,5.825159668922424,0.242714986205101,0.0400334633886814,0.4804015606641767,0.0200167316943407
113,113,markets,2,3.0,0.0,0.62,1.0,3.0,0.0,abkuz6:abkv3o,TRADING:nan,True,2019-01-01,24.0,01_01_19,0.25665506,3.07986072,0.12832753,0.9745406,11.694487200000001,0.4872703,0.768804,9.225648,0.384402,0.0,0.0,0.0,2.0,24.0,1.0,0.0,0.0,0.0,0.0,0.0,0.0,0.1636591553688048,1.9639098644256574,0.0818295776844024,0.4325792491436004,5.190950989723205,0.2162896245718002,0.0281474515795706,0.3377694189548472,0.0140737257897853,0.85015070438385,10.2018084526062,0.425075352191925,0.485429972410202,5.825159668922424,0.242714986205101,0.0400334633886814,0.4804015606641767,0.0200167316943407
102,102,markets nan,2,3.0,0.0,0.62,1.0,3.0,0.0,abkuz6:abkv3o,TRADING:nan,True,2019-01-01,24.0,01_01_19,0.25665506,3.07986072,0.12832753,0.9745406,11.694487200000001,0.4872703,0.768804,9.225648,0.384402,0.0,0.0,0.0,2.0,24.0,1.0,0.0,0.0,0.0,0.0,0.0,0.0,0.1636591553688048,1.9639098644256574,0.0818295776844024,0.4325792491436004,5.190950989723205,0.2162896245718002,0.0281474515795706,0.3377694189548472,0.0140737257897853,0.85015070438385,10.2018084526062,0.425075352191925,0.485429972410202,5.825159668922424,0.242714986205101,0.0400334633886814,0.4804015606641767,0.0200167316943407
73,73,merchants,2,11.0,0.0,0.67,3.0,11.0,0.0,abidd6:ablxl9,nan:News,True,2019-01-01,34.0,01_01_19,0.20894683000000003,3.0592846100000006,0.10447341500000001,1.0043596,16.98921524,0.5021798,0.78669358,13.95150074,0.39334679,0.0,0.0,0.0,1.0,23.0,0.5,1.0,11.0,0.5,0.4588,5.0468,0.2294,0.15853655338287348,2.8124815523624416,0.07926827669143674,0.3021214604377746,5.1244267225265485,0.1510607302188873,0.0255606798455119,0.3931589918211101,0.01278033992275595,0.8890372514724731,15.385084986686707,0.4445186257362366,0.6036567687988281,9.955104351043701,0.30182838439941406,0.0210873261094092,0.329744216054676,0.0105436630547046
2,2,million,3,249.0,0.0,0.6133333333333333,60.0,249.0,0.0,abetec:abli60:abn9x2,GENERAL-NEWS:GENERAL-NEWS:Exchange,False,2019-01-01,339.0,01_01_19,0.326668354,30.195881489999998,0.10888945133333333,1.34052526,158.45264082,0.4468417533333333,1.33280649,150.35151348000002,0.44426883,0.0,0.0,0.0,3.0,339.0,1.0,0.0,0.0,0.0,0.0,0.0,0.0,0.28916767984628666,32.49830762296912,0.09638922661542888,0.7015482261776924,85.2029138803482,0.23384940872589746,0.0532696433365344,7.779917193576678,0.017756547778844802,1.2718632519245148,136.8114826977253,0.42395441730817157,0.6411551088094711,70.0516712218523,0.21371836960315704,0.042996099218726,6.65569846518336,0.014332033072908666
6,6,money,5,57.0,0.0,0.742,36.0,57.0,0.0,abi8ms:abia2e:abie91:abmbs4:abjhd8,TRADING:FINANCE:EXCHANGE:FINANCE:Tool,True,2019-01-01,143.0,01_01_19,0.51282505,13.296705209999999,0.10256501,2.38854022,68.44545171,0.477708044,2.0986347800000003,61.25784668,0.41972695600000004,0.0,0.0,0.0,5.0,143.0,1.0,0.0,0.0,0.0,0.0,0.0,0.0,0.39820246770977946,11.242504559457297,0.07964049354195589,0.7996674105525016,19.851787142455574,0.15993348211050032,0.066138106631115,1.5690051740966724,0.013227621326222998,2.6560941636562347,77.61352369189262,0.5312188327312469,1.029498718678951,31.465779706835743,0.2058997437357902,0.05039906990714339,1.257401027251027,0.010079813981428678
83,83,moon,2,1.0,0.0,0.65,10.0,1.0,0.0,abdgbx:abm1lp,SUPPORT:FINANCE,True,2019-01-01,31.0,01_01_19,0.21666471,3.54146565,0.108332355,0.8952741,13.669913699999999,0.44763705,0.8880612,13.78862085,0.4440306,0.0,0.0,0.0,2.0,31.0,1.0,0.0,0.0,0.0,0.0,0.0,0.0,0.1950405016541481,3.3870467767119408,0.09752025082707405,0.5660182088613509,9.389690950512884,0.28300910443067545,0.0317775066941976,0.5088414400815954,0.0158887533470988,0.49934792518615717,8.061088979244232,0.24967396259307859,0.6757939010858536,9.18168842792511,0.3378969505429268,0.0320220282301305,0.4716443736106131,0.01601101411506525
12,12,national,2,50.0,0.0,0.7749999999999999,23.0,50.0,0.0,abhjdj:abi7in,GENERAL-NEWS:nan,False,2019-01-01,93.0,01_01_19,0.23003901,10.73935212,0.115019505,0.87050739,41.03307729,0.435253695,0.8994538400000001,41.2275834,0.44972692000000003,0.0,0.0,0.0,2.0,93.0,1.0,0.0,0.0,0.0,0.0,0.0,0.0,0.119682129472494,6.150872536003584,0.059841064736247,0.3149980008602141,17.648612871766083,0.15749900043010706,0.024241524050012203,1.4082818417809888,0.012120762025006102,1.127810150384903,44.06624498963356,0.5639050751924515,0.3846055194735526,22.022850707173344,0.1923027597367763,0.028662693919613798,1.7031370452605117,0.014331346959806899
11,11,new,7,6.0,0.0,0.6671428571428571,20.0,6.0,0.0,abdgbx:abhmws:ablra4:abkk9p:abm1lp:abeuch:abenxi,SUPPORT:COMEDY:FOCUSED-DISCUSSION:GENERAL-NEWS:FINANCE:News:News,False,2019-01-01,96.0,01_01_19,0.7868273760000001,10.841263252000001,0.11240391085714287,3.17366746,43.58953665,0.4533810657142857,3.0395055099999997,41.56920427,0.43421507285714284,0.0,0.0,0.0,7.0,96.0,1.0,0.0,0.0,0.0,0.0,0.0,0.0,0.5568766705691812,8.172684852033852,0.0795538100813116,1.558647997677326,21.869131773710247,0.22266399966818942,0.1065440773963926,1.4717216808348863,0.015220582485198943,2.56853124499321,35.33415216207504,0.36693303499902996,2.092275246977806,27.609795719385147,0.2988964638539723,0.1171247158199544,1.5425133993849094,0.016732102259993487
39,39,new year,4,4.0,0.0,0.8099999999999999,10.0,4.0,0.0,abhmws:abkk9p:abm1lp:abeuch,COMEDY:GENERAL-NEWS:FINANCE:News,False,2019-01-01,54.0,01_01_19,0.44248972,5.91235838,0.11062243,1.86284191,25.366499310000002,0.4657104775,1.6946686000000002,22.72114535,0.42366715000000005,0.0,0.0,0.0,4.0,54.0,1.0,0.0,0.0,0.0,0.0,0.0,0.0,0.2672866098582744,3.7491348423063746,0.0668216524645686,0.6947695836424824,9.187488377094265,0.1736923959106206,0.0547532737255095,0.7499168496578913,0.013688318431377374,1.575798660516739,21.75857937335968,0.3939496651291847,1.3428047001361847,17.69784638285637,0.3357011750340462,0.06458722241222829,0.8570347493514383,0.016146805603057073
117,117,offering,2,3.0,0.0,0.875,0.0,3.0,0.0,abi4as:abihy0,EXCHANGE:Exchange,True,2019-01-01,23.0,01_01_19,0.1807082,2.0781443,0.0903541,0.96062928,11.04723672,0.48031464,0.85866254,9.874619209999999,0.42933127,0.0,0.0,0.0,2.0,23.0,1.0,0.0,0.0,0.0,0.0,0.0,0.0,0.1271779239177702,1.4625461250543572,0.0635889619588851,0.4145893156528472,4.767777130007742,0.2072946578264236,0.0201998110860586,0.23229782748967387,0.0100999055430293,0.4054403007030486,4.662563458085058,0.2027201503515243,1.0092839002609253,11.60676485300064,0.5046419501304626,0.0233087111264466,0.2680501779541359,0.0116543555632233
129,129,order,2,3.0,0.0,0.815,0.0,3.0,0.0,ablra4:abmbs4,FOCUSED-DISCUSSION:FINANCE,True,2019-01-01,23.0,01_01_19,0.226446076,2.590252192,0.113223038,0.94612042,10.84143854,0.47306021,0.82743334,9.5683074,0.41371667,0.0,0.0,0.0,2.0,23.0,1.0,0.0,0.0,0.0,0.0,0.0,0.0,0.1464468091726302,1.6849611252546297,0.0732234045863151,0.4909383505582809,5.664256677031516,0.24546917527914044,0.0317471362650394,0.3626730814576144,0.0158735681325197,0.8540936708450317,9.792341738939285,0.42704683542251587,0.4505153894424438,5.193204820156097,0.2252576947212219,0.0262584490701555,0.30256031826138363,0.01312922453507775
74,74,paper,2,5.0,0.0,0.8,9.0,5.0,0.0,abi2jk:abm3ch,nan:GENERAL-NEWS,True,2019-01-01,34.0,01_01_19,0.22449502999999998,3.7986200500000002,0.11224751499999999,0.8684479599999999,14.952889159999998,0.43422397999999995,0.90705708,15.248491560000001,0.45352854,0.0,0.0,0.0,2.0,34.0,1.0,0.0,0.0,0.0,0.0,0.0,0.0,0.1128128431737422,2.0895675309002386,0.0564064215868711,0.2694920450448989,5.399676606059073,0.13474602252244944,0.018271856242790797,0.3770039032679048,0.009135928121395399,1.0515341460704803,14.372269183397293,0.5257670730352402,0.5266413912177085,11.31009853631258,0.26332069560885424,0.0212478258181362,0.4513862950261662,0.0106239129090681
107,107,paragon,2,2.0,0.0,1.0,2.0,2.0,0.0,abi2lv:abnkhw,nan:nan,True,2019-01-01,24.0,01_01_19,0.22340827400000002,2.680899288,0.11170413700000001,1.01199706,12.14396472,0.50599853,0.7645947,9.1751364,0.38229735,0.0,0.0,0.0,2.0,24.0,1.0,0.0,0.0,0.0,0.0,0.0,0.0,0.18993039429187758,2.279164731502531,0.09496519714593879,0.5538934022188187,6.646720826625824,0.27694670110940933,0.0411182157695293,0.49341858923435167,0.02055910788476465,0.6793249845504761,8.151899814605713,0.33966249227523804,0.4966207444667816,5.959448933601379,0.2483103722333908,0.039112200960516805,0.4693464115262016,0.019556100480258402
31,31,people,2,16.0,0.0,0.5700000000000001,31.0,16.0,0.0,abi8ms:abie91,TRADING:EXCHANGE,True,2019-01-01,67.0,01_01_19,0.21316559000000002,7.0910135400000005,0.10658279500000001,0.9211753899999999,31.154331309999996,0.46058769499999996,0.8656590900000001,28.75465725,0.43282954500000004,0.0,0.0,0.0,2.0,67.0,1.0,0.0,0.0,0.0,0.0,0.0,0.0,0.1244108043611049,4.3085418418049795,0.06220540218055245,0.18079466372728342,6.223528973758218,0.09039733186364171,0.0158495607320219,0.5612052860669782,0.00792478036601095,1.3169824481010437,43.00409114360809,0.6584912240505219,0.34886514395475376,12.439795807003971,0.17443257197737688,0.0130974242929368,0.4628383745439312,0.0065487121464684
92,92,platform,2,6.0,0.0,0.67,0.0,6.0,0.0,abjhd8:abidd6,Tool:nan,True,2019-01-01,26.0,01_01_19,0.25469399000000004,3.2382456900000003,0.12734699500000002,0.9695079900000001,12.505601330000001,0.48475399500000005,0.77579803,10.25615325,0.387899015,0.0,0.0,0.0,1.0,15.0,0.5,1.0,11.0,0.5,0.4588,5.0468,0.2294,0.1818310543894767,2.449512757360934,0.09091552719473835,0.39380890130996704,5.29901123046875,0.19690445065498352,0.0388914197683334,0.5184590816497798,0.0194457098841667,0.8370874524116515,10.868721187114714,0.41854372620582575,0.5188305079936981,6.472790509462357,0.25941525399684906,0.0295506296679376,0.3915046835318188,0.0147753148339688
96,96,post,2,1.0,0.0,0.585,5.0,1.0,0.0,abidd6:abe40c,nan:Exchange,True,2019-01-01,26.0,01_01_19,0.2563056,3.26241984,0.1281528,0.95925143,12.35175293,0.479625715,0.78444294,10.385826900000001,0.39222147,0.0,0.0,0.0,1.0,15.0,0.5,1.0,11.0,0.5,0.4588,5.0468,0.2294,0.14020711928606028,1.8251537308096881,0.07010355964303014,0.35496924817562103,4.71641643345356,0.17748462408781052,0.0308958441019058,0.39852544665336576,0.0154479220509529,0.6556804478168488,8.147616118192673,0.3278402239084244,0.7871703803539276,10.497888594865799,0.3935851901769638,0.0310770412907003,0.4144008578732593,0.01553852064535015
41,41,predictions,3,1.0,0.0,0.4766666666666667,22.0,1.0,0.0,abhwmf:abi8ms:abhnt0,MEDIA:TRADING:Sentiment,True,2019-01-01,53.0,01_01_19,0.34026631,6.00324346,0.11342210333333334,1.4331818900000002,24.218297059999998,0.47772729666666675,1.22655177,22.77846048,0.40885058999999996,0.0,0.0,0.0,3.0,53.0,1.0,0.0,0.0,0.0,0.0,0.0,0.0,0.19681138917803748,3.0470278784632656,0.06560379639267916,0.40779819339513773,5.864535436034201,0.1359327311317126,0.0341421144548803,0.45628600521013063,0.011380704818293433,1.7737647593021393,35.54791906476021,0.5912549197673798,0.5618449971079825,7.733140304684635,0.18728166570266083,0.025638494873419196,0.35109141608699757,0.008546164957806399
125,125,predictions nan,2,1.0,0.0,0.515,2.0,1.0,0.0,abhwmf:abhnt0,MEDIA:Sentiment,True,2019-01-01,23.0,01_01_19,0.22653584,2.59132936,0.11326792,1.0147307300000001,11.66476226,0.5073653650000001,0.7587333300000001,8.74390728,0.37936666500000005,0.0,0.0,0.0,2.0,23.0,1.0,0.0,0.0,0.0,0.0,0.0,0.0,0.1547174006700515,1.7842082232236853,0.07735870033502575,0.34124482423067093,3.867934361100197,0.17062241211533546,0.03053804859519,0.3481640294194216,0.015269024297595,0.956013411283493,11.015378624200821,0.4780067056417465,0.4949572086334228,5.7265066504478455,0.2474786043167114,0.022529019974171997,0.25780716910958157,0.011264509987085999
55,55,price,3,5.0,0.0,0.4066666666666667,10.0,5.0,0.0,abdgbx:abjhd8:abdjwg,SUPPORT:Tool:nan,True,2019-01-01,45.0,01_01_19,0.35156718,5.34827415,0.11718906,1.3033599200000001,19.581419999999998,0.4344533066666667,1.34507302,20.07030735,0.4483576733333334,0.0,0.0,0.0,3.0,45.0,1.0,0.0,0.0,0.0,0.0,0.0,0.0,0.2923924736678599,4.865195639431475,0.09746415788928664,0.6598306596279142,11.322187855839728,0.21994355320930473,0.0439661948475986,0.7299664081074285,0.014655398282532867,1.5183035731315613,20.11260896921158,0.5061011910438538,0.4525187984108924,7.4244294315576544,0.15083959947029746,0.0329883100930599,0.5456117563880944,0.0109961033643533
133,133,project,2,2.0,0.0,1.0,0.0,2.0,0.0,abgned:abi2jk,nan:nan,True,2019-01-01,22.0,01_01_19,0.25335497,2.78690467,0.126677485,0.93072296,10.23795256,0.46536148,0.81592211,8.97514321,0.407961055,0.0,0.0,0.0,2.0,22.0,1.0,0.0,0.0,0.0,0.0,0.0,0.0,0.1144945733249186,1.2594403065741044,0.0572472866624593,0.2935568988323211,3.229125887155532,0.14677844941616056,0.021896619582548703,0.24086281540803572,0.010948309791274351,1.2745336592197418,14.01987025141716,0.6372668296098709,0.27986764162778843,3.0785440579056726,0.13993382081389422,0.015650545479729598,0.1721560002770256,0.007825272739864799
62,62,proof,2,1.0,0.0,0.535,20.0,1.0,0.0,abi8ms:abidd6,TRADING:nan,True,2019-01-01,41.0,01_01_19,0.25927151000000004,5.01286554,0.12963575500000002,0.9277057900000001,18.15533573,0.46385289500000004,0.8130227400000001,17.8318005,0.40651137000000004,0.0,0.0,0.0,1.0,30.0,0.5,1.0,11.0,0.5,0.4588,5.0468,0.2294,0.1115822531282901,2.027190566062925,0.05579112656414505,0.2185839414596557,3.668937370181082,0.10929197072982785,0.0198321195784956,0.28663056669756726,0.0099160597892478,1.2396489977836609,29.17341458797455,0.6198244988918304,0.3943045660853385,5.608218207955358,0.19715228304266924,0.016048165271058498,0.2356098410673403,0.008024082635529249
60,60,really,2,2.0,0.0,0.515,20.0,2.0,0.0,abi8ms:ablra4,TRADING:FOCUSED-DISCUSSION,False,2019-01-01,42.0,01_01_19,0.213075826,4.604058372,0.106537913,0.85256508,17.762901839999998,0.42628254,0.9343591,19.63304112,0.46717955,0.0,0.0,0.0,2.0,42.0,1.0,0.0,0.0,0.0,0.0,0.0,0.0,0.1161402128636836,2.1513743475079514,0.0580701064318418,0.3304881900548934,5.163818925619123,0.1652440950274467,0.0170586484018713,0.269576966296881,0.00852932420093565,1.2150627076625824,29.30027675628662,0.6075313538312912,0.30442332476377476,4.857060089707372,0.15221166238188738,0.016826853388920298,0.2578927888534932,0.008413426694460149
122,122,reddit,2,3.0,0.0,0.815,0.0,3.0,0.0,ablra4:abm1lp,FOCUSED-DISCUSSION:FINANCE,True,2019-01-01,23.0,01_01_19,0.187326306,2.159934722,0.093663153,0.90473262,10.38617274,0.45236631,0.90794101,10.45389177,0.453970505,0.0,0.0,0.0,2.0,23.0,1.0,0.0,0.0,0.0,0.0,0.0,0.0,0.1311310306191444,1.516487561166286,0.0655655153095722,0.4784540683031081,5.526929572224615,0.23922703415155405,0.0275333262979984,0.3163211718201634,0.0137666631489992,0.6112968623638152,7.121576845645903,0.3056484311819076,0.7191121578216553,8.147769272327423,0.35955607891082764,0.032472510822117204,0.3709149975329623,0.016236255411058602
43,43,right,2,21.0,0.0,0.7050000000000001,11.0,21.0,0.0,abie91:abjhd8,EXCHANGE:Tool,True,2019-01-01,52.0,01_01_19,0.20858807000000001,5.31639369,0.10429403500000001,0.9629775899999999,25.504596909999997,0.48148879499999997,0.82843438,21.179009999999998,0.41421719,0.0,0.0,0.0,2.0,52.0,1.0,0.0,0.0,0.0,0.0,0.0,0.0,0.1946596056222915,4.730864033102988,0.09732980281114575,0.3560196235775947,7.853602834045885,0.17800981178879735,0.0349088609218597,0.7930338010191906,0.01745443046092985,0.9144209027290343,24.699397742748257,0.45721045136451716,0.4733910858631134,13.304368108510971,0.2366955429315567,0.0265998886898159,0.6187332170084097,0.01329994434490795
16,16,ripple,3,32.0,0.0,0.54,23.0,32.0,0.0,abll5o:abli60:abi7in,MEDIA:GENERAL-NEWS:nan,True,2019-01-01,85.0,01_01_19,0.2993823,9.38070678,0.0997941,1.35762329,38.42724101,0.4525410966666667,1.34299454,37.19206248,0.44766484666666667,0.0,0.0,0.0,3.0,85.0,1.0,0.0,0.0,0.0,0.0,0.0,0.0,0.2527850046753882,6.7508395761251405,0.08426166822512941,0.5905503854155538,19.266340568661683,0.19685012847185127,0.06281676329672331,1.745961466804145,0.02093892109890777,1.2924652397632599,30.528466135263443,0.4308217465877533,0.7436521500349044,24.7578341960907,0.2478840500116348,0.057730426080524797,1.950556904077525,0.01924347536017493
136,136,roadmap,2,2.0,0.0,0.835,0.0,2.0,0.0,abi2jk:abidd6,nan:nan,True,2019-01-01,22.0,01_01_19,0.25927151000000004,2.85198661,0.12963575500000002,0.9277057900000001,10.20476369,0.46385289500000004,0.8130227400000001,8.94325014,0.40651137000000004,0.0,0.0,0.0,1.0,11.0,0.5,1.0,11.0,0.5,0.4588,5.0468,0.2294,0.1115822531282901,1.227404784411191,0.05579112656414505,0.2185839414596557,2.4044233560562125,0.10929197072982785,0.0198321195784956,0.21815331536345156,0.0099160597892478,1.2396489977836609,13.63613897562027,0.6198244988918304,0.3943045660853385,4.337350226938724,0.19715228304266924,0.016048165271058498,0.1765298179816435,0.008024082635529249
105,105,rough,2,3.0,0.0,0.62,1.0,3.0,0.0,abkuz6:abkv3o,TRADING:nan,True,2019-01-01,24.0,01_01_19,0.25665506,3.07986072,0.12832753,0.9745406,11.694487200000001,0.4872703,0.768804,9.225648,0.384402,0.0,0.0,0.0,2.0,24.0,1.0,0.0,0.0,0.0,0.0,0.0,0.0,0.1636591553688048,1.9639098644256574,0.0818295776844024,0.4325792491436004,5.190950989723205,0.2162896245718002,0.0281474515795706,0.3377694189548472,0.0140737257897853,0.85015070438385,10.2018084526062,0.425075352191925,0.485429972410202,5.825159668922424,0.242714986205101,0.0400334633886814,0.4804015606641767,0.0200167316943407
106,106,rough 2018,2,3.0,0.0,0.62,1.0,3.0,0.0,abkuz6:abkv3o,TRADING:nan,True,2019-01-01,24.0,01_01_19,0.25665506,3.07986072,0.12832753,0.9745406,11.694487200000001,0.4872703,0.768804,9.225648,0.384402,0.0,0.0,0.0,2.0,24.0,1.0,0.0,0.0,0.0,0.0,0.0,0.0,0.1636591553688048,1.9639098644256574,0.0818295776844024,0.4325792491436004,5.190950989723205,0.2162896245718002,0.0281474515795706,0.3377694189548472,0.0140737257897853,0.85015070438385,10.2018084526062,0.425075352191925,0.485429972410202,5.825159668922424,0.242714986205101,0.0400334633886814,0.4804015606641767,0.0200167316943407
44,44,said,2,16.0,0.0,0.62,16.0,16.0,0.0,abie91:abe40c,EXCHANGE:Exchange,False,2019-01-01,52.0,01_01_19,0.21019968,5.34056784,0.10509984,0.95272103,25.35074851,0.476360515,0.83707929,21.30868365,0.418539645,0.0,0.0,0.0,2.0,52.0,1.0,0.0,0.0,0.0,0.0,0.0,0.0,0.1530356705188751,4.1065050065517426,0.07651783525943755,0.3171799704432487,7.271008037030695,0.15858998522162435,0.0269132852554321,0.6731001660227767,0.01345664262771605,0.7330138981342316,21.978292673826214,0.3665069490671158,0.7417309582233429,17.329466193914413,0.37086547911167145,0.028126300312578602,0.6416293913498502,0.014063150156289301
79,79,satoshi,2,2.0,0.0,0.4649999999999999,10.0,2.0,0.0,abdgbx:ablra4,SUPPORT:FOCUSED-DISCUSSION,True,2019-01-01,32.0,01_01_19,0.228029116,3.7658194720000004,0.114014558,0.85876932,13.70247504,0.42938466,0.9132015099999999,14.53170492,0.45660075499999997,0.0,0.0,0.0,2.0,32.0,1.0,0.0,0.0,0.0,0.0,0.0,0.0,0.2120019197463989,3.647668600082397,0.10600095987319945,0.615433782339096,10.197197079658507,0.307716891169548,0.0311533454805612,0.515430249273776,0.0155766727402806,0.6826737821102142,10.474984765052795,0.3413368910551071,0.4317528158426285,6.734772026538849,0.21587640792131424,0.0269842743873595,0.4299464598298052,0.01349213719367975
65,65,set,2,9.0,0.0,0.635,9.0,9.0,0.0,abm3ch:abjhd8,GENERAL-NEWS:Tool,True,2019-01-01,38.0,01_01_19,0.21991750999999998,4.184879130000001,0.10995875499999999,0.9102501599999999,17.2537268,0.45512507999999996,0.86983237,16.56139467,0.434916185,0.0,0.0,0.0,2.0,38.0,1.0,0.0,0.0,0.0,0.0,0.0,0.0,0.18306164443492878,3.3116755038499814,0.09153082221746439,0.4447170048952102,8.29426448047161,0.2223585024476051,0.037331156432628604,0.677309669554233,0.018665578216314302,0.6489726006984711,11.604851394891739,0.32448630034923553,0.6511673331260681,13.445538818836212,0.32558366656303406,0.0347502902150153,0.6663611605763415,0.01737514510750765
61,61,simple,2,1.0,0.0,0.535,20.0,1.0,0.0,abi8ms:abidd6,TRADING:nan,True,2019-01-01,41.0,01_01_19,0.25927151000000004,5.01286554,0.12963575500000002,0.9277057900000001,18.15533573,0.46385289500000004,0.8130227400000001,17.8318005,0.40651137000000004,0.0,0.0,0.0,1.0,30.0,0.5,1.0,11.0,0.5,0.4588,5.0468,0.2294,0.1115822531282901,2.027190566062925,0.05579112656414505,0.2185839414596557,3.668937370181082,0.10929197072982785,0.0198321195784956,0.28663056669756726,0.0099160597892478,1.2396489977836609,29.17341458797455,0.6198244988918304,0.3943045660853385,5.608218207955358,0.19715228304266924,0.016048165271058498,0.2356098410673403,0.008024082635529249
97,97,smart,2,6.0,0.0,0.67,0.0,6.0,0.0,abjhd8:abidd6,Tool:nan,True,2019-01-01,26.0,01_01_19,0.25469399000000004,3.2382456900000003,0.12734699500000002,0.9695079900000001,12.505601330000001,0.48475399500000005,0.77579803,10.25615325,0.387899015,0.0,0.0,0.0,1.0,15.0,0.5,1.0,11.0,0.5,0.4588,5.0468,0.2294,0.1818310543894767,2.449512757360934,0.09091552719473835,0.39380890130996704,5.29901123046875,0.19690445065498352,0.0388914197683334,0.5184590816497798,0.0194457098841667,0.8370874524116515,10.868721187114714,0.41854372620582575,0.5188305079936981,6.472790509462357,0.25941525399684906,0.0295506296679376,0.3915046835318188,0.0147753148339688
59,59,soon,2,1.0,0.0,0.7,21.0,1.0,0.0,abi2lv:abi8ms,nan:TRADING,False,2019-01-01,42.0,01_01_19,0.22798579400000002,4.782977988000001,0.11399289700000001,0.9701948599999999,19.1744592,0.48509742999999994,0.80181941,18.04256484,0.400909705,0.0,0.0,0.0,2.0,42.0,1.0,0.0,0.0,0.0,0.0,0.0,0.0,0.119681593030691,2.19387090951204,0.0598407965153455,0.37866844236850733,5.74198195338249,0.18933422118425366,0.0220589155796915,0.3295801724307234,0.01102945778984575,1.0818865299224854,27.702162623405457,0.5409432649612427,0.372094802558422,5.6691178232431385,0.186047401279211,0.0256097365636377,0.363287386950102,0.01280486828181885
70,70,store,3,4.0,0.0,0.6366666666666667,1.0,4.0,0.0,abkuz6:abidd6:abkv3o,TRADING:nan:nan,True,2019-01-01,35.0,01_01_19,0.40219609999999995,4.68081216,0.13406536666666666,1.4837952300000001,17.29628813,0.49459841000000004,1.1140083,13.022895300000002,0.3713361,0.0,0.0,0.0,2.0,24.0,0.6666666666666666,1.0,11.0,0.3333333333333333,0.4588,5.0468,0.15293333333333334,0.23314741998910887,2.7282807752490026,0.07771580666303629,0.5846098214387894,6.8632872849702835,0.19486994047959647,0.0443755052983759,0.5162780098617055,0.014791835099458634,1.2720483541488645,14.842682600021359,0.4240161180496215,0.8128467500209808,9.426744222640991,0.2709489166736603,0.0529721537604927,0.622727154754101,0.017657384586830898
109,109,store crypto,2,3.0,0.0,0.62,1.0,3.0,0.0,abkuz6:abkv3o,TRADING:nan,True,2019-01-01,24.0,01_01_19,0.25665506,3.07986072,0.12832753,0.9745406,11.694487200000001,0.4872703,0.768804,9.225648,0.384402,0.0,0.0,0.0,2.0,24.0,1.0,0.0,0.0,0.0,0.0,0.0,0.0,0.1636591553688048,1.9639098644256574,0.0818295776844024,0.4325792491436004,5.190950989723205,0.2162896245718002,0.0281474515795706,0.3377694189548472,0.0140737257897853,0.85015070438385,10.2018084526062,0.425075352191925,0.485429972410202,5.825159668922424,0.242714986205101,0.0400334633886814,0.4804015606641767,0.0200167316943407
26,26,telegram,3,37.0,0.0,0.7633333333333333,4.0,37.0,0.0,abhjdj:abgw7h:abidd6,GENERAL-NEWS:POLITICS:nan,True,2019-01-01,71.0,01_01_19,0.37300198,8.42477964,0.12433399333333334,1.3461569500000001,30.70887053,0.4487189833333334,1.28084118,31.866353699999998,0.42694706,0.0,0.0,0.0,2.0,60.0,0.6666666666666666,1.0,11.0,0.3333333333333333,0.4588,5.0468,0.15293333333333334,0.15367624163627608,3.2900102213025053,0.051225413878758695,0.2851373106241225,5.665538445115086,0.09504577020804084,0.0234361854381859,0.3947525424882763,0.007812061812728633,2.057400345802307,53.705955028533936,0.6858001152674357,0.4611923545598982,7.614851862192149,0.1537307848532994,0.0191576401703057,0.3288940880447563,0.0063858800567685664
21,21,think,3,20.0,0.0,0.5466666666666667,30.0,20.0,0.0,abdgbx:abie91:abm3ch,SUPPORT:EXCHANGE:GENERAL-NEWS,True,2019-01-01,80.0,01_01_19,0.33888344000000004,8.80035952,0.11296114666666668,1.37737643,37.443830909999996,0.45912547666666664,1.28374014,33.75580977,0.42791337999999995,0.0,0.0,0.0,3.0,80.0,1.0,0.0,0.0,0.0,0.0,0.0,0.0,0.2909913659095764,7.431369751691817,0.09699712196985881,0.6686789318919181,15.924496673047539,0.22289297729730603,0.0446120481938123,1.1444177478551847,0.014870682731270768,1.0183763206005096,29.55580350756645,0.33945877353350323,0.9359482377767563,24.89184060692787,0.31198274592558545,0.041393196210265,1.05207411665469,0.013797732070088333
98,98,today,2,6.0,0.0,0.67,0.0,6.0,0.0,abjhd8:abidd6,Tool:nan,True,2019-01-01,26.0,01_01_19,0.25469399000000004,3.2382456900000003,0.12734699500000002,0.9695079900000001,12.505601330000001,0.48475399500000005,0.77579803,10.25615325,0.387899015,0.0,0.0,0.0,1.0,15.0,0.5,1.0,11.0,0.5,0.4588,5.0468,0.2294,0.1818310543894767,2.449512757360934,0.09091552719473835,0.39380890130996704,5.29901123046875,0.19690445065498352,0.0388914197683334,0.5184590816497798,0.0194457098841667,0.8370874524116515,10.868721187114714,0.41854372620582575,0.5188305079936981,6.472790509462357,0.25941525399684906,0.0295506296679376,0.3915046835318188,0.0147753148339688
94,94,token,2,6.0,0.0,0.67,0.0,6.0,0.0,abjhd8:abidd6,Tool:nan,True,2019-01-01,26.0,01_01_19,0.25469399000000004,3.2382456900000003,0.12734699500000002,0.9695079900000001,12.505601330000001,0.48475399500000005,0.77579803,10.25615325,0.387899015,0.0,0.0,0.0,1.0,15.0,0.5,1.0,11.0,0.5,0.4588,5.0468,0.2294,0.1818310543894767,2.449512757360934,0.09091552719473835,0.39380890130996704,5.29901123046875,0.19690445065498352,0.0388914197683334,0.5184590816497798,0.0194457098841667,0.8370874524116515,10.868721187114714,0.41854372620582575,0.5188305079936981,6.472790509462357,0.25941525399684906,0.0295506296679376,0.3915046835318188,0.0147753148339688
18,18,trading,3,20.0,0.0,0.6166666666666666,32.0,20.0,0.0,abjxcp:abi8ms:abie91,TRADING:TRADING:EXCHANGE,True,2019-01-01,82.0,01_01_19,0.34026631,8.99752434,0.11342210333333334,1.4331818900000002,38.83442881,0.47772729666666675,1.22655177,34.16804745,0.40885058999999996,0.0,0.0,0.0,3.0,82.0,1.0,0.0,0.0,0.0,0.0,0.0,0.0,0.19681138917803748,5.394550614058968,0.06560379639267916,0.40779819339513773,9.628581918776032,0.1359327311317126,0.0341421144548803,0.8355935919098542,0.011380704818293433,1.7737647593021393,49.85582581162453,0.5912549197673798,0.5618449971079825,15.634493604302403,0.18728166570266083,0.025638494873419196,0.6509544332511672,0.008546164957806399
52,52,true,2,0.0,0.0,0.45,25.0,0.0,0.0,abi8ms:abe40c,TRADING:Exchange,False,2019-01-01,45.0,01_01_19,0.22449502999999998,5.0733825,0.11224751499999999,0.8684479599999999,19.303486799999998,0.43422397999999995,0.90705708,20.6231328,0.45352854,0.0,0.0,0.0,2.0,45.0,1.0,0.0,0.0,0.0,0.0,0.0,0.0,0.1128128431737422,2.323602475225923,0.0564064215868711,0.2694920450448989,5.040681213140486,0.13474602252244944,0.018271856242790797,0.32813883153721646,0.009135928121395399,1.0515341460704803,28.0392824113369,0.5257670730352402,0.5266413912177085,8.902937695384022,0.26332069560885424,0.0212478258181362,0.365359510760751,0.0106239129090681
139,139,upcoming,2,1.0,0.0,0.46,0.0,1.0,0.0,abidd6:abdjwg,nan:nan,False,2019-01-01,21.0,01_01_19,0.25927151000000004,2.7382561400000003,0.12963575500000002,0.9277057900000001,9.78631253,0.46385289500000004,0.8130227400000001,8.475431700000001,0.40651137000000004,0.0,0.0,0.0,1.0,10.0,0.5,1.0,11.0,0.5,0.4588,5.0468,0.2294,0.1115822531282901,1.185310795903205,0.05579112656414505,0.2185839414596557,2.337869986891746,0.10929197072982785,0.0198321195784956,0.21454924950376128,0.0099160597892478,1.2396489977836609,12.818387627601624,0.6198244988918304,0.3943045660853385,4.270462438464164,0.19715228304266924,0.016048165271058498,0.1734203430823963,0.008024082635529249
110,110,update,2,3.0,0.0,0.62,1.0,3.0,0.0,abkuz6:abkv3o,TRADING:nan,True,2019-01-01,24.0,01_01_19,0.25665506,3.07986072,0.12832753,0.9745406,11.694487200000001,0.4872703,0.768804,9.225648,0.384402,0.0,0.0,0.0,2.0,24.0,1.0,0.0,0.0,0.0,0.0,0.0,0.0,0.1636591553688048,1.9639098644256574,0.0818295776844024,0.4325792491436004,5.190950989723205,0.2162896245718002,0.0281474515795706,0.3377694189548472,0.0140737257897853,0.85015070438385,10.2018084526062,0.425075352191925,0.485429972410202,5.825159668922424,0.242714986205101,0.0400334633886814,0.4804015606641767,0.0200167316943407
112,112,update rough,2,3.0,0.0,0.62,1.0,3.0,0.0,abkuz6:abkv3o,TRADING:nan,False,2019-01-01,24.0,01_01_19,0.25665506,3.07986072,0.12832753,0.9745406,11.694487200000001,0.4872703,0.768804,9.225648,0.384402,0.0,0.0,0.0,2.0,24.0,1.0,0.0,0.0,0.0,0.0,0.0,0.0,0.1636591553688048,1.9639098644256574,0.0818295776844024,0.4325792491436004,5.190950989723205,0.2162896245718002,0.0281474515795706,0.3377694189548472,0.0140737257897853,0.85015070438385,10.2018084526062,0.425075352191925,0.485429972410202,5.825159668922424,0.242714986205101,0.0400334633886814,0.4804015606641767,0.0200167316943407
23,23,use,3,19.0,0.0,0.61,23.0,19.0,0.0,abi8ms:abgw7h:ablra4,TRADING:POLITICS:FOCUSED-DISCUSSION,True,2019-01-01,72.0,01_01_19,0.326806296,8.015972472,0.108935432,1.27101624,30.31643664,0.42367208,1.40217754,33.66759432,0.46739251333333337,0.0,0.0,0.0,3.0,72.0,1.0,0.0,0.0,0.0,0.0,0.0,0.0,0.1582342013716696,3.4141940027475313,0.05274473379055653,0.3970415592193602,7.160420000553127,0.1323471864064534,0.020662714261561597,0.37769894208759,0.006887571420520533,2.0328140556812286,53.83281719684601,0.6776046852270762,0.3713111132383345,6.863693743944163,0.12377037107944483,0.0199363282881675,0.3511770358309092,0.0066454427627225
32,32,using,4,24.0,0.0,0.7,0.0,24.0,0.0,abirph:abie6d:abjhd8:abkz9h,EXCHANGE:nan:Tool:Technical Analysis,False,2019-01-01,64.0,01_01_19,0.40242329,6.32016226,0.1006058225,1.84951291,29.714455400000002,0.4623782275,1.74806384,27.96538294,0.43701596,0.0,0.0,0.0,4.0,64.0,1.0,0.0,0.0,0.0,0.0,0.0,0.0,0.27588923275470717,4.149113304913041,0.06897230818867679,0.7756741940975187,11.864523619413372,0.19391854852437967,0.0646648574620484,1.017576098442075,0.0161662143655121,1.5697219669818878,27.752233564853668,0.39243049174547195,1.2521308436989784,18.282056108117104,0.3130327109247446,0.0619188817217944,0.9344959501177041,0.0154797204304486
119,119,ve,2,3.0,0.0,0.815,0.0,3.0,0.0,ablra4:abmbs4,FOCUSED-DISCUSSION:FINANCE,True,2019-01-01,23.0,01_01_19,0.226446076,2.590252192,0.113223038,0.94612042,10.84143854,0.47306021,0.82743334,9.5683074,0.41371667,0.0,0.0,0.0,2.0,23.0,1.0,0.0,0.0,0.0,0.0,0.0,0.0,0.1464468091726302,1.6849611252546297,0.0732234045863151,0.4909383505582809,5.664256677031516,0.24546917527914044,0.0317471362650394,0.3626730814576144,0.0158735681325197,0.8540936708450317,9.792341738939285,0.42704683542251587,0.4505153894424438,5.193204820156097,0.2252576947212219,0.0262584490701555,0.30256031826138363,0.01312922453507775
142,142,want,2,1.0,0.0,0.585,0.0,1.0,0.0,abidd6:abenxi,nan:News,True,2019-01-01,21.0,01_01_19,0.26184958,2.76403684,0.13092479,0.96131086,10.122363230000001,0.48065543,0.7768397,8.113601300000001,0.38841985,0.0,0.0,0.0,1.0,10.0,0.5,1.0,11.0,0.5,0.4588,5.0468,0.2294,0.1470764055848121,1.540252320468425,0.07353820279240605,0.40047520399093617,4.156782612204551,0.20023760199546808,0.0368655119091272,0.3848831728100773,0.0184327559545636,0.7319564521312714,7.741462171077727,0.3659782260656357,0.6451345086097717,6.778761863708496,0.32256725430488586,0.0384919093921779,0.3978577842935903,0.01924595469608895
101,101,website,2,6.0,0.0,0.835,0.0,6.0,0.0,abmbs4:abjhd8,FINANCE:Tool,True,2019-01-01,26.0,01_01_19,0.23625367,3.0354021700000002,0.118126835,0.9722598600000001,12.5358719,0.48612993000000004,0.7914864100000001,10.42872543,0.39574320500000004,0.0,0.0,0.0,2.0,26.0,1.0,0.0,0.0,0.0,0.0,0.0,0.0,0.18474337458610518,2.4815482795238477,0.09237168729305259,0.46878185868263245,6.1237137615680695,0.23439092934131622,0.0409559197723865,0.5411685816943639,0.02047795988619325,0.8719721138477325,11.252452462911606,0.43598605692386627,0.404393583536148,5.213984340429306,0.202196791768074,0.0291530098766087,0.3871308658272009,0.01457650493830435
87,87,www,2,7.0,0.0,0.65,0.0,7.0,0.0,ablra4:abjhd8,FOCUSED-DISCUSSION:Tool,True,2019-01-01,27.0,01_01_19,0.208498306,2.8294385220000002,0.104249153,0.89436728,12.11316744,0.44718364,0.89713439,12.05739387,0.448567195,0.0,0.0,0.0,2.0,27.0,1.0,0.0,0.0,0.0,0.0,0.0,0.0,0.1863890141248702,2.5736965388059603,0.0931945070624351,0.5057131499052047,6.79389278590679,0.25285657495260233,0.0361179485917091,0.5014054812490935,0.01805897429585455,0.812501162290573,10.995583355426787,0.4062505811452865,0.4289492666721344,5.721632391214371,0.2144746333360672,0.0303293177857994,0.4137876313179717,0.0151646588928997
49,49,x200b,4,8.0,0.0,0.9175,1.0,8.0,0.0,abhhor:abmbs4:abm1lp:abjhd8,FINANCE:FINANCE:FINANCE:Tool,True,2019-01-01,49.0,01_01_19,0.42312647999999997,5.18989494,0.10578161999999999,1.9180964600000001,23.4152924,0.47952411500000003,1.6587770000000002,20.39481216,0.41469425000000004,0.0,0.0,0.0,4.0,49.0,1.0,0.0,0.0,0.0,0.0,0.0,0.0,0.3336475417017935,4.21131347864866,0.08341188542544838,0.9601779133081435,11.805947169661522,0.24004447832703588,0.0717456284910439,0.8965663425624354,0.017936407122760976,1.3594433665275574,16.888121992349625,0.33986084163188934,1.2137090265750885,14.44419303536415,0.3034272566437721,0.061276488006114696,0.7538574710488287,0.015319122001528674
103,103,xrp,2,1.0,0.0,0.69,3.0,1.0,0.0,abetec:abi2ej,GENERAL-NEWS:Discussion,True,2019-01-01,24.0,01_01_19,0.20049194,2.40590328,0.10024597,0.8842085,10.610502,0.44210425,0.9152995500000001,10.9835946,0.45764977500000004,0.0,0.0,0.0,2.0,24.0,1.0,0.0,0.0,0.0,0.0,0.0,0.0,0.25774352997541417,3.0929223597049704,0.12887176498770708,0.5969690978527068,7.163629174232481,0.2984845489263534,0.047873793169856,0.574485518038272,0.023936896584928,0.6824202537536621,8.189043045043945,0.34121012687683105,0.3790152221918106,4.548182666301727,0.1895076110959053,0.035978085361421,0.43173702433705197,0.0179890426807105
22,22,year,6,6.0,0.0,0.7999999999999999,12.0,6.0,0.0,abhmws:abhxbw:abkk9p:abmdkv:abm1lp:abeuch,COMEDY:MEDIA:GENERAL-NEWS:GENERAL-NEWS:FINANCE:News,True,2019-01-01,78.0,01_01_19,0.67700728,8.7265691,0.11283454666666666,2.73568661,35.84063571,0.45594776833333334,2.5873063,33.43279775,0.43121771666666664,0.0,0.0,0.0,6.0,78.0,1.0,0.0,0.0,0.0,0.0,0.0,0.0,0.474115777760744,6.231084857136009,0.07901929629345733,1.1778566017746923,14.984532594680783,0.19630943362911538,0.085054184310138,1.1135277766734335,0.014175697385023,2.3752947747707367,31.352532744407654,0.39588246246178943,1.7994996458292007,23.17818573117256,0.2999166076382001,0.0881791459396477,1.1401378316804711,0.014696524323274616
0,0,,44,646.0,0.0,0.7181818181818183,160.0,646.0,0.0,abfrlb:abijsk:abetec:abgned:abhglf:abh51k:abhmws:abhwmf:abhxbw:abi4as:abi2lv:abi2jk:abdwd5:abirph:abj142:abj2um:abjxcp:abiw1n:abhjdj:abia2e:abgw7h:abm3ch:abll5o:ablopb:abkuz6:abkxjd:abnkhw:abkk9p:abli60:abeuch:abie6d:abhnt0:abihy0:abi2ej:abdjwg:abenxi:abcy2q:abi7in:abdjsn:abdwva:ablxl9:abn9x2:abkv3o:abkz9h,GENERAL-NEWS:COMEDY:GENERAL-NEWS:nan:GENERAL-NEWS:GENERAL-NEWS:COMEDY:MEDIA:MEDIA:EXCHANGE:nan:nan:GENERAL-NEWS:EXCHANGE:nan:ADOPTION:TRADING:GENERAL-NEWS:GENERAL-NEWS:FINANCE:POLITICS:GENERAL-NEWS:MEDIA:MEDIA:TRADING:GENERAL-NEWS:nan:GENERAL-NEWS:GENERAL-NEWS:News:nan:Sentiment:Exchange:Discussion:nan:News:nan:nan:Analysis:News:News:Exchange:nan:Technical Analysis,True,2019-01-01,1246.0,01_01_19,4.898358427999999,130.06626332800002,0.1113263279090909,20.48837645999999,586.38575088,0.4656449195454545,18.61326563,529.54804353,0.4230287643181818,0.0,0.0,0.0,43.0,1233.0,0.9772727272727273,1.0,13.0,0.022727272727272728,0.4588,5.9643999999999995,0.010427272727272728,3.4972376972436896,108.03125720843667,0.07948267493735656,8.808933556079865,279.3468752130866,0.20020303536545148,0.6410083561204363,20.990836051059855,0.01456837173000991,19.502260506153107,533.3693157285452,0.4432331933216615,10.956877775490284,285.03742537647486,0.249019949442961,0.5936819449998412,19.22426935820833,0.013492771477269117
