,Unnamed: 0,token,date,daily_popularity_pop
73766,198,price,2022-02-26,856.8
73785,294,beware,2022-02-26,563.567
73765,197,need,2022-02-26,453.233
73784,293,crash,2022-02-26,156.567
73778,258,www reddit,2022-02-26,636.633
73777,257,things,2022-02-26,392.033
73776,256,right,2022-02-26,519.267
73775,252,scammers,2022-02-26,679.967
73774,246,cryptocurrency comments,2022-02-26,681.333
73773,240,com cryptocurrency,2022-02-26,683.6
73772,228,future,2022-02-26,743.933
73771,222,fall,2022-02-26,782.7
73770,218,coin,2022-02-26,586.367
73767,202,btc,2022-02-26,622.667
73747,107,cryptocurrencies,2022-02-26,220.067
73714,5,bitcoin,2022-02-26,1584.5
73749,114,smart,2022-02-26,1467.667
73763,186,reddit com,2022-02-26,957.567
73764,192,think,2022-02-26,948.267
73727,42,www,2022-02-26,2082.533
73728,44,https www,2022-02-26,2030.267
73729,48,wallet,2022-02-26,2048.367
73730,51,don,2022-02-26,1338.967
73731,52,want,2022-02-26,689.967
73732,53,nft,2022-02-26,505.367
73733,66,sub,2022-02-26,1747.333
73734,70,read,2022-02-26,1744.267
73735,74,project,2022-02-26,429.8
73736,77,scams,2022-02-26,1215.2
73737,78,trade,2022-02-26,1701.567
73738,81,projects,2022-02-26,473.633
73739,82,users,2022-02-26,326.767
73740,83,defi,2022-02-26,324.767
73741,84,share,2022-02-26,1678.867
73742,90,check,2022-02-26,1626.833
73743,93,returns,2022-02-26,793.067
73744,95,means,2022-02-26,222.6
73745,96,meta,2022-02-26,1591.633
73746,101,non,2022-02-26,1410.033
73779,269,ethereum,2022-02-26,355.633
73780,276,ve,2022-02-26,581.267
73781,282,life,2022-02-26,579.8
73782,288,careful,2022-02-26,572.533
73783,292,feel,2022-02-26,234.133
73762,185,tokens,2022-02-26,308.933
73748,112,world,2022-02-26,819.867
73761,177,twitter,2022-02-26,328.733
73759,174,discord,2022-02-26,1037.533
73750,116,experience,2022-02-26,185.067
73751,120,comments,2022-02-26,1438.8
73752,127,assets,2022-02-26,313.933
73709,0,crypto,2022-02-26,3270.467
73710,1,market,2022-02-26,1009.9
73711,2,people,2022-02-26,1497.0
73712,3,russia,2022-02-26,540.4
73713,4,ukraine,2022-02-26,418.833
73769,216,coins,2022-02-26,792.867
73715,6,use,2022-02-26,2582.833
73716,10,sanctions,2022-02-26,104.5
73717,11,cryptocurrency,2022-02-26,2148.067
73718,12,com,2022-02-26,2538.133
73719,13,https,2022-02-26,2534.5
73720,14,amp,2022-02-26,2178.667
73721,17,reddit,2022-02-26,1802.167
73722,28,amp x200b,2022-02-26,415.067
73723,29,x200b,2022-02-26,415.067
73724,35,time,2022-02-26,1398.567
73725,36,profit,2022-02-26,2093.9
73726,39,money,2022-02-26,1154.9
73753,132,information,2022-02-26,1406.367
73754,134,internet,2022-02-26,294.9
73755,142,way,2022-02-26,1065.5
73756,144,moon,2022-02-26,1385.167
73757,154,today,2022-02-26,345.733
73758,161,rug,2022-02-26,143.9
73760,176,nfts,2022-02-26,470.233
73768,208,war,2022-02-26,269.0
76621,14,amp,2022-02-27,2175.333
76610,0,crypto,2022-02-27,3248.6
76632,76,world,2022-02-27,833.767
76631,72,sub,2022-02-27,1755.033
76630,60,invest,2022-02-27,1890.833
76629,53,coins,2022-02-27,793.4
76628,48,wallet,2022-02-27,2059.8
76627,46,reddit,2022-02-27,1823.267
76626,39,share,2022-02-27,1658.867
76625,36,profit,2022-02-27,2102.867
76624,35,market,2022-02-27,1000.067
76623,22,https www,2022-02-27,2048.5
76622,21,www,2022-02-27,2100.767
76620,13,com,2022-02-27,2504.8
76619,12,https,2022-02-27,2532.3
76618,10,don,2022-02-27,1345.633
76617,9,cryptocurrency,2022-02-27,2164.133
76616,6,use,2022-02-27,2550.8
76615,5,money,2022-02-27,1190.7
76614,4,time,2022-02-27,1423.667
76613,3,help,2022-02-27,304.9
76633,77,want,2022-02-27,703.667
76612,2,people,2022-02-27,1517.4
76634,78,read,2022-02-27,1744.167
76636,84,trade,2022-02-27,1707.133
76681,294,ve,2022-02-27,568.867
76682,299,ve seen,2022-02-27,153.267
76678,288,life,2022-02-27,577.733
76677,285,exchange,2022-02-27,225.933
76676,281,swift,2022-02-27,90.833
76675,280,war,2022-02-27,286.267
76674,276,russia,2022-02-27,595.967
76673,269,address,2022-02-27,109.067
76672,258,www reddit,2022-02-27,646.167
76646,118,idea,2022-02-27,270.4
76645,117,right,2022-02-27,533.533
76644,114,smart,2022-02-27,1467.867
76643,107,pump,2022-02-27,1094.733
76642,102,title,2022-02-27,1560.4
76641,100,eth,2022-02-27,440.1
76640,99,btc,2022-02-27,644.433
76639,96,bitcoin,2022-02-27,1578.967
76638,87,trading,2022-02-27,248.633
76637,86,account,2022-02-27,336.867
76635,81,comments,2022-02-27,1449.767
76611,1,ukraine,2022-02-27,556.067
76679,290,work,2022-02-27,391.967
76647,131,need,2022-02-27,469.733
76655,159,exchanges,2022-02-27,189.533
76680,291,online,2022-02-27,102.333
76656,170,dump,2022-02-27,762.1
76657,171,project,2022-02-27,440.0
76658,172,pump dump,2022-02-27,201.033
76659,174,way,2022-02-27,1067.933
76660,186,reddit com,2022-02-27,969.933
76661,192,think,2022-02-27,933.033
76662,198,cross,2022-02-27,853.9
76663,204,price,2022-02-27,846.767
76664,209,value,2022-02-27,337.733
76665,214,future,2022-02-27,755.567
76666,222,discussion,2022-02-27,762.333
76667,224,topics,2022-02-27,644.167
76668,225,thread,2022-02-27,424.867
76669,226,events,2022-02-27,151.733
76670,246,com cryptocurrency,2022-02-27,694.5
76671,252,cryptocurrency comments,2022-02-27,692.233
76652,150,join,2022-02-27,1330.167
76651,138,information,2022-02-27,1386.767
76650,135,month,2022-02-27,107.767
76649,133,years,2022-02-27,374.667
76648,132,moon,2022-02-27,1388.2
76654,156,scams,2022-02-27,1221.0
76653,151,coin,2022-02-27,590.167
79559,270,life,2022-02-28,530.2
79560,282,right,2022-02-28,520.867
79543,192,price,2022-02-28,830.1
79500,12,https,2022-02-28,2474.7
79545,198,fall,2022-02-28,784.367
79546,203,war,2022-02-28,301.367
79547,207,coin,2022-02-28,524.467
79548,208,list,2022-02-28,282.067
79549,233,russia,2022-02-28,610.2
79561,294,news,2022-02-28,497.867
79550,234,telegram,2022-02-28,635.067
79552,237,built,2022-02-28,114.233
79553,244,sanctions,2022-02-28,122.6
79554,245,swift,2022-02-28,104.9
79555,252,point,2022-02-28,556.633
79556,258,ve,2022-02-28,549.5
79557,264,banks,2022-02-28,530.633
79558,265,change,2022-02-28,230.167
79551,236,attempt,2022-02-28,309.2
79501,13,amp,2022-02-28,2130.9
79544,197,today,2022-02-28,345.267
79491,1,money,2022-02-28,1056.933
79523,92,lot,2022-02-28,450.133
79522,90,title,2022-02-28,1559.5
79521,84,seed,2022-02-28,1560.433
79520,83,looks,2022-02-28,124.733
79519,78,check,2022-02-28,1618.667
79518,75,don,2022-02-28,1301.7
79517,72,share,2022-02-28,1655.933
79516,70,way,2022-02-28,1017.233
79515,69,smart,2022-02-28,1459.367
79490,0,crypto,2022-02-28,3085.133
79524,93,title says,2022-02-28,112.1
79513,60,reddit,2022-02-28,1815.967
79511,47,nfts,2022-02-28,467.733
79510,45,want,2022-02-28,693.6
79509,42,profit,2022-02-28,2096.1
79508,34,bitcoin,2022-02-28,1503.8
79507,28,coins,2022-02-28,777.0
79506,24,cryptocurrency,2022-02-28,2150.833
79505,22,https www,2022-02-28,2046.2
79504,17,www,2022-02-28,2098.467
79503,16,nft,2022-02-28,515.367
79502,14,com,2022-02-28,2450.833
79512,54,invest,2022-02-28,1836.033
79525,99,ethereum,2022-02-28,334.067
79514,66,read,2022-02-28,1735.133
79527,104,blockchain,2022-02-28,356.567
79536,156,quick,2022-02-28,1237.033
79537,173,help,2022-02-28,307.133
79538,174,governance,2022-02-28,939.4
79539,179,tokens,2022-02-28,301.5
79540,183,investors,2022-02-28,296.467
79541,184,times,2022-02-28,356.4
79542,185,example,2022-02-28,249.033
79535,150,longer,2022-02-28,1250.2
79499,11,project,2022-02-28,449.867
79497,8,think,2022-02-28,847.867
79496,6,use,2022-02-28,2493.667
79495,5,time,2022-02-28,1368.533
79494,4,world,2022-02-28,770.667
79493,3,people,2022-02-28,1407.167
79492,2,market,2022-02-28,914.7
79526,101,btc,2022-02-28,639.7
79498,10,future,2022-02-28,760.4
79534,138,join,2022-02-28,1330.733
79533,137,game,2022-02-28,248.2
79532,132,search,2022-02-28,1345.667
79531,125,ukraine,2022-02-28,600.467
79530,114,non,2022-02-28,1410.033
79529,108,comments,2022-02-28,1448.1
79528,105,chain,2022-02-28,155.867
696,1,people,2022-03-01,1408.333
695,0,crypto,2022-03-01,2978.433
717,48,wallet,2022-03-01,2248.567
709,22,cryptocurrency,2022-03-01,2353.8
719,60,invest,2022-03-01,2035.567
740,144,information,2022-03-01,1593.967
720,63,meta,2022-03-01,1793.7
721,69,want,2022-03-01,690.433
722,72,sub,2022-03-01,1959.3
723,77,moon,2022-03-01,1559.767
724,78,read,2022-03-01,1939.2
697,2,bitcoin,2022-03-01,1678.633
718,53,trade,2022-03-01,1912.5
698,3,world,2022-03-01,818.433
699,4,ukraine,2022-03-01,657.8
710,23,transactions,2022-03-01,177.033
711,27,amp x200b,2022-03-01,406.9
712,28,x200b,2022-03-01,406.9
713,34,russia,2022-03-01,673.9
714,41,reddit,2022-03-01,2012.933
715,42,profit,2022-03-01,2284.967
716,47,time,2022-03-01,1358.733
708,20,ve,2022-03-01,534.0
725,80,don,2022-03-01,1233.533
706,17,https www,2022-03-01,2240.0
705,11,www,2022-03-01,2292.267
704,9,market,2022-03-01,915.7
703,8,amp,2022-03-01,2371.367
702,7,com,2022-03-01,2663.033
701,6,https,2022-03-01,2720.8
700,5,projects,2022-03-01,457.167
707,18,use,2022-03-01,2619.133
726,90,share,2022-03-01,1855.3
739,138,comments,2022-03-01,1639.267
728,99,seed,2022-03-01,1767.2
749,200,beginner,2022-03-01,621.233
750,210,discord,2022-03-01,1238.1
751,214,resources,2022-03-01,470.233
752,220,don know,2022-03-01,142.933
753,222,percentage,2022-03-01,1223.433
754,228,reddit com,2022-03-01,1175.7
748,190,money,2022-03-01,1035.033
755,234,governance,2022-03-01,1142.933
757,252,way,2022-03-01,1017.1
758,258,returns,2022-03-01,998.033
759,264,dump,2022-03-01,968.5
761,288,price,2022-03-01,855.567
762,292,coins,2022-03-01,743.833
763,294,www reddit,2022-03-01,851.933
756,240,moons,2022-03-01,1083.7
727,96,rules,2022-03-01,1840.2
747,180,quick,2022-03-01,1438.333
745,169,year,2022-03-01,446.833
729,100,sms,2022-03-01,442.367
730,102,check,2022-03-01,1821.2
731,107,page,2022-03-01,1313.9
732,118,keys,2022-03-01,1562.9
733,119,discussion,2022-03-01,947.4
734,126,non,2022-03-01,1662.467
746,174,longer,2022-03-01,1456.167
735,129,future,2022-03-01,768.767
737,131,blockchain,2022-03-01,352.633
738,132,smart,2022-03-01,1662.033
741,154,thought,2022-03-01,262.967
742,160,pump,2022-03-01,1300.067
743,162,search,2022-03-01,1551.8
744,167,join,2022-03-01,1538.033
736,130,nfts,2022-03-01,463.633
760,276,sort,2022-03-01,925.567
3723,104,eth,2022-03-02,412.5
3696,17,token,2022-03-02,212.533
3703,36,www,2022-03-02,2287.233
3702,34,reddit,2022-03-02,2008.133
3701,29,coins,2022-03-02,742.733
3700,27,time,2022-03-02,1337.7
3699,25,ve,2022-03-02,511.867
3698,24,cryptocurrency,2022-03-02,2554.7
3742,190,help,2022-03-02,316.267
3743,195,sanctions,2022-03-02,196.0
3695,9,amp,2022-03-02,2381.467
3744,204,price,2022-03-02,841.467
3745,209,year,2022-03-02,434.067
3746,222,fall,2022-03-02,777.6
3747,234,future,2022-03-02,735.667
3748,239,project,2022-03-02,423.0
3749,246,btc,2022-03-02,641.367
3750,252,blockchain,2022-03-02,544.167
3751,257,users,2022-03-02,481.767
3687,0,crypto,2022-03-02,3190.633
3688,1,bitcoin,2022-03-02,1679.333
3722,103,think,2022-03-02,787.6
3689,2,people,2022-03-02,1564.367
3690,3,don,2022-03-02,1192.867
3691,4,money,2022-03-02,998.033
3704,39,https www,2022-03-02,2236.067
3692,5,ukraine,2022-03-02,910.3
3694,7,com,2022-03-02,2845.233
3756,299,imagine,2022-03-02,64.333
3755,298,days,2022-03-02,277.467
3754,294,life,2022-03-02,485.4
3753,288,news,2022-03-02,489.667
3752,276,worth,2022-03-02,499.5
3693,6,https,2022-03-02,2922.3
3705,40,data,2022-03-02,313.6
3697,18,use,2022-03-02,2588.067
3707,46,want,2022-03-02,657.8
3738,180,way,2022-03-02,991.8
3737,179,world,2022-03-02,807.033
3736,174,returns,2022-03-02,997.033
3735,162,sort,2022-03-02,1126.0
3734,150,effect,2022-03-02,1218.333
3733,147,right,2022-03-02,500.667
3706,42,profit,2022-03-02,2283.0
3731,129,twitter,2022-03-02,336.467
3730,126,search,2022-03-02,1557.1
3729,125,nft,2022-03-02,499.0
3728,124,nfts,2022-03-02,472.6
3727,114,comments,2022-03-02,1638.033
3726,113,dollars,2022-03-02,260.7
3725,108,non,2022-03-02,1653.167
3724,105,love,2022-03-02,86.333
3739,184,assets,2022-03-02,537.033
3740,188,donations,2022-03-02,163.433
3732,132,join,2022-03-02,1532.267
3721,102,smart,2022-03-02,1663.167
3741,189,russia,2022-03-02,901.967
3708,48,wallet,2022-03-02,2258.733
3709,49,exchange,2022-03-02,251.267
3710,60,invest,2022-03-02,2019.367
3711,62,projects,2022-03-02,461.433
3713,65,quick,2022-03-02,1435.133
3714,72,read,2022-03-02,1940.033
3712,63,market,2022-03-02,892.767
3715,78,trade,2022-03-02,1912.233
3716,82,sure,2022-03-02,213.3
3717,84,rules,2022-03-02,1841.033
3718,90,check,2022-03-02,1836.3
3719,98,ethereum,2022-03-02,324.7
3720,99,coin,2022-03-02,450.8
6688,11,cryptocurrency,2022-03-03,2274.0
6694,35,wallet,2022-03-03,1983.333
6692,31,amp x200b,2022-03-03,408.3
6691,30,amp,2022-03-03,2102.067
6690,27,projects,2022-03-03,471.033
6689,17,help,2022-03-03,320.167
6693,32,x200b,2022-03-03,408.3
6687,10,use,2022-03-03,2314.033
6679,0,crypto,2022-03-03,3159.133
6685,6,https,2022-03-03,2635.367
6684,5,world,2022-03-03,813.433
6683,4,market,2022-03-03,889.633
6682,3,time,2022-03-03,1289.033
6681,2,bitcoin,2022-03-03,1647.9
6680,1,people,2022-03-03,1520.033
6695,36,profit,2022-03-03,2011.367
6713,114,join,2022-03-03,1253.033
6686,8,com,2022-03-03,2546.367
6696,47,smart,2022-03-03,1345.133
6714,115,project,2022-03-03,422.067
6698,52,twitter,2022-03-03,341.467
6733,192,think,2022-03-03,795.167
6732,191,digital,2022-03-03,448.267
6731,186,price,2022-03-03,802.133
6730,179,investment,2022-03-03,274.733
6729,178,things,2022-03-03,320.867
6728,170,sanctions,2022-03-03,208.533
6727,162,ukraine,2022-03-03,951.7
6726,150,way,2022-03-03,990.7
6725,142,needs,2022-03-03,183.7
6724,141,try,2022-03-03,379.633
6723,140,life,2022-03-03,490.733
6722,138,returns,2022-03-03,1001.467
6721,132,governance,2022-03-03,1134.2
6719,130,coins,2022-03-03,748.233
6718,126,quick,2022-03-03,1155.333
6734,210,scammers,2022-03-03,679.967
6717,124,need,2022-03-03,435.133
6735,215,tokens,2022-03-03,321.6
6737,225,eth,2022-03-03,509.5
6697,48,reddit,2022-03-03,1730.533
6751,299,case,2022-03-03,236.067
6750,298,space,2022-03-03,462.833
6749,294,news,2022-03-03,489.433
6748,287,day,2022-03-03,295.6
6747,282,assets,2022-03-03,497.7
6746,276,point,2022-03-03,498.167
6745,270,fall,2022-03-03,501.1
6744,258,banks,2022-03-03,523.633
6743,254,days,2022-03-03,292.733
6742,252,blockchain,2022-03-03,546.667
6741,250,exchanges,2022-03-03,416.0
6740,246,users,2022-03-03,548.767
6739,240,worth,2022-03-03,623.633
6738,228,sources,2022-03-03,629.567
6736,222,btc,2022-03-03,647.133
6716,117,future,2022-03-03,698.667
6720,131,want,2022-03-03,654.167
6712,102,information,2022-03-03,1311.067
6710,89,nft,2022-03-03,629.5
6709,87,mint,2022-03-03,67.767
6708,86,nfts,2022-03-03,464.233
6707,84,non,2022-03-03,1371.567
6706,72,trade,2022-03-03,1627.933
6705,71,russia,2022-03-03,918.167
6704,65,ve,2022-03-03,487.7
6703,60,read,2022-03-03,1661.267
6702,58,money,2022-03-03,993.633
6711,90,comments,2022-03-03,1354.8
6701,57,don,2022-03-03,1198.533
6699,53,community,2022-03-03,201.767
6700,54,invest,2022-03-03,1702.7
6715,116,discord,2022-03-03,952.733
9730,3,russia,2022-03-04,985.9
9755,68,need,2022-03-04,478.733
9756,71,tokens,2022-03-04,331.0
9757,72,reddit,2022-03-04,1384.133
9758,74,sanctions,2022-03-04,267.933
9759,78,invest,2022-03-04,1359.367
9760,84,read,2022-03-04,1317.0
9761,90,trade,2022-03-04,1292.367
9762,99,ecosystem,2022-03-04,112.567
9731,4,don,2022-03-04,1243.633
9751,50,https www,2022-03-04,1600.633
9732,5,market,2022-03-04,895.367
9733,6,https,2022-03-04,2291.6
9734,8,com,2022-03-04,2199.2
9763,108,check,2022-03-04,1174.433
9735,9,amp,2022-03-04,1759.667
9736,10,week,2022-03-04,559.3
9737,15,help,2022-03-04,367.167
9738,20,world,2022-03-04,839.267
9739,21,want,2022-03-04,657.733
9752,54,wallet,2022-03-04,1624.733
9740,23,money,2022-03-04,996.3
9742,28,coins,2022-03-04,743.633
9743,29,exchanges,2022-03-04,416.8
9744,33,bitcoin,2022-03-04,1660.6
9745,34,day,2022-03-04,352.333
9746,36,profit,2022-03-04,1670.3
9747,39,platforms,2022-03-04,392.633
9748,41,time,2022-03-04,1247.267
9749,44,btc,2022-03-04,663.433
9750,48,www,2022-03-04,1651.8
9741,24,cryptocurrency,2022-03-04,1929.267
9764,110,nft,2022-03-04,635.4
9754,57,blockchain,2022-03-04,559.0
9766,113,game,2022-03-04,196.433
9778,156,join,2022-03-04,905.567
9779,167,projects,2022-03-04,481.267
9780,174,think,2022-03-04,798.5
9781,180,price,2022-03-04,797.133
9765,112,march,2022-03-04,266.333
9783,192,actions,2022-03-04,740.967
9784,198,future,2022-03-04,692.833
9785,203,metaverse,2022-03-04,289.4
9786,209,eth,2022-03-04,483.367
9787,220,digital,2022-03-04,456.367
9788,222,worth,2022-03-04,625.533
9789,240,users,2022-03-04,547.667
9790,244,banks,2022-03-04,527.733
9791,245,ve,2022-03-04,481.533
9792,264,groups,2022-03-04,498.9
9793,269,coin,2022-03-04,435.133
9794,270,news,2022-03-04,494.733
9795,276,point,2022-03-04,494.367
9796,285,ethereum,2022-03-04,294.3
9753,56,account,2022-03-04,319.733
9797,288,right,2022-03-04,482.833
9798,291,example,2022-03-04,271.3
9729,2,use,2022-03-04,1970.967
9728,1,people,2022-03-04,1562.533
9727,0,crypto,2022-03-04,3207.1
9777,152,life,2022-03-04,532.667
9776,150,discord,2022-03-04,954.4
9782,191,lot,2022-03-04,478.233
9772,137,ukraine,2022-03-04,969.4
9770,120,way,2022-03-04,1005.567
9771,126,smart,2022-03-04,1000.933
9769,119,assets,2022-03-04,501.033
9767,114,non,2022-03-04,1024.167
9768,115,nfts,2022-03-04,454.467
9774,147,war,2022-03-04,440.1
9773,141,government,2022-03-04,314.433
9775,148,country,2022-03-04,227.567
12631,135,ve,2022-03-05,490.867
12630,132,don,2022-03-05,1271.533
12629,131,exercise,2022-03-05,176.133
12632,137,think,2022-03-05,804.267
12608,40,nft,2022-03-05,709.8
12625,115,fall,2022-03-05,679.9
12614,70,day,2022-03-05,373.633
12613,58,ethereum,2022-03-05,327.967
12612,56,btc,2022-03-05,722.0
12611,54,bitcoin,2022-03-05,1781.067
12610,52,want,2022-03-05,681.2
12609,41,nfts,2022-03-05,464.633
12607,36,profit,2022-03-05,1842.233
12653,233,need,2022-03-05,482.833
12624,114,quick,2022-03-05,1332.1
12595,3,market,2022-03-05,928.267
12594,2,time,2022-03-05,1241.8
12596,4,https,2022-03-05,2486.833
12593,1,people,2022-03-05,1608.3
12592,0,crypto,2022-03-05,3274.067
12626,120,longer,2022-03-05,1322.367
12627,126,governance,2022-03-05,1310.333
12606,35,preview,2022-03-05,356.9
12628,130,non,2022-03-05,1206.167
12598,8,com,2022-03-05,2380.267
12599,9,amp,2022-03-05,2009.833
12600,10,reddit,2022-03-05,1579.7
12601,11,www,2022-03-05,1828.3
12602,17,https www,2022-03-05,1777.133
12603,18,use,2022-03-05,2156.8
12604,21,coin,2022-03-05,457.333
12597,5,cryptocurrency,2022-03-05,2124.467
12605,22,wallet,2022-03-05,1812.467
12623,108,rules,2022-03-05,1371.333
12633,145,digital,2022-03-05,474.533
12618,83,trade,2022-03-05,1477.0
12617,81,tokens,2022-03-05,345.633
12616,80,project,2022-03-05,435.933
12615,78,invest,2022-03-05,1538.1
12622,107,smart,2022-03-05,1177.733
12663,276,discussion,2022-03-05,842.433
12662,270,pump,2022-03-05,843.433
12661,258,scammers,2022-03-05,856.7
12660,255,page https,2022-03-05,175.867
12659,252,page,2022-03-05,857.8
12658,248,projects,2022-03-05,506.933
12657,245,world,2022-03-05,846.733
12656,243,cryptocurrencies,2022-03-05,282.0
12655,241,sanctions,2022-03-05,279.833
12654,234,sort,2022-03-05,1020.4
12619,84,read,2022-03-05,1498.267
12620,90,sub,2022-03-05,1487.8
12621,102,share,2022-03-05,1383.733
12651,226,value,2022-03-05,378.5
12634,153,binance,2022-03-05,288.867
12636,156,returns,2022-03-05,1176.367
12637,162,comments,2022-03-05,1173.333
12638,168,discord,2022-03-05,1138.1
12639,174,information,2022-03-05,1137.133
12640,180,title,2022-03-05,1116.433
12641,181,moon,2022-03-05,1110.867
12652,228,way,2022-03-05,1020.7
12642,186,keys,2022-03-05,1114.767
12644,196,welcome,2022-03-05,612.567
12645,204,ukraine,2022-03-05,1109.733
12646,205,war,2022-03-05,449.833
12647,208,russia,2022-03-05,1004.233
12648,210,search,2022-03-05,1094.433
12649,216,join,2022-03-05,1084.233
12650,222,money,2022-03-05,1032.067
12643,192,percentage,2022-03-05,1114.7
12635,154,chain,2022-03-05,136.467
12665,294,scams,2022-03-05,754.7
12664,282,price,2022-03-05,811.667
15281,28,think,2022-03-06,804.9
15284,33,x200b,2022-03-06,440.5
15283,32,amp x200b,2022-03-06,440.5
15282,29,ethereum,2022-03-06,328.8
15263,0,crypto,2022-03-06,3264.4
15264,1,people,2022-03-06,1643.3
15265,2,amp,2022-03-06,2054.467
15266,3,https,2022-03-06,2531.6
15285,42,wallet,2022-03-06,1819.833
15267,4,cryptocurrency,2022-03-06,2163.7
15269,8,auto,2022-03-06,438.8
15270,9,preview,2022-03-06,403.067
15271,10,format,2022-03-06,402.433
15272,11,redd,2022-03-06,400.233
15273,12,com,2022-03-06,2380.6
15274,14,www,2022-03-06,1833.4
15276,17,btc,2022-03-06,727.567
15277,20,use,2022-03-06,2146.9
15268,5,bitcoin,2022-03-06,1817.367
15286,46,want,2022-03-06,691.367
15287,51,price,2022-03-06,817.733
15288,66,reddit,2022-03-06,1583.033
15349,284,assets,2022-03-06,507.467
15305,114,check,2022-03-06,1171.567
15304,108,comments,2022-03-06,1176.933
15303,107,times,2022-03-06,426.4
15302,106,week,2022-03-06,612.1
15301,105,token,2022-03-06,239.6
15300,102,time,2022-03-06,1237.167
15299,98,term,2022-03-06,323.767
15298,96,don,2022-03-06,1275.833
15280,27,address,2022-03-06,80.633
15297,95,project,2022-03-06,465.133
15296,92,way,2022-03-06,1056.9
15295,90,longer,2022-03-06,1355.6
15294,84,trade,2022-03-06,1478.2
15293,78,read,2022-03-06,1496.8
15292,77,coins,2022-03-06,749.767
15291,75,market,2022-03-06,966.467
15290,73,experience,2022-03-06,135.767
15289,72,invest,2022-03-06,1525.767
15278,21,projects,2022-03-06,535.167
15279,22,things,2022-03-06,371.167
15275,15,https www,2022-03-06,1782.233
15307,120,ukraine,2022-03-06,1131.067
15330,208,ve,2022-03-06,495.433
15331,218,groups,2022-03-06,681.933
15332,219,trading,2022-03-06,479.367
15306,116,hope,2022-03-06,187.167
15334,224,fall,2022-03-06,677.933
15335,228,finance,2022-03-06,305.6
15336,229,defi,2022-03-06,300.9
15337,230,welcome,2022-03-06,652.767
15338,233,news,2022-03-06,537.767
15339,235,account,2022-03-06,358.467
15340,236,worth,2022-03-06,635.1
15341,253,help,2022-03-06,384.733
15342,254,users,2022-03-06,549.433
15343,257,platform,2022-03-06,243.367
15344,258,pay,2022-03-06,208.7
15345,259,attention,2022-03-06,43.067
15346,263,services,2022-03-06,306.267
15347,264,currencies,2022-03-06,162.167
15348,278,lot,2022-03-06,508.3
15329,204,reason,2022-03-06,186.767
15328,203,country,2022-03-06,256.367
15333,220,day,2022-03-06,350.433
15326,200,nft,2022-03-06,707.667
15308,122,russia,2022-03-06,1011.9
15309,126,keys,2022-03-06,1115.8
15310,128,banks,2022-03-06,546.333
15327,202,place,2022-03-06,303.733
15312,130,provide,2022-03-06,316.267
15313,131,bank,2022-03-06,309.633
15314,132,moon,2022-03-06,1111.8
15315,133,gt,2022-03-06,322.633
15316,134,join,2022-03-06,1086.233
15311,129,exchanges,2022-03-06,415.433
15318,154,sanctions,2022-03-06,282.167
15319,162,tokens,2022-03-06,348.167
15320,164,pump,2022-03-06,843.533
15321,170,world,2022-03-06,820.433
15322,172,blockchain,2022-03-06,563.133
15323,175,future,2022-03-06,688.233
15324,179,change,2022-03-06,232.933
15325,190,look,2022-03-06,453.0
15317,139,money,2022-03-06,1021.333
18101,11,market,2022-03-07,987.133
18100,10,reddit,2022-03-07,1789.967
18099,9,amp,2022-03-07,2261.667
18098,7,com,2022-03-07,2587.167
18097,6,https,2022-03-07,2742.4
18093,2,people,2022-03-07,1634.133
18095,4,money,2022-03-07,1000.633
18094,3,time,2022-03-07,1254.2
18092,1,bitcoin,2022-03-07,1832.767
18102,17,www,2022-03-07,2035.667
18096,5,cryptocurrency,2022-03-07,2377.2
18103,22,ethereum,2022-03-07,365.733
18091,0,crypto,2022-03-07,3267.333
18105,34,comments,2022-03-07,1385.033
18136,172,currency,2022-03-07,233.033
18137,173,trust,2022-03-07,151.333
18138,180,ukraine,2022-03-07,1138.033
18139,183,russia,2022-03-07,1022.833
18140,184,war,2022-03-07,454.867
18141,185,gold,2022-03-07,165.567
18142,186,effect,2022-03-07,1120.5
18143,192,way,2022-03-07,1048.167
18144,199,post,2022-03-07,336.633
18145,204,pump,2022-03-07,1027.7
18146,205,dump,2022-03-07,871.7
18135,168,don,2022-03-07,1267.233
18147,206,pump dump,2022-03-07,385.2
18149,215,coinbase,2022-03-07,201.167
18150,226,project,2022-03-07,480.933
18151,234,actions,2022-03-07,925.033
18152,240,reddit com,2022-03-07,913.267
18153,252,www reddit,2022-03-07,865.333
18154,270,amounts,2022-03-07,826.9
18155,274,requirements,2022-03-07,363.733
18156,275,mining,2022-03-07,173.233
18157,278,capital,2022-03-07,81.033
18158,284,lot,2022-03-07,502.933
18159,288,beginner,2022-03-07,805.333
18148,214,sanctions,2022-03-07,288.367
18134,162,join,2022-03-07,1270.3
18133,158,fall,2022-03-07,860.5
18132,156,meta,2022-03-07,1307.633
18106,35,amp x200b,2022-03-07,443.433
18107,39,https www,2022-03-07,1984.5
18108,42,wallet,2022-03-07,2001.0
18109,44,non,2022-03-07,1398.933
18110,45,smart,2022-03-07,1359.7
18111,46,nft,2022-03-07,705.433
18112,47,projects,2022-03-07,532.533
18113,54,profit,2022-03-07,1977.933
18114,58,ecosystem,2022-03-07,126.167
18115,65,price,2022-03-07,850.5
18116,72,invest,2022-03-07,1724.967
18117,76,coins,2022-03-07,759.9
18118,77,want,2022-03-07,703.567
18119,78,sub,2022-03-07,1687.233
18120,84,read,2022-03-07,1683.0
18121,89,trade,2022-03-07,1631.567
18122,102,share,2022-03-07,1583.333
18123,108,longer,2022-03-07,1540.067
18124,113,page,2022-03-07,1043.067
18125,114,quick,2022-03-07,1514.9
18127,117,check,2022-03-07,1350.567
18128,118,scams,2022-03-07,940.3
18129,120,governance,2022-03-07,1494.867
18130,130,world,2022-03-07,818.033
18131,131,think,2022-03-07,810.367
18104,24,use,2022-03-07,2320.933
18126,116,returns,2022-03-07,1351.467
21050,1,don,2022-03-08,1269.567
21117,273,btc eth,2022-03-08,71.467
21081,88,digital assets,2022-03-08,44.433
21080,87,tax,2022-03-08,200.367
21079,86,digital,2022-03-08,445.7
21078,84,rules,2022-03-08,1355.0
21077,83,btc,2022-03-08,707.933
21076,76,russia,2022-03-08,1034.667
21075,72,share,2022-03-08,1582.4
21074,71,help,2022-03-08,380.367
21073,70,right,2022-03-08,483.633
21072,68,way,2022-03-08,1043.167
21071,66,read,2022-03-08,1685.367
21070,65,price,2022-03-08,803.767
21069,64,time,2022-03-08,1231.4
21068,63,people,2022-03-08,1568.7
21067,59,auto,2022-03-08,442.3
21066,54,reddit,2022-03-08,1773.467
21065,42,wallet,2022-03-08,1989.767
21051,2,cryptocurrency,2022-03-08,2343.267
21052,3,amp,2022-03-08,2242.133
21053,4,bitcoin,2022-03-08,1745.933
21054,5,ukraine,2022-03-08,1160.567
21055,6,https,2022-03-08,2712.533
21056,8,com,2022-03-08,2579.267
21082,90,check,2022-03-08,1351.567
21057,9,use,2022-03-08,2330.067
21059,14,think,2022-03-08,806.6
21060,22,market,2022-03-08,929.867
21061,23,assets,2022-03-08,501.767
21062,27,ve,2022-03-08,464.567
21063,35,news,2022-03-08,520.567
21064,38,https www,2022-03-08,1976.7
21058,11,www,2022-03-08,2027.867
21118,282,project,2022-03-08,478.633
21083,91,nft,2022-03-08,673.933
21085,112,donations,2022-03-08,205.867
21116,264,lot,2022-03-08,498.6
21115,252,projects,2022-03-08,520.267
21114,240,banks,2022-03-08,537.8
21113,235,need,2022-03-08,474.267
21112,234,users,2022-03-08,542.667
21111,228,life,2022-03-08,545.367
21110,222,blockchain,2022-03-08,558.6
21109,216,march 2022,2022-03-08,574.7
21108,215,biden,2022-03-08,81.833
21107,213,executive,2022-03-08,78.4
21106,212,order,2022-03-08,157.267
21105,210,week,2022-03-08,629.6
21104,204,march,2022-03-08,654.333
21103,203,guys,2022-03-08,140.267
21102,192,future,2022-03-08,670.733
21101,182,eth,2022-03-08,486.9
21100,156,world,2022-03-08,814.0
21086,117,term,2022-03-08,325.167
21087,118,long term,2022-03-08,232.233
21088,123,access,2022-03-08,307.167
21089,124,sanctions,2022-03-08,291.667
21090,125,exchange,2022-03-08,241.7
21091,126,pump,2022-03-08,1033.933
21084,99,coins,2022-03-08,740.133
21092,127,dump,2022-03-08,873.267
21094,129,years,2022-03-08,359.5
21095,130,hit,2022-03-08,96.2
21096,132,money,2022-03-08,972.933
21097,134,want,2022-03-08,668.467
21098,141,day,2022-03-08,360.733
21099,150,fall,2022-03-08,858.0
21093,128,pump dump,2022-03-08,386.767
21049,0,crypto,2022-03-08,3205.7
24086,174,pump,2022-03-09,1062.1
24042,40,https www,2022-03-09,1977.767
24085,167,currency,2022-03-09,244.2
24084,166,understand,2022-03-09,291.733
24083,165,asset,2022-03-09,385.433
24082,162,information,2022-03-09,1139.1
24081,160,tell,2022-03-09,147.7
24080,156,keys,2022-03-09,1142.233
24079,155,reason,2022-03-09,227.333
24078,154,investors,2022-03-09,265.1
24077,153,russia,2022-03-09,1037.633
24076,150,ukraine,2022-03-09,1165.0
24075,149,feel,2022-03-09,230.3
24074,148,sure,2022-03-09,231.433
24073,137,join,2022-03-09,1272.133
24072,132,check,2022-03-09,1353.233
24071,131,project,2022-03-09,531.533
24070,126,smart,2022-03-09,1362.1
24069,125,afford,2022-03-09,410.8
24087,184,worth,2022-03-09,675.133
24088,185,week,2022-03-09,626.6
24089,198,world,2022-03-09,887.467
24090,208,cryptocurrencies,2022-03-09,319.667
24108,294,march 2022,2022-03-09,576.5
24107,288,life,2022-03-09,591.5
24106,287,blockchain,2022-03-09,573.133
24105,275,assets,2022-03-09,538.533
24104,270,promises,2022-03-09,655.8
24103,267,point,2022-03-09,504.033
24102,263,bitcoin btc,2022-03-09,90.667
24101,251,digital,2022-03-09,476.6
24068,120,non,2022-03-09,1364.2
24100,246,future,2022-03-09,677.8
24098,240,nft,2022-03-09,692.367
24097,235,march,2022-03-09,661.367
24096,234,btc,2022-03-09,718.8
24095,230,mean,2022-03-09,174.067
24094,228,groups,2022-03-09,720.567
24093,216,price,2022-03-09,843.0
24092,213,shit,2022-03-09,181.167
24091,210,fall,2022-03-09,870.633
24099,243,reality,2022-03-09,101.4
24066,112,money,2022-03-09,1010.067
24067,114,comments,2022-03-09,1365.433
24043,42,wallet,2022-03-09,1987.4
24065,106,market,2022-03-09,970.567
24041,36,www,2022-03-09,2028.933
24040,32,x200b,2022-03-09,458.167
24039,29,tokens,2022-03-09,335.733
24038,22,need,2022-03-09,525.633
24037,21,cryptocurrency,2022-03-09,2370.5
24036,18,use,2022-03-09,2378.367
24044,44,ll,2022-03-09,326.667
24035,15,time,2022-03-09,1299.1
24033,9,amp,2022-03-09,2301.267
24032,7,com,2022-03-09,2583.9
24031,6,https,2022-03-09,2738.633
24030,5,people,2022-03-09,1641.633
24029,4,bitcoin,2022-03-09,1851.5
24028,3,biden,2022-03-09,143.867
24027,2,executive,2022-03-09,136.7
24034,11,amp x200b,2022-03-09,458.167
24026,1,order,2022-03-09,223.733
24045,47,don,2022-03-09,1367.1
24047,66,reddit,2022-03-09,1776.233
24064,102,quick,2022-03-09,1545.933
24063,99,bank,2022-03-09,323.567
24062,96,longer,2022-03-09,1568.4
24061,95,way,2022-03-09,1088.067
24060,91,coins,2022-03-09,776.067
24059,90,trade,2022-03-09,1634.767
24058,88,think,2022-03-09,875.733
24057,82,exchanges,2022-03-09,463.4
24046,48,profit,2022-03-09,1981.333
24056,81,trading,2022-03-09,492.2
24054,78,read,2022-03-09,1685.767
24053,77,isn,2022-03-09,254.033
24052,76,right,2022-03-09,520.633
24051,74,projects,2022-03-09,595.633
24050,72,invest,2022-03-09,1743.433
24049,71,cardano,2022-03-09,190.8
24048,70,coin,2022-03-09,463.833
24055,80,want,2022-03-09,656.867
24025,0,crypto,2022-03-09,3343.933
27053,1,market,2022-03-10,967.167
27054,2,amp,2022-03-10,2299.4
27057,5,things,2022-03-10,838.367
27052,0,crypto,2022-03-10,3775.867
27055,3,people,2022-03-10,2132.467
27058,6,https,2022-03-10,3195.867
27102,174,ukraine,2022-03-10,1167.5
27081,66,profit,2022-03-10,1971.667
27082,72,bitcoin,2022-03-10,1867.8
27083,75,coins,2022-03-10,1263.133
27084,76,coin,2022-03-10,475.233
27085,77,start,2022-03-10,383.967
27086,80,don want,2022-03-10,98.967
27087,84,non,2022-03-10,1821.833
27088,90,reddit,2022-03-10,1776.2
27080,65,way,2022-03-10,1109.267
27089,95,data,2022-03-10,295.233
27091,107,read,2022-03-10,1685.6
27092,114,trade,2022-03-10,1630.3
27094,124,world,2022-03-10,877.567
27095,125,fast,2022-03-10,232.033
27096,126,quick,2022-03-10,1538.9
27097,150,smart,2022-03-10,1357.467
27098,153,effect,2022-03-10,1123.867
27099,155,lot,2022-03-10,533.6
27090,102,sub,2022-03-10,1686.433
27100,156,returns,2022-03-10,1343.567
27079,64,money,2022-03-10,1463.2
27077,60,wallet,2022-03-10,1993.833
27059,9,www,2022-03-10,2485.333
27060,10,https www,2022-03-10,2434.167
27061,11,ethereum,2022-03-10,802.933
27062,12,com,2022-03-10,3037.0
27063,18,cryptocurrency,2022-03-10,2831.6
27064,21,years,2022-03-10,436.4
27065,22,use,2022-03-10,2389.967
27066,23,invest,2022-03-10,1757.067
27078,61,wallets,2022-03-10,217.767
27067,39,value,2022-03-10,425.667
27069,45,amp x200b,2022-03-10,457.067
27070,46,x200b,2022-03-10,457.067
27071,47,eth,2022-03-10,495.6
27072,51,don,2022-03-10,1867.467
27073,52,think,2022-03-10,1373.833
27074,53,want,2022-03-10,700.767
27075,54,share,2022-03-10,2047.733
27076,57,pump,2022-03-10,1528.533
27068,40,matter,2022-03-10,220.9
27101,164,ve,2022-03-10,526.067
27093,120,longer,2022-03-10,1593.1
27103,180,information,2022-03-10,1136.833
27056,4,time,2022-03-10,1302.9
27120,288,beginner,2022-03-10,808.2
27119,276,price,2022-03-10,872.467
27118,275,finance,2022-03-10,294.1
27117,266,tokens,2022-03-10,788.067
27116,264,nfts,2022-03-10,890.2
27114,252,times,2022-03-10,910.3
27113,246,scams,2022-03-10,914.4
27112,240,thing,2022-03-10,935.1
27115,258,fall,2022-03-10,901.867
27110,216,news,2022-03-10,1010.767
27109,210,sort,2022-03-10,1021.267
27108,209,dyor,2022-03-10,60.267
27107,206,right,2022-03-10,966.633
27106,204,page,2022-03-10,1044.667
27105,199,country,2022-03-10,258.767
27104,198,russia,2022-03-10,1045.1
27111,222,project,2022-03-10,980.9
30070,287,business,2022-03-11,669.367
30043,156,ukraine,2022-03-11,1167.133
30071,288,march,2022-03-11,669.5
30047,164,post,2022-03-11,328.3
30046,162,information,2022-03-11,1132.933
30045,161,growth,2022-03-11,72.733
30044,159,ethereum,2022-03-11,806.4
30042,150,coins,2022-03-11,1259.8
30033,126,think,2022-03-11,1363.033
30040,142,things,2022-03-11,833.233
30039,138,comments,2022-03-11,1358.167
30038,135,process,2022-03-11,100.567
30010,54,share,2022-03-11,2046.133
30036,133,network,2022-03-11,281.767
30035,132,smart,2022-03-11,1360.467
30034,129,projects,2022-03-11,599.6
30069,279,help,2022-03-11,428.1
30032,124,want,2022-03-11,700.633
30041,143,coin,2022-03-11,471.6
30068,278,trading,2022-03-11,493.933
30059,204,thing,2022-03-11,937.333
30066,270,worth,2022-03-11,694.2
30031,123,tokens,2022-03-11,798.067
30048,165,exchange,2022-03-11,253.4
30049,166,question,2022-03-11,136.733
30050,174,russia,2022-03-11,1039.633
30051,177,war,2022-03-11,462.967
30052,180,news,2022-03-11,1012.033
30053,182,cryptocurrencies,2022-03-11,331.733
30054,184,biden,2022-03-11,158.967
30067,276,markets,2022-03-11,693.9
30055,185,executive,2022-03-11,146.5
30057,192,right,2022-03-11,972.7
30058,197,need,2022-03-11,511.267
30060,210,actions,2022-03-11,926.267
30061,215,change,2022-03-11,219.833
30062,219,nft,2022-03-11,669.5
30063,228,price,2022-03-11,862.1
30064,264,btc,2022-03-11,694.533
30065,269,work,2022-03-11,348.5
30056,186,project,2022-03-11,976.3
30030,120,governance,2022-03-11,1500.267
30009,53,nfts,2022-03-11,894.8
30028,113,ve,2022-03-11,522.267
29991,6,https,2022-03-11,3185.733
29992,8,com,2022-03-11,3035.9
29993,9,io,2022-03-11,108.033
29994,10,article,2022-03-11,100.9
29995,11,www,2022-03-11,2478.4
29996,16,time,2022-03-11,1289.833
29997,17,simple,2022-03-11,155.933
29998,18,cryptocurrency,2022-03-11,2850.067
29999,21,order,2022-03-11,235.267
30000,23,bitcoin,2022-03-11,1959.167
30001,27,https www,2022-03-11,2427.233
30002,28,years,2022-03-11,439.3
30003,41,future,2022-03-11,677.4
30004,42,amp,2022-03-11,2290.9
30005,46,non,2022-03-11,1829.733
30006,47,reddit,2022-03-11,1773.733
30007,48,people,2022-03-11,2125.7
30008,51,lot,2022-03-11,541.033
30029,117,market,2022-03-11,961.567
29990,5,world,2022-03-11,884.033
29989,4,use,2022-03-11,2371.967
30037,134,kind,2022-03-11,199.533
29987,2,money,2022-03-11,1568.767
29988,3,way,2022-03-11,1109.9
30025,104,year,2022-03-11,439.6
30024,102,sub,2022-03-11,1676.633
30023,96,invest,2022-03-11,1761.6
30022,95,preview,2022-03-11,431.5
30021,94,auto,2022-03-11,466.133
30020,89,digital,2022-03-11,490.567
30019,88,trade,2022-03-11,1638.4
30018,86,fiat,2022-03-11,162.533
30026,105,create,2022-03-11,243.933
30016,75,day,2022-03-11,399.933
29986,1,don,2022-03-11,1874.2
30017,76,platform,2022-03-11,709.9
29985,0,crypto,2022-03-11,3749.467
30011,56,currency,2022-03-11,240.7
30027,107,imagine,2022-03-11,112.8
30013,60,wallet,2022-03-11,1983.733
30014,70,blockchain,2022-03-11,583.533
30015,71,example,2022-03-11,262.1
30012,58,profit,2022-03-11,1974.433
32954,192,news,2022-03-12,1046.333
32953,187,lot,2022-03-12,673.933
32952,186,thing,2022-03-12,1066.8
32951,180,way,2022-03-12,1111.2
32950,173,defi,2022-03-12,308.833
32949,171,year,2022-03-12,567.733
32948,170,course,2022-03-12,569.033
32946,167,bought,2022-03-12,275.033
32945,166,minister,2022-03-12,311.967
32943,164,donations,2022-03-12,211.0
32942,162,ukraine,2022-03-12,1173.467
32941,150,check,2022-03-12,1355.0
32940,144,smart,2022-03-12,1360.0
32939,142,want,2022-03-12,709.233
32955,198,right,2022-03-12,1015.4
32947,168,information,2022-03-12,1133.533
32944,165,digital,2022-03-12,501.133
32964,246,price,2022-03-12,879.533
32957,206,users,2022-03-12,563.867
32974,294,worth,2022-03-12,701.9
32973,284,built,2022-03-12,108.633
32972,283,blockchain,2022-03-12,598.533
32971,282,platform,2022-03-12,715.8
32970,278,eth,2022-03-12,499.567
32969,270,week,2022-03-12,746.667
32968,264,nft,2022-03-12,797.067
32967,261,example,2022-03-12,270.8
32966,252,things,2022-03-12,838.1
32965,247,trading,2022-03-12,511.133
32938,126,comments,2022-03-12,1486.467
32963,240,nfts,2022-03-12,898.033
32962,234,times,2022-03-12,906.667
32961,233,mind,2022-03-12,117.733
32960,231,understand,2022-03-12,295.167
32959,228,scams,2022-03-12,911.533
32958,222,reddit com,2022-03-12,913.8
32956,204,project,2022-03-12,977.2
32937,125,terms,2022-03-12,199.367
32927,82,don know,2022-03-12,141.333
32935,123,tokens,2022-03-12,805.667
32912,36,use,2022-03-12,2418.733
32911,29,btc,2022-03-12,744.533
32910,23,term,2022-03-12,477.867
32909,22,coin,2022-03-12,484.767
32908,20,ethereum,2022-03-12,944.033
32907,18,cryptocurrency,2022-03-12,2990.733
32906,11,https www,2022-03-12,2463.8
32913,40,don,2022-03-12,1892.533
32905,10,www,2022-03-12,2514.967
32903,6,https,2022-03-12,3230.033
32902,5,com,2022-03-12,3081.567
32901,4,world,2022-03-12,914.6
32900,3,bitcoin,2022-03-12,2145.2
32899,2,market,2022-03-12,1119.267
32898,1,people,2022-03-12,2273.0
32897,0,crypto,2022-03-12,3944.533
32904,8,amp,2022-03-12,2304.4
32936,124,kind,2022-03-12,209.233
32914,46,amp x200b,2022-03-12,455.9
32917,60,share,2022-03-12,2052.667
32934,120,governance,2022-03-12,1507.1
32933,117,think,2022-03-12,1408.967
32932,114,quick,2022-03-12,1535.167
32931,108,trade,2022-03-12,1648.633
32930,102,read,2022-03-12,1684.133
32929,90,invest,2022-03-12,1768.233
32928,84,reddit,2022-03-12,1775.533
32916,52,time,2022-03-12,1426.533
32926,81,ve,2022-03-12,538.3
32924,75,help,2022-03-12,433.3
32923,72,wallet,2022-03-12,1987.267
32922,71,coins,2022-03-12,1283.033
32921,70,money,2022-03-12,1695.2
32920,66,profit,2022-03-12,1990.733
32919,64,provide,2022-03-12,317.233
32918,63,future,2022-03-12,683.033
32925,77,projects,2022-03-12,611.267
32915,47,x200b,2022-03-12,455.9
35799,210,information,2022-03-13,1133.5
35821,287,nfts,2022-03-13,923.933
35803,218,title says,2022-03-13,135.433
35801,216,title,2022-03-13,1132.967
35749,0,crypto,2022-03-13,4042.7
35750,1,people,2022-03-13,2317.767
35751,2,market,2022-03-13,1234.233
35752,3,use,2022-03-13,2457.933
35804,222,seed,2022-03-13,1132.533
35753,4,money,2022-03-13,1848.233
35755,6,https,2022-03-13,3259.433
35756,8,com,2022-03-13,3087.667
35757,9,amp,2022-03-13,2327.633
35758,11,reddit,2022-03-13,1805.267
35759,16,coin,2022-03-13,510.0
35760,18,cryptocurrency,2022-03-13,3026.733
35754,5,lot,2022-03-13,747.0
35805,223,token,2022-03-13,309.767
35806,225,multiple,2022-03-13,226.9
35807,226,public,2022-03-13,140.733
35800,213,community,2022-03-13,260.833
35822,293,reddit com,2022-03-13,919.133
35820,281,price,2022-03-13,927.167
35819,280,example,2022-03-13,334.4
35818,275,actions,2022-03-13,930.4
35817,269,world,2022-03-13,963.9
35816,268,eth,2022-03-13,520.633
35815,261,long term,2022-03-13,387.667
35814,257,project,2022-03-13,988.433
35813,253,sanctions,2022-03-13,305.133
35812,251,russia,2022-03-13,1008.5
35811,250,term,2022-03-13,498.367
35810,239,thing,2022-03-13,1087.9
35809,233,news,2022-03-13,1097.667
35808,227,moon,2022-03-13,1122.067
35761,24,www,2022-03-13,2509.933
35762,27,https www,2022-03-13,2458.767
35802,217,question,2022-03-13,160.933
35764,45,x200b,2022-03-13,461.633
35784,114,read,2022-03-13,1686.9
35785,119,right,2022-03-13,1043.933
35786,120,trade,2022-03-13,1654.233
35787,126,longer,2022-03-13,1597.3
35789,138,quick,2022-03-13,1540.9
35790,144,pump,2022-03-13,1534.6
35791,162,smart,2022-03-13,1415.633
35792,167,business,2022-03-13,671.8
35793,168,returns,2022-03-13,1396.5
35794,174,rules,2022-03-13,1365.467
35795,186,join,2022-03-13,1279.9
35796,191,things,2022-03-13,850.6
35763,44,amp x200b,2022-03-13,461.633
35797,204,ukraine,2022-03-13,1180.033
35798,205,war,2022-03-13,466.233
35783,113,way,2022-03-13,1199.533
35782,108,sub,2022-03-13,1714.967
35788,128,ve,2022-03-13,581.433
35780,96,non,2022-03-13,1829.367
35765,50,time,2022-03-13,1591.267
35766,52,think,2022-03-13,1470.833
35781,106,comments,2022-03-13,1492.467
35768,57,ethereum,2022-03-13,984.2
35769,58,btc,2022-03-13,796.467
35770,59,bitcoin btc,2022-03-13,121.5
35771,60,profit,2022-03-13,2059.533
35772,66,share,2022-03-13,2053.367
35767,54,bitcoin,2022-03-13,2213.1
35774,71,year,2022-03-13,572.667
35775,72,wallet,2022-03-13,2016.467
35776,74,tokens,2022-03-13,833.3
35777,77,exchange,2022-03-13,311.2
35778,88,invest,2022-03-13,1843.233
35779,94,coins,2022-03-13,1361.5
35773,68,don,2022-03-13,1966.667
38690,282,project,2022-03-14,997.7
38649,81,btc,2022-03-14,799.033
38648,80,title,2022-03-14,1276.733
38647,72,wallet,2022-03-14,2159.367
38646,68,non,2022-03-14,1972.233
38645,67,invest,2022-03-14,1987.233
38693,291,years,2022-03-14,779.867
38694,292,eth,2022-03-14,529.767
38692,286,coin,2022-03-14,518.567
38691,285,projects,2022-03-14,628.733
38644,66,profit,2022-03-14,2200.233
38643,60,share,2022-03-14,2200.733
38689,276,dump,2022-03-14,1010.733
38695,294,discussion,2022-03-14,974.867
38688,270,march,2022-03-14,1021.4
38672,212,exercise,2022-03-14,318.033
38686,257,reason,2022-03-14,297.867
38642,59,money,2022-03-14,1848.733
38673,216,percentage,2022-03-14,1250.433
38674,228,page,2022-03-14,1187.233
38675,234,ukraine,2022-03-14,1179.567
38676,236,donations,2022-03-14,213.933
38677,237,nft,2022-03-14,805.967
38687,258,reddit com,2022-03-14,1063.4
38678,238,funds,2022-03-14,238.533
38680,243,age,2022-03-14,608.267
38681,244,sell,2022-03-14,294.067
38682,245,behave,2022-03-14,142.0
38683,246,news,2022-03-14,1109.0
38684,248,investors,2022-03-14,283.8
38685,251,mind,2022-03-14,129.133
38679,239,launch,2022-03-14,124.0
38641,57,way,2022-03-14,1399.367
38654,108,read,2022-03-14,1831.0
38669,186,keys,2022-03-14,1282.167
38663,149,means,2022-03-14,425.033
38662,143,coins,2022-03-14,1370.533
38661,132,comments,2022-03-14,1639.367
38660,131,information,2022-03-14,1279.567
38655,113,sort,2022-03-14,1163.667
38659,126,pump,2022-03-14,1677.0
38664,150,returns,2022-03-14,1538.7
38650,90,don,2022-03-14,1970.033
38652,94,time,2022-03-14,1591.633
38653,96,reddit,2022-03-14,1949.833
38658,120,quick,2022-03-14,1688.133
38657,117,smart,2022-03-14,1562.933
38656,114,trade,2022-03-14,1797.567
38671,210,moon,2022-03-14,1263.967
38651,93,don know,2022-03-14,156.133
38665,156,rules,2022-03-14,1509.1
38666,162,check,2022-03-14,1498.7
38667,173,thing,2022-03-14,1093.567
38639,52,capital,2022-03-14,335.9
38638,50,ethereum,2022-03-14,991.9
38637,42,use,2022-03-14,2603.3
38636,11,https www,2022-03-14,2605.833
38635,10,www,2022-03-14,2657.0
38634,8,amp,2022-03-14,2669.333
38633,7,com,2022-03-14,3429.133
38632,6,https,2022-03-14,3600.6
38631,5,market,2022-03-14,1235.3
38630,4,bitcoin,2022-03-14,2437.133
38629,3,think,2022-03-14,1485.0
38628,2,cryptocurrency,2022-03-14,3182.5
38627,1,people,2022-03-14,2334.967
38626,0,crypto,2022-03-14,4093.533
38668,184,right,2022-03-14,1049.1
38640,53,elon,2022-03-14,154.667
38670,204,effect,2022-03-14,1267.733
41608,124,comments,2022-03-15,1776.933
41580,9,com,2022-03-15,3595.067
41597,76,reddit,2022-03-15,2087.1
41596,72,wallet,2022-03-15,2320.567
41595,71,work,2022-03-15,425.7
41594,66,profit,2022-03-15,2335.2
41593,58,tokens,2022-03-15,849.367
41592,54,share,2022-03-15,2354.967
41591,53,assets,2022-03-15,590.633
41579,8,amp,2022-03-15,2818.367
41590,51,projects,2022-03-15,627.0
41587,45,don,2022-03-15,1965.267
41586,42,use,2022-03-15,2739.7
41585,35,amp x200b,2022-03-15,468.6
41584,23,users,2022-03-15,578.0
41583,17,https www,2022-03-15,2749.167
41582,11,www,2022-03-15,2800.333
41581,10,cryptocurrency,2022-03-15,3350.5
41588,46,lot,2022-03-15,749.333
41589,47,bitcoin,2022-03-15,2426.833
41609,125,join,2022-03-15,1426.533
41602,88,effect,2022-03-15,1411.867
41622,204,title,2022-03-15,1419.9
41623,207,end,2022-03-15,526.0
41624,210,information,2022-03-15,1417.9
41625,213,scams,2022-03-15,1054.0
41626,214,help,2022-03-15,448.6
41627,220,place,2022-03-15,348.633
41628,222,way,2022-03-15,1399.9
41629,228,coins,2022-03-15,1399.1
41630,231,right,2022-03-15,1084.3
41631,232,exchanges,2022-03-15,491.867
41632,234,sort,2022-03-15,1315.4
41633,240,seed,2022-03-15,1275.767
41634,252,ukraine,2022-03-15,1172.767
41635,256,exchange,2022-03-15,326.667
41636,258,march,2022-03-15,1165.367
41637,259,price,2022-03-15,936.1
41638,264,news,2022-03-15,1107.433
41639,270,thing,2022-03-15,1099.133
41640,275,want,2022-03-15,745.4
41641,286,start,2022-03-15,408.633
41642,288,fall,2022-03-15,1062.367
41621,198,keys,2022-03-15,1424.4
41601,87,longer,2022-03-15,1739.733
41620,194,access,2022-03-15,310.8
41618,180,moon,2022-03-15,1444.7
41603,89,amounts,2022-03-15,1095.8
41604,96,read,2022-03-15,1993.933
41578,5,https,2022-03-15,3763.4
41577,4,world,2022-03-15,963.867
41576,3,market,2022-03-15,1270.167
41575,2,money,2022-03-15,1907.033
41574,1,people,2022-03-15,2344.267
41573,0,crypto,2022-03-15,4268.1
41605,107,time,2022-03-15,1630.767
41606,113,worth,2022-03-15,754.2
41607,120,quick,2022-03-15,1830.6
41600,84,non,2022-03-15,2112.5
41598,78,invest,2022-03-15,2126.4
41610,126,pump,2022-03-15,1817.633
41611,144,smart,2022-03-15,1701.0
41612,146,returns,2022-03-15,1679.533
41613,156,rules,2022-03-15,1655.433
41614,162,check,2022-03-15,1636.933
41615,164,groups,2022-03-15,1002.333
41616,174,think,2022-03-15,1505.467
41617,179,things,2022-03-15,859.533
41619,186,meta,2022-03-15,1442.167
41599,82,trade,2022-03-15,1959.267
44721,185,wiki page,2022-03-16,200.433
44674,0,crypto,2022-03-16,4385.967
44701,106,want,2022-03-16,781.9
44676,2,https,2022-03-16,3710.967
44727,208,march 16,2022-03-16,185.867
44726,204,march,2022-03-16,1367.0
44725,198,meta,2022-03-16,1370.767
44724,197,blockchain,2022-03-16,628.567
44723,192,coins,2022-03-16,1412.8
44722,186,way,2022-03-16,1460.133
44729,222,information,2022-03-16,1332.033
44720,184,wiki,2022-03-16,435.533
44718,180,sort,2022-03-16,1515.833
44717,168,title,2022-03-16,1624.9
44716,162,smart,2022-03-16,1627.4
44715,155,space,2022-03-16,643.133
44714,147,moon,2022-03-16,1631.833
44713,144,longer,2022-03-16,1668.167
44719,183,page,2022-03-16,1129.2
44712,137,create,2022-03-16,247.9
44730,234,seed,2022-03-16,1203.667
44745,294,ethereum,2022-03-16,1007.0
44675,1,people,2022-03-16,2400.133
44732,237,links,2022-03-16,513.9
44733,238,attempt,2022-03-16,352.833
44734,240,ukraine,2022-03-16,1183.033
44735,242,president,2022-03-16,236.667
44736,246,discussion,2022-03-16,1157.433
44731,236,scammers,2022-03-16,1037.2
44737,247,sources,2022-03-16,992.533
44739,262,work,2022-03-16,440.9
44740,264,beginner,2022-03-16,1134.033
44741,276,thing,2022-03-16,1102.333
44742,288,russia,2022-03-16,1018.833
44743,291,world,2022-03-16,986.033
44744,292,war,2022-03-16,474.033
44738,258,news,2022-03-16,1144.267
44711,132,check,2022-03-16,1825.967
44728,210,join,2022-03-16,1358.333
44709,126,read,2022-03-16,1921.233
44690,57,don,2022-03-16,1986.467
44689,53,time,2022-03-16,1662.333
44688,50,price,2022-03-16,964.133
44687,48,bitcoin,2022-03-16,2498.467
44685,29,preview,2022-03-16,483.267
44684,28,auto,2022-03-16,517.067
44691,59,think,2022-03-16,1532.067
44683,18,cryptocurrency,2022-03-16,3303.267
44681,10,www,2022-03-16,2731.933
44680,8,amp,2022-03-16,2825.433
44679,5,com,2022-03-16,3519.267
44678,4,right,2022-03-16,1149.833
44710,130,quick,2022-03-16,1773.233
44677,3,market,2022-03-16,1353.833
44682,11,https www,2022-03-16,2680.767
44692,60,share,2022-03-16,2279.533
44686,36,use,2022-03-16,2702.1
44694,67,non,2022-03-16,2051.5
44708,125,prime,2022-03-16,276.367
44693,66,profit,2022-03-16,2262.033
44706,120,trade,2022-03-16,1933.2
44705,114,comments,2022-03-16,1962.367
44704,110,coin,2022-03-16,650.033
44703,108,money,2022-03-16,1981.433
44702,107,ve,2022-03-16,603.033
44746,295,eth,2022-03-16,559.0
44707,123,scams,2022-03-16,1284.267
44699,90,pump,2022-03-16,2019.267
44698,83,projects,2022-03-16,688.167
44697,78,invest,2022-03-16,2057.7
44696,75,token,2022-03-16,303.333
44695,72,wallet,2022-03-16,2250.833
44700,96,reddit,2022-03-16,2016.6
47736,282,years,2022-03-17,895.433
47735,276,tokens,2022-03-17,896.767
47724,202,assets,2022-03-17,584.767
47734,262,future,2022-03-17,702.9
47733,252,nfts,2022-03-17,986.733
47732,251,sure,2022-03-17,258.533
47729,234,russia,2022-03-17,1015.233
47730,246,sources,2022-03-17,994.5
47728,222,scammers,2022-03-17,1038.233
47727,209,thing,2022-03-17,1109.167
47726,204,right,2022-03-17,1150.5
47725,203,digital,2022-03-17,572.367
47737,290,eth,2022-03-17,572.367
47731,250,need,2022-03-17,593.267
47738,294,promises,2022-03-17,838.067
47661,0,crypto,2022-03-17,4394.033
47740,298,internet,2022-03-17,333.6
47723,194,world,2022-03-17,983.3
47662,1,market,2022-03-17,1380.467
47663,2,people,2022-03-17,2413.433
47664,3,https,2022-03-17,3721.667
47665,4,com,2022-03-17,3531.2
47666,5,ukraine,2022-03-17,1190.2
47739,297,work,2022-03-17,436.3
47667,9,www,2022-03-17,2736.033
47669,11,amp,2022-03-17,2826.133
47670,18,cryptocurrency,2022-03-17,3305.267
47671,20,use,2022-03-17,2708.3
47672,22,way,2022-03-17,1469.7
47673,23,cryptocurrencies,2022-03-17,477.567
47741,299,change,2022-03-17,251.767
47668,10,https www,2022-03-17,2686.067
47722,192,information,2022-03-17,1334.267
47699,98,dump,2022-03-17,935.067
47720,189,blockchain,2022-03-17,632.3
47693,87,trading,2022-03-17,679.367
47692,84,non,2022-03-17,2053.7
47721,191,access,2022-03-17,311.767
47690,76,time,2022-03-17,1673.9
47689,75,don,2022-03-17,1993.467
47674,28,amp x200b,2022-03-17,501.7
47675,29,x200b,2022-03-17,501.7
47676,40,think,2022-03-17,1544.367
47677,48,bitcoin,2022-03-17,2487.733
47694,88,prices,2022-03-17,445.033
47678,50,ethereum,2022-03-17,1011.467
47680,58,money,2022-03-17,1983.8
47681,59,project,2022-03-17,1017.3
47682,60,share,2022-03-17,2280.633
47683,61,platform,2022-03-17,794.967
47684,62,token,2022-03-17,312.2
47685,66,profit,2022-03-17,2267.067
47686,68,twitter,2022-03-17,433.133
47687,69,investment,2022-03-17,290.033
47688,72,wallet,2022-03-17,2256.3
47679,56,want,2022-03-17,780.9
47695,90,reddit,2022-03-17,2027.267
47691,78,invest,2022-03-17,2062.9
47697,96,pump,2022-03-17,2021.633
47719,186,join,2022-03-17,1360.733
47718,183,price,2022-03-17,969.867
47717,180,march,2022-03-17,1369.7
47716,171,year,2022-03-17,626.567
47715,168,returns,2022-03-17,1406.267
47696,95,solana,2022-03-17,158.6
47713,147,projects,2022-03-17,693.933
47712,144,title,2022-03-17,1628.333
47711,142,cash,2022-03-17,209.467
47710,138,moon,2022-03-17,1632.733
47714,155,lot,2022-03-17,805.467
47708,129,coins,2022-03-17,1435.833
47707,128,loss,2022-03-17,307.3
47706,126,longer,2022-03-17,1678.467
47705,120,read,2022-03-17,1926.233
47704,114,trade,2022-03-17,1932.633
47703,107,ve,2022-03-17,619.967
47702,101,pump dump,2022-03-17,389.133
47701,100,point,2022-03-17,582.8
47700,99,coin,2022-03-17,665.0
47698,97,news,2022-03-17,1145.433
47709,131,btc,2022-03-17,862.533
50545,9,amp,2022-03-18,2836.933
50544,7,com,2022-03-18,3526.167
50543,6,https,2022-03-18,3731.467
50542,5,right,2022-03-18,1217.667
50546,10,www,2022-03-18,2710.033
50540,3,money,2022-03-18,2069.333
50539,2,time,2022-03-18,1490.867
50538,1,people,2022-03-18,2373.033
50537,0,crypto,2022-03-18,4379.3
50541,4,market,2022-03-18,1375.533
50547,11,https www,2022-03-18,2660.067
50570,72,invest,2022-03-18,2078.867
50549,16,twitter,2022-03-18,455.767
50601,187,nft,2022-03-18,793.533
50600,186,join,2022-03-18,1362.333
50599,185,metaverse,2022-03-18,228.7
50598,184,technology,2022-03-18,231.367
50597,180,meta,2022-03-18,1374.8
50596,179,coins,2022-03-18,1214.633
50602,192,information,2022-03-18,1333.733
50595,177,tokens,2022-03-18,913.533
50593,164,currencies,2022-03-18,199.367
50592,162,returns,2022-03-18,1398.933
50591,144,sub,2022-03-18,1503.133
50590,138,check,2022-03-18,1625.167
50589,137,ll,2022-03-18,382.433
50588,132,smart,2022-03-18,1628.3
50594,168,march,2022-03-18,1378.2
50603,193,source,2022-03-18,200.567
50604,198,scams,2022-03-18,1284.4
50605,200,end,2022-03-18,489.667
50620,293,ways,2022-03-18,159.0
50619,288,bank,2022-03-18,372.667
50618,287,digital,2022-03-18,594.533
50617,277,thread,2022-03-18,993.467
50616,271,percentage,2022-03-18,993.833
50615,265,nfts,2022-03-18,996.633
50614,259,ethereum,2022-03-18,1024.867
50613,257,community,2022-03-18,308.267
50612,247,scammers,2022-03-18,1042.467
50548,15,ve,2022-03-18,637.5
50610,241,amounts,2022-03-18,1097.933
50609,235,news,2022-03-18,1102.7
50608,229,thing,2022-03-18,1116.467
50607,228,beginner,2022-03-18,1134.833
50606,227,russia,2022-03-18,988.1
50587,129,number,2022-03-18,254.033
50586,128,feel,2022-03-18,291.067
50611,243,wallets,2022-03-18,234.2
50584,122,ones,2022-03-18,243.567
50564,63,way,2022-03-18,1269.767
50563,60,share,2022-03-18,2282.1
50562,59,coin,2022-03-18,689.333
50561,57,don,2022-03-18,1858.267
50560,52,price,2022-03-18,772.333
50559,51,btc,2022-03-18,859.633
50558,48,bitcoin,2022-03-18,2511.533
50557,36,use,2022-03-18,2689.167
50556,35,company,2022-03-18,242.367
50554,27,x200b,2022-03-18,507.633
50553,26,amp x200b,2022-03-18,507.633
50552,20,cryptocurrencies,2022-03-18,493.867
50551,18,cryptocurrency,2022-03-18,3309.467
50550,17,twitter com,2022-03-18,152.233
50585,126,moon,2022-03-18,1639.4
50565,64,world,2022-03-18,951.533
50566,66,wallet,2022-03-18,2261.3
50555,28,token,2022-03-18,314.233
50568,70,support,2022-03-18,302.1
50583,120,quick,2022-03-18,1770.267
50567,68,launch,2022-03-18,151.767
50582,117,lot,2022-03-18,829.233
50581,113,ukraine,2022-03-18,1195.067
50579,107,project,2022-03-18,1029.967
50578,102,trade,2022-03-18,1932.6
50577,96,reddit,2022-03-18,2038.6
50580,108,read,2022-03-18,1923.367
50575,83,need,2022-03-18,606.4
50569,71,coinbase,2022-03-18,272.567
50574,81,want,2022-03-18,790.733
50573,78,profit,2022-03-18,2071.5
50572,77,projects,2022-03-18,711.8
50571,76,think,2022-03-18,1477.9
50576,90,non,2022-03-18,2059.067
53489,108,comments,2022-03-19,1962.833
53488,102,reddit,2022-03-19,2025.1
53487,90,pump,2022-03-19,2042.867
53481,72,profit,2022-03-19,2075.7
53484,79,price,2022-03-19,743.333
53485,84,non,2022-03-19,2058.6
53483,78,invest,2022-03-19,2074.533
53490,114,trade,2022-03-19,1934.933
53482,76,project,2022-03-19,1032.1
53486,89,sub,2022-03-19,1489.2
53491,117,trading,2022-03-19,687.433
53498,182,rate,2022-03-19,262.933
53493,126,check,2022-03-19,1612.6
53494,142,research,2022-03-19,147.167
53495,153,mention,2022-03-19,61.967
53496,160,look,2022-03-19,599.7
53497,180,ukraine,2022-03-19,1170.033
53499,186,thing,2022-03-19,1111.3
53500,191,want,2022-03-19,757.567
53501,192,news,2022-03-19,1071.7
53502,194,fiat,2022-03-19,173.067
53480,69,game,2022-03-19,253.367
53503,198,fall,2022-03-19,1064.233
53492,125,term,2022-03-19,516.933
53479,68,right,2022-03-19,1206.8
53456,4,year,2022-03-19,616.467
53477,60,share,2022-03-19,2281.933
53504,202,didn,2022-03-19,162.433
53464,17,https www,2022-03-19,2499.6
53463,16,www,2022-03-19,2548.467
53462,11,think,2022-03-19,1442.767
53461,10,time,2022-03-19,1456.067
53460,8,amp,2022-03-19,2675.067
53459,7,com,2022-03-19,3360.167
53458,6,https,2022-03-19,3559.833
53457,5,money,2022-03-19,2041.367
53455,3,bitcoin,2022-03-19,2324.667
53454,2,market,2022-03-19,1358.4
53478,66,wallet,2022-03-19,2098.5
53453,1,people,2022-03-19,2374.7
53465,18,cryptocurrency,2022-03-19,3295.8
53466,20,coins,2022-03-19,1221.4
53467,21,day,2022-03-19,558.9
53468,22,future,2022-03-19,513.933
53469,23,use,2022-03-19,2681.6
53470,25,don,2022-03-19,1699.567
53471,32,amp x200b,2022-03-19,355.3
53472,33,x200b,2022-03-19,355.3
53473,56,ethereum,2022-03-19,1033.833
53474,57,march,2022-03-19,1378.967
53476,59,btc,2022-03-19,881.433
53452,0,crypto,2022-03-19,4122.533
53505,203,hit,2022-03-19,158.3
53475,58,way,2022-03-19,1242.733
53525,264,platform,2022-03-19,786.567
53526,270,worth,2022-03-19,781.9
53507,208,solana,2022-03-19,167.667
53524,262,attention,2022-03-19,68.0
53523,258,lot,2022-03-19,807.7
53522,257,fact,2022-03-19,266.667
53521,256,ecosystem,2022-03-19,278.567
53520,255,space,2022-03-19,639.3
53519,252,nft,2022-03-19,809.267
53518,246,things,2022-03-19,865.467
53517,245,pay,2022-03-19,264.067
53516,240,years,2022-03-19,872.533
53515,235,eth,2022-03-19,574.867
53514,228,world,2022-03-19,962.033
53513,222,russia,2022-03-19,990.667
53512,220,options,2022-03-19,123.467
53511,219,blockchain,2022-03-19,639.1
53510,216,thread,2022-03-19,995.333
53509,213,ve,2022-03-19,634.267
53508,209,stock,2022-03-19,133.533
53527,288,projects,2022-03-19,712.933
53528,290,help,2022-03-19,423.3
53506,207,cardano,2022-03-19,250.567
56341,46,price,2022-03-20,777.333
56355,112,value,2022-03-20,459.933
56354,108,trade,2022-03-20,1704.267
56329,9,com,2022-03-20,3116.833
56361,126,longer,2022-03-20,1454.467
56362,128,end,2022-03-20,497.167
56363,129,months,2022-03-20,370.833
56364,136,question,2022-03-20,174.5
56365,144,march,2022-03-20,1386.133
56366,150,check,2022-03-20,1384.8
56367,152,community,2022-03-20,328.567
56368,165,want,2022-03-20,777.7
56369,168,sub,2022-03-20,1257.2
56370,172,lot,2022-03-20,828.633
56371,176,coin,2022-03-20,688.133
56372,186,ukraine,2022-03-20,1174.167
56373,189,projects,2022-03-20,714.433
56374,192,meta,2022-03-20,1159.267
56356,113,investors,2022-03-20,274.9
56375,195,nft,2022-03-20,828.633
56357,117,think,2022-03-20,1448.567
56359,119,space,2022-03-20,636.767
56330,10,www,2022-03-20,2303.4
56331,11,https www,2022-03-20,2254.533
56332,14,reddit,2022-03-20,1811.267
56333,24,use,2022-03-20,2463.467
56334,29,money,2022-03-20,2088.2
56335,33,time,2022-03-20,1450.4
56336,34,amp x200b,2022-03-20,358.833
56337,35,x200b,2022-03-20,358.833
56338,39,don,2022-03-20,1699.933
56339,41,look,2022-03-20,630.4
56353,102,comments,2022-03-20,1734.667
56327,6,https,2022-03-20,3319.267
56326,5,bitcoin,2022-03-20,2366.033
56340,44,digital,2022-03-20,662.667
56322,1,people,2022-03-20,2414.6
56321,0,crypto,2022-03-20,4181.267
56360,120,read,2022-03-20,1677.067
56358,118,way,2022-03-20,1261.967
56376,196,idea,2022-03-20,317.4
56328,7,amp,2022-03-20,2450.067
56378,198,news,2022-03-20,1075.167
56349,84,profit,2022-03-20,1843.533
56350,86,help,2022-03-20,420.833
56388,240,nfts,2022-03-20,982.6
56398,285,welcome,2022-03-20,805.2
56397,284,online,2022-03-20,166.033
56396,283,scam,2022-03-20,638.367
56351,90,non,2022-03-20,1832.133
56395,282,scammers,2022-03-20,811.967
56394,275,lot people,2022-03-20,118.867
56377,197,group,2022-03-20,150.5
56393,264,btc,2022-03-20,890.533
56392,262,exchanges,2022-03-20,539.7
56391,258,tokens,2022-03-20,903.033
56390,252,years,2022-03-20,907.167
56387,237,asset,2022-03-20,398.233
56348,81,rest,2022-03-20,137.067
56347,78,wallet,2022-03-20,1850.933
56399,291,worth,2022-03-20,789.0
56346,72,invest,2022-03-20,1860.7
56379,204,project,2022-03-20,1048.233
56380,210,ethereum,2022-03-20,1027.333
56381,213,eth,2022-03-20,574.167
56382,216,world,2022-03-20,1008.933
56383,222,thread,2022-03-20,999.8
56384,223,post,2022-03-20,341.033
56385,228,reddit com,2022-03-20,996.5
56386,234,russia,2022-03-20,993.367
56342,47,source,2022-03-20,204.1
56389,246,discussion,2022-03-20,926.933
56343,65,right,2022-03-20,1216.4
56344,66,share,2022-03-20,2051.1
56345,71,coins,2022-03-20,1225.867
56325,4,cryptocurrency,2022-03-20,3071.433
56324,3,cryptocurrencies,2022-03-20,499.5
56323,2,market,2022-03-20,1383.167
56352,92,investment,2022-03-20,300.267
59312,3,money,2022-03-21,2080.367
59310,1,people,2022-03-21,2381.4
59309,0,crypto,2022-03-21,4222.333
59314,5,future,2022-03-21,526.233
59315,6,https,2022-03-21,3371.867
59316,7,com,2022-03-21,3168.2
59317,9,amp,2022-03-21,2498.567
59311,2,time,2022-03-21,1413.033
59313,4,world,2022-03-21,1085.8
59322,16,blockchain,2022-03-21,737.6
59319,11,https www,2022-03-21,2245.533
59345,83,lrc,2022-03-21,106.7
59346,84,invest,2022-03-21,1858.567
59347,87,wallet,2022-03-21,1830.833
59348,94,goal,2022-03-21,72.0
59344,78,reddit,2022-03-21,1876.933
59342,76,exchange,2022-03-21,305.233
59341,75,day,2022-03-21,561.6
59340,74,coins,2022-03-21,1199.033
59339,73,market,2022-03-21,1413.333
59338,72,non,2022-03-21,1899.3
59337,69,earn,2022-03-21,191.133
59336,68,binance,2022-03-21,304.9
59335,67,year,2022-03-21,618.033
59334,66,share,2022-03-21,2042.5
59333,65,help,2022-03-21,420.6
59332,59,means,2022-03-21,421.067
59331,58,need,2022-03-21,553.233
59330,57,ve,2022-03-21,619.867
59329,54,use,2022-03-21,2184.433
59328,41,adoption,2022-03-21,404.633
59327,38,btc,2022-03-21,913.133
59326,36,bitcoin,2022-03-21,2360.467
59325,35,ethereum,2022-03-21,1019.3
59324,33,don,2022-03-21,1675.0
59323,17,analysis,2022-03-21,643.0
59321,15,years,2022-03-21,1000.467
59320,12,cryptocurrency,2022-03-21,3223.833
59318,10,www,2022-03-21,2294.4
59343,77,dyor,2022-03-21,133.9
59356,118,technology,2022-03-21,343.567
59350,100,token,2022-03-21,312.5
59370,174,ukraine,2022-03-21,1170.867
59369,167,want,2022-03-21,727.7
59368,162,right,2022-03-21,1220.767
59367,158,industry,2022-03-21,180.467
59366,156,way,2022-03-21,1222.867
59365,155,lot,2022-03-21,785.533
59364,150,information,2022-03-21,1332.6
59352,111,ways,2022-03-21,153.667
59353,114,smart,2022-03-21,1488.8
59354,116,think,2022-03-21,1445.867
59355,117,things,2022-03-21,854.0
59357,119,thoughts,2022-03-21,247.967
59358,124,person,2022-03-21,268.233
59349,96,comments,2022-03-21,1728.467
59393,288,percentage,2022-03-21,760.067
59394,290,currency,2022-03-21,280.3
59359,137,reading,2022-03-21,118.8
59360,138,march,2022-03-21,1387.967
59361,139,xrp,2022-03-21,82.367
59371,179,russia,2022-03-21,978.367
59372,180,project,2022-03-21,1113.633
59373,186,thing,2022-03-21,1091.8
59374,189,answer,2022-03-21,132.833
59351,108,sort,2022-03-21,1516.067
59392,282,price,2022-03-21,762.033
59391,276,markets,2022-03-21,781.567
59390,269,liquidity,2022-03-21,83.467
59389,266,asset,2022-03-21,393.5
59388,264,platform,2022-03-21,785.867
59387,262,cost,2022-03-21,62.467
59386,261,days,2022-03-21,373.267
59362,143,eth,2022-03-21,572.5
59385,258,worth,2022-03-21,789.967
59383,238,sol,2022-03-21,65.933
59382,237,luna,2022-03-21,107.167
59381,229,cryptocurrencies,2022-03-21,507.2
59380,227,nft,2022-03-21,820.4
59379,222,nfts,2022-03-21,979.833
59378,212,ape,2022-03-21,81.867
59377,204,scams,2022-03-21,1051.967
59376,201,foundation,2022-03-21,65.867
59375,198,news,2022-03-21,1070.2
59384,252,scammers,2022-03-21,815.367
59363,144,title,2022-03-21,1337.967
62329,260,provide,2022-03-22,300.9
62298,119,post,2022-03-22,298.5
62327,252,news,2022-03-22,879.5
62299,128,sell,2022-03-22,343.467
62300,129,investors,2022-03-22,267.733
62301,138,smart,2022-03-22,1486.833
62302,139,polygon,2022-03-22,92.333
62303,143,ethereum,2022-03-22,1022.867
62304,144,march,2022-03-22,1392.133
62305,149,eth,2022-03-22,550.333
62306,155,crypto market,2022-03-22,115.367
62307,156,join,2022-03-22,1360.467
62308,160,markets,2022-03-22,777.333
62309,161,trading,2022-03-22,682.2
62310,164,bit,2022-03-22,119.5
62311,173,coin,2022-03-22,617.467
62328,259,help,2022-03-22,412.833
62312,179,fact,2022-03-22,238.2
62314,181,price,2022-03-22,644.267
62315,186,returns,2022-03-22,1157.4
62316,198,coins,2022-03-22,1139.333
62317,207,platform,2022-03-22,775.667
62318,208,lot,2022-03-22,772.167
62319,216,project,2022-03-22,1071.367
62320,228,thing,2022-03-22,1015.533
62321,229,offers,2022-03-22,184.033
62322,233,value,2022-03-22,414.4
62323,234,sources,2022-03-22,999.7
62324,240,nfts,2022-03-22,975.867
62325,246,years,2022-03-22,925.033
62326,249,state,2022-03-22,128.133
62313,180,right,2022-03-22,1188.167
62330,264,russia,2022-03-22,856.533
62266,22,projects,2022-03-22,667.167
62332,276,nft,2022-03-22,818.333
62274,60,share,2022-03-22,2041.633
62273,58,think,2022-03-22,1294.833
62272,52,money,2022-03-22,1951.9
62271,50,way,2022-03-22,1096.533
62270,32,btc,2022-03-22,770.833
62269,29,x200b,2022-03-22,328.367
62268,28,amp x200b,2022-03-22,328.367
62267,23,cryptocurrencies,2022-03-22,508.633
62265,18,cryptocurrency,2022-03-22,3159.2
62264,17,amp,2022-03-22,2491.3
62263,9,https www,2022-03-22,2161.6
62262,8,www,2022-03-22,2206.733
62261,7,com,2022-03-22,3252.567
62260,5,use,2022-03-22,2105.133
62259,4,https,2022-03-22,3282.967
62258,3,market,2022-03-22,1371.967
62257,2,people,2022-03-22,2138.167
62256,1,bitcoin,2022-03-22,2294.033
62255,0,crypto,2022-03-22,4124.533
62275,64,rules,2022-03-22,1116.0
62331,270,things,2022-03-22,833.067
62276,72,non,2022-03-22,1899.033
62278,75,don,2022-03-22,1593.567
62297,118,need,2022-03-22,556.4
62295,114,read,2022-03-22,1664.633
62294,108,trade,2022-03-22,1686.6
62293,102,comments,2022-03-22,1709.033
62292,101,want,2022-03-22,647.6
62291,100,time,2022-03-22,1192.3
62290,96,wallet,2022-03-22,1821.8
62289,92,ll,2022-03-22,362.1
62277,73,tokens,2022-03-22,876.267
62288,91,ve,2022-03-22,605.467
62286,89,data,2022-03-22,207.367
62285,84,reddit,2022-03-22,1850.8
62284,83,doesn,2022-03-22,316.867
62283,82,scam,2022-03-22,608.4
62282,81,information,2022-03-22,1326.5
62281,78,invest,2022-03-22,1851.433
62280,77,sort,2022-03-22,1518.167
62279,76,quick,2022-03-22,1552.7
62287,90,profit,2022-03-22,1840.1
62296,117,world,2022-03-22,1149.3
65284,178,right,2022-03-23,1196.267
65283,172,sub,2022-03-23,1255.233
65281,166,think,2022-03-23,1290.333
65265,96,wallet,2022-03-23,1822.533
65264,95,worth,2022-03-23,678.767
65263,94,projects,2022-03-23,683.033
65262,90,profit,2022-03-23,1848.633
65260,83,blockchain,2022-03-23,742.033
65259,80,march,2022-03-23,1383.9
65258,78,reddit,2022-03-23,1862.3
65266,102,trade,2022-03-23,1688.267
65257,77,lot,2022-03-23,778.2
65255,74,need,2022-03-23,587.167
65254,70,create,2022-03-23,193.3
65253,69,cryptocurrencies,2022-03-23,537.067
65252,66,non,2022-03-23,1916.533
65251,65,value,2022-03-23,424.2
65250,62,want,2022-03-23,658.133
65249,60,share,2022-03-23,2048.367
65256,76,don,2022-03-23,1599.133
65248,54,use,2022-03-23,2106.667
65267,108,read,2022-03-23,1667.033
65303,256,tokens,2022-03-23,855.167
65282,170,world,2022-03-23,1117.467
65269,126,sort,2022-03-23,1520.5
65270,128,hate,2022-03-23,122.033
65271,132,smart,2022-03-23,1490.7
65272,137,ethereum,2022-03-23,1027.967
65273,138,moon,2022-03-23,1391.967
65274,143,term,2022-03-23,499.733
65268,120,quick,2022-03-23,1555.433
65275,145,token,2022-03-23,289.533
65310,296,buying,2022-03-23,512.067
65309,295,times,2022-03-23,689.233
65308,292,resources,2022-03-23,753.967
65307,286,platform,2022-03-23,760.267
65306,278,price,2022-03-23,639.3
65305,268,markets,2022-03-23,783.1
65304,262,things,2022-03-23,836.233
65276,156,join,2022-03-23,1361.233
65247,53,way,2022-03-23,1115.367
65261,84,invest,2022-03-23,1856.467
65245,29,preview,2022-03-23,376.033
65296,217,nfts,2022-03-23,921.067
65294,206,work,2022-03-23,410.433
65293,202,rules,2022-03-23,1129.533
65292,198,ve,2022-03-23,610.9
65291,196,coins,2022-03-23,1147.733
65290,195,media,2022-03-23,140.1
65289,194,switch,2022-03-23,138.2
65297,220,project,2022-03-23,1071.0
65246,32,btc,2022-03-23,782.833
65279,159,usdt,2022-03-23,95.967
65278,158,stuff,2022-03-23,100.667
65277,157,earn,2022-03-23,134.5
65285,182,sure,2022-03-23,326.667
65286,190,meta,2022-03-23,1160.9
65287,192,future,2022-03-23,386.967
65288,193,metaverse,2022-03-23,182.567
65280,160,information,2022-03-23,1330.5
65298,228,fund,2022-03-23,220.1
65295,207,services,2022-03-23,384.433
65300,237,years,2022-03-23,945.133
65244,28,auto,2022-03-23,399.9
65243,27,help,2022-03-23,422.867
65242,20,bitcoin,2022-03-23,2317.1
65241,11,https www,2022-03-23,2171.8
65240,10,www,2022-03-23,2172.233
65239,9,amp,2022-03-23,2478.033
65238,7,com,2022-03-23,3225.133
65237,6,https,2022-03-23,3263.8
65299,232,ukraine,2022-03-23,1023.233
65236,5,cryptocurrency,2022-03-23,3169.533
65235,4,money,2022-03-23,1904.367
65301,250,news,2022-03-23,859.967
65302,255,defi,2022-03-23,256.0
65234,3,time,2022-03-23,1174.3
65233,2,market,2022-03-23,1380.233
65231,0,crypto,2022-03-23,4094.167
65232,1,people,2022-03-23,2133.333
68221,185,things,2022-03-24,917.467
68226,198,way,2022-03-24,1111.167
68227,206,nft,2022-03-24,737.867
68219,174,right,2022-03-24,1195.567
68163,2,people,2022-03-24,2201.633
68224,192,page,2022-03-24,1113.333
68223,191,ve,2022-03-24,612.767
68222,186,coins,2022-03-24,1154.7
68220,180,world,2022-03-24,1179.567
68228,216,thing,2022-03-24,1022.767
68243,275,isn,2022-03-24,257.533
68230,222,ukraine,2022-03-24,1015.033
68218,168,rules,2022-03-24,1206.833
68246,287,website,2022-03-24,118.6
68245,279,dollars,2022-03-24,120.233
68244,276,lot,2022-03-24,787.167
68242,274,fact,2022-03-24,260.133
68241,270,btc,2022-03-24,791.067
68240,264,want,2022-03-24,806.0
68229,221,nfts,2022-03-24,918.9
68239,261,team,2022-03-24,152.6
68237,259,investors,2022-03-24,279.3
68236,258,tokens,2022-03-24,855.333
68235,228,seed,2022-03-24,958.733
68234,226,set,2022-03-24,113.6
68233,225,job,2022-03-24,160.333
68232,224,work,2022-03-24,417.867
68231,223,help,2022-03-24,423.4
68238,260,rewards,2022-03-24,188.2
68217,167,need,2022-03-24,593.533
68164,3,time,2022-03-24,1264.5
68215,158,start,2022-03-24,351.533
68186,64,trading,2022-03-24,685.9
68187,65,price,2022-03-24,636.367
68188,66,pump,2022-03-24,2027.267
68189,71,check,2022-03-24,1363.6
68190,77,projects,2022-03-24,673.8
68191,78,reddit,2022-03-24,1863.833
68192,82,market,2022-03-24,1383.3
68193,84,invest,2022-03-24,1852.467
68194,86,think,2022-03-24,1284.033
68195,87,blockchain,2022-03-24,744.633
68196,89,adoption,2022-03-24,501.467
68197,94,year,2022-03-24,507.6
68198,102,comments,2022-03-24,1711.833
68216,161,solana,2022-03-24,156.067
68200,106,example,2022-03-24,303.467
68201,108,read,2022-03-24,1667.467
68202,110,network,2022-03-24,285.667
68203,114,smart,2022-03-24,1494.567
68204,120,moon,2022-03-24,1466.6
68185,60,share,2022-03-24,2047.867
68205,122,don know,2022-03-24,255.967
68184,59,wallet,2022-03-24,1830.767
68182,41,use,2022-03-24,2105.3
68165,4,https,2022-03-24,3267.4
68166,5,bitcoin,2022-03-24,2236.967
68167,7,com,2022-03-24,3233.8
68168,9,www,2022-03-24,2178.6
68169,10,https www,2022-03-24,2178.167
68170,11,join,2022-03-24,1440.933
68171,16,years,2022-03-24,956.9
68172,18,cryptocurrency,2022-03-24,3172.567
68173,21,cryptocurrencies,2022-03-24,546.333
68174,24,amp,2022-03-24,2475.867
68162,1,money,2022-03-24,1920.467
68161,0,crypto,2022-03-24,4177.2
68175,26,auto,2022-03-24,401.933
68176,27,preview,2022-03-24,378.067
68177,28,format,2022-03-24,374.633
68178,29,amp auto,2022-03-24,373.067
68179,33,ethereum,2022-03-24,1031.933
68180,38,don,2022-03-24,1784.1
68181,40,idea,2022-03-24,251.767
68183,47,news,2022-03-24,865.7
68206,126,longer,2022-03-24,1460.067
68199,105,provide,2022-03-24,307.433
68225,196,platform,2022-03-24,763.467
68207,128,buying,2022-03-24,513.267
68209,130,hold,2022-03-24,396.167
68210,136,play,2022-03-24,145.533
68211,150,information,2022-03-24,1332.067
68212,151,project,2022-03-24,1066.133
68208,129,asset,2022-03-24,399.0
68214,155,technology,2022-03-24,313.233
68213,154,future,2022-03-24,384.433
71087,204,thing,2022-03-25,1022.233
71042,28,day,2022-03-25,564.033
71086,203,support,2022-03-25,286.467
71111,282,want,2022-03-25,802.233
71043,29,provide,2022-03-25,388.033
71088,207,pay,2022-03-25,274.3
71089,208,isn,2022-03-25,273.267
71095,228,meta,2022-03-25,947.733
71096,230,digital,2022-03-25,672.467
71097,231,asset,2022-03-25,396.9
71098,232,digital asset,2022-03-25,211.833
71099,233,metaverse,2022-03-25,159.933
71100,234,returns,2022-03-25,936.5
71110,279,energy,2022-03-25,100.4
71105,252,amounts,2022-03-25,890.633
71108,269,months,2022-03-25,345.4
71107,268,need,2022-03-25,599.7
71106,264,news,2022-03-25,867.667
71044,30,bitcoin,2022-03-25,2289.933
71104,246,things,2022-03-25,914.067
71103,243,pull,2022-03-25,118.6
71090,209,person,2022-03-25,271.367
71091,210,rules,2022-03-25,1007.467
71092,213,bank,2022-03-25,359.5
71093,216,years,2022-03-25,990.7
71041,24,amp,2022-03-25,2307.6
71040,23,money,2022-03-25,1969.767
71039,17,https www,2022-03-25,1964.7
71038,16,www,2022-03-25,1965.133
71109,270,tokens,2022-03-25,856.4
71057,76,market,2022-03-25,1395.0
71058,77,coins,2022-03-25,1175.233
71085,201,crypto com,2022-03-25,236.8
71064,99,help,2022-03-25,432.633
71063,98,btc,2022-03-25,797.7
71062,96,wallet,2022-03-25,1619.167
71061,90,profit,2022-03-25,1632.667
71060,84,invest,2022-03-25,1635.0
71059,78,reddit,2022-03-25,1675.033
71047,34,russia,2022-03-25,853.367
71065,100,fees,2022-03-25,243.0
71048,35,ve,2022-03-25,658.067
71050,40,right,2022-03-25,1207.8
71051,41,use,2022-03-25,1933.333
71052,44,don,2022-03-25,1888.3
71053,46,account,2022-03-25,293.367
71054,66,non,2022-03-25,1919.8
71055,67,token,2022-03-25,290.833
71056,71,think,2022-03-25,1335.533
71049,36,people,2022-03-25,2259.433
71066,102,trade,2022-03-25,1535.467
71067,103,trading,2022-03-25,746.633
71068,108,comments,2022-03-25,1507.6
71084,198,ukraine,2022-03-25,1022.7
71094,222,reddit com,2022-03-25,989.0
71083,195,banks,2022-03-25,265.2
71082,192,sub,2022-03-25,1047.3
71081,186,project,2022-03-25,1068.767
71080,185,means,2022-03-25,558.1
71079,183,blockchain,2022-03-25,742.333
71078,182,lot,2022-03-25,879.1
71077,172,exchange,2022-03-25,310.8
71076,162,world,2022-03-25,1179.033
71075,159,coinbase,2022-03-25,265.633
71074,156,information,2022-03-25,1179.833
71073,147,platform,2022-03-25,780.7
71072,144,smart,2022-03-25,1287.7
71071,126,march,2022-03-25,1383.733
71070,118,article,2022-03-25,95.667
71069,114,read,2022-03-25,1463.733
71046,33,ethereum,2022-03-25,1073.067
71045,31,gas,2022-03-25,106.133
71102,242,rug,2022-03-25,215.867
71036,4,way,2022-03-25,1130.867
71115,295,dao,2022-03-25,99.2
71114,294,governance,2022-03-25,782.7
71113,289,eth,2022-03-25,545.667
71112,286,thanks,2022-03-25,177.767
71037,5,time,2022-03-25,1305.7
71032,0,crypto,2022-03-25,4228.7
71033,1,https,2022-03-25,3093.4
71034,2,com,2022-03-25,3041.833
71035,3,cryptocurrency,2022-03-25,2975.267
71101,240,nfts,2022-03-25,919.167
73961,45,www,2022-03-26,2053.867
73962,46,use,2022-03-26,2008.5
73963,69,tell,2022-03-26,238.033
73964,72,share,2022-03-26,1923.167
73965,78,pump,2022-03-26,1900.433
73966,81,invest,2022-03-26,1717.9
73968,108,comments,2022-03-26,1594.167
73969,112,march,2022-03-26,1471.9
73970,132,think,2022-03-26,1448.767
73960,42,https www,2022-03-26,2053.867
73971,138,market,2022-03-26,1356.333
73972,141,time,2022-03-26,1280.933
73967,102,trade,2022-03-26,1623.067
73959,41,ve,2022-03-26,781.367
73954,33,don,2022-03-26,1949.767
73957,36,bitcoin,2022-03-26,2241.4
73956,35,quick,2022-03-26,1551.267
73955,34,wallet,2022-03-26,1699.267
73973,144,longer,2022-03-26,1333.0
73953,32,money,2022-03-26,1993.067
73952,23,price,2022-03-26,749.967
73951,15,read,2022-03-26,1555.133
73950,10,profit,2022-03-26,1838.733
73949,5,people,2022-03-26,2347.4
73948,4,amp,2022-03-26,2387.6
73947,3,https,2022-03-26,3091.633
73946,2,cryptocurrency,2022-03-26,3154.167
73945,1,com,2022-03-26,3043.867
73944,0,crypto,2022-03-26,4164.7
73958,40,years,2022-03-26,1109.367
73974,155,pull,2022-03-26,120.533
73979,176,thanks,2022-03-26,174.533
73976,162,sub,2022-03-26,1250.4
73996,246,beginner,2022-03-26,1007.533
73995,240,dump,2022-03-26,1017.133
73994,237,ukraine,2022-03-26,955.133
73993,234,ethereum,2022-03-26,1061.0
73992,232,nft project,2022-03-26,60.2
73991,231,twitter,2022-03-26,294.9
73997,253,war,2022-03-26,287.767
73998,256,launches,2022-03-26,79.033
73999,257,ukraine launches,2022-03-26,58.167
74000,258,sources,2022-03-26,871.667
74002,270,cross,2022-03-26,813.0
74003,276,want,2022-03-26,785.533
74004,288,btc,2022-03-26,771.867
74005,291,trading,2022-03-26,744.433
74006,292,eth,2022-03-26,537.333
74007,293,link,2022-03-26,128.4
73990,230,nft,2022-03-26,728.8
73989,228,project,2022-03-26,1067.333
73988,222,rules,2022-03-26,1098.333
73987,216,title,2022-03-26,1100.0
73986,204,world,2022-03-26,1130.167
73985,198,scams,2022-03-26,1139.333
73984,197,afford,2022-03-26,545.267
73983,192,discussion,2022-03-26,1140.667
73982,187,watch,2022-03-26,220.833
73981,186,right,2022-03-26,1155.133
73980,180,way,2022-03-26,1155.7
73978,174,coins,2022-03-26,1174.867
73977,168,check,2022-03-26,1226.9
73975,156,information,2022-03-26,1266.367
74001,264,resources,2022-03-26,844.167
